[main] INFO  Main [] - Remote spark cluster not found!!! Using standalone
[main] WARN  org.apache.spark.util.Utils [] - Your hostname, Subrat-Devnath resolves to a loopback address: 127.0.1.1; using 192.168.1.41 instead (on interface wlp0s20f3)
[main] WARN  org.apache.spark.util.Utils [] - Set SPARK_LOCAL_IP if you need to bind to another address
[main] INFO  org.apache.spark.SparkContext [] - Running Spark version 3.5.0
[main] INFO  org.apache.spark.SparkContext [] - OS info Linux, 6.8.0-138-generic, amd64
[main] INFO  org.apache.spark.SparkContext [] - Java version 17.0.20
[main] WARN  org.apache.hadoop.util.NativeCodeLoader [] - Unable to load native-hadoop library for your platform... using builtin-java classes where applicable
[main] INFO  org.apache.spark.resource.ResourceUtils [] - ==============================================================
[main] INFO  org.apache.spark.resource.ResourceUtils [] - No custom resources configured for spark.driver.
[main] INFO  org.apache.spark.resource.ResourceUtils [] - ==============================================================
[main] INFO  org.apache.spark.SparkContext [] - Submitted application: c7ece967-9a77-4b44-8049-6f6694b1a14c
[main] INFO  org.apache.spark.resource.ResourceProfile [] - Default ResourceProfile created, executor resources: Map(cores -> name: cores, amount: 1, script: , vendor: , memory -> name: memory, amount: 1024, script: , vendor: , offHeap -> name: offHeap, amount: 0, script: , vendor: ), task resources: Map(cpus -> name: cpus, amount: 1.0)
[main] INFO  org.apache.spark.resource.ResourceProfile [] - Limiting resource is cpu
[main] INFO  org.apache.spark.resource.ResourceProfileManager [] - Added ResourceProfile id: 0
[main] INFO  org.apache.spark.SecurityManager [] - Changing view acls to: subratd
[main] INFO  org.apache.spark.SecurityManager [] - Changing modify acls to: subratd
[main] INFO  org.apache.spark.SecurityManager [] - Changing view acls groups to: 
[main] INFO  org.apache.spark.SecurityManager [] - Changing modify acls groups to: 
[main] INFO  org.apache.spark.SecurityManager [] - SecurityManager: authentication disabled; ui acls disabled; users with view permissions: subratd; groups with view permissions: EMPTY; users with modify permissions: subratd; groups with modify permissions: EMPTY
[main] INFO  org.apache.spark.util.Utils [] - Successfully started service 'sparkDriver' on port 43801.
[main] INFO  org.apache.spark.SparkEnv [] - Registering MapOutputTracker
[main] INFO  org.apache.spark.SparkEnv [] - Registering BlockManagerMaster
[main] INFO  org.apache.spark.storage.BlockManagerMasterEndpoint [] - Using org.apache.spark.storage.DefaultTopologyMapper for getting topology information
[main] INFO  org.apache.spark.storage.BlockManagerMasterEndpoint [] - BlockManagerMasterEndpoint up
[main] INFO  Main [] - Remote spark cluster not found!!! Using standalone
[main] WARN  org.apache.spark.util.Utils [] - Your hostname, Subrat-Devnath resolves to a loopback address: 127.0.1.1; using 192.168.1.41 instead (on interface wlp0s20f3)
[main] WARN  org.apache.spark.util.Utils [] - Set SPARK_LOCAL_IP if you need to bind to another address
[main] INFO  org.apache.spark.SparkContext [] - Running Spark version 3.5.0
[main] INFO  org.apache.spark.SparkContext [] - OS info Linux, 6.8.0-138-generic, amd64
[main] INFO  org.apache.spark.SparkContext [] - Java version 17.0.20
[main] WARN  org.apache.hadoop.util.NativeCodeLoader [] - Unable to load native-hadoop library for your platform... using builtin-java classes where applicable
[main] INFO  org.apache.spark.resource.ResourceUtils [] - ==============================================================
[main] INFO  org.apache.spark.resource.ResourceUtils [] - No custom resources configured for spark.driver.
[main] INFO  org.apache.spark.resource.ResourceUtils [] - ==============================================================
[main] INFO  org.apache.spark.SparkContext [] - Submitted application: d8c345c5-38c7-4235-aaac-15487e105b46
[main] INFO  org.apache.spark.resource.ResourceProfile [] - Default ResourceProfile created, executor resources: Map(cores -> name: cores, amount: 1, script: , vendor: , memory -> name: memory, amount: 1024, script: , vendor: , offHeap -> name: offHeap, amount: 0, script: , vendor: ), task resources: Map(cpus -> name: cpus, amount: 1.0)
[main] INFO  org.apache.spark.resource.ResourceProfile [] - Limiting resource is cpu
[main] INFO  org.apache.spark.resource.ResourceProfileManager [] - Added ResourceProfile id: 0
[main] INFO  org.apache.spark.SecurityManager [] - Changing view acls to: subratd
[main] INFO  org.apache.spark.SecurityManager [] - Changing modify acls to: subratd
[main] INFO  org.apache.spark.SecurityManager [] - Changing view acls groups to: 
[main] INFO  org.apache.spark.SecurityManager [] - Changing modify acls groups to: 
[main] INFO  org.apache.spark.SecurityManager [] - SecurityManager: authentication disabled; ui acls disabled; users with view permissions: subratd; groups with view permissions: EMPTY; users with modify permissions: subratd; groups with modify permissions: EMPTY
[main] INFO  org.apache.spark.util.Utils [] - Successfully started service 'sparkDriver' on port 39787.
[main] INFO  org.apache.spark.SparkEnv [] - Registering MapOutputTracker
[main] INFO  org.apache.spark.SparkEnv [] - Registering BlockManagerMaster
[main] INFO  org.apache.spark.storage.BlockManagerMasterEndpoint [] - Using org.apache.spark.storage.DefaultTopologyMapper for getting topology information
[main] INFO  org.apache.spark.storage.BlockManagerMasterEndpoint [] - BlockManagerMasterEndpoint up
[main] INFO  Main [] - Remote spark cluster not found!!! Using standalone
[main] WARN  org.apache.spark.util.Utils [] - Your hostname, Subrat-Devnath resolves to a loopback address: 127.0.1.1; using 192.168.1.41 instead (on interface wlp0s20f3)
[main] WARN  org.apache.spark.util.Utils [] - Set SPARK_LOCAL_IP if you need to bind to another address
[main] INFO  org.apache.spark.SparkContext [] - Running Spark version 3.5.0
[main] INFO  org.apache.spark.SparkContext [] - OS info Linux, 6.8.0-138-generic, amd64
[main] INFO  org.apache.spark.SparkContext [] - Java version 17.0.20
[main] WARN  org.apache.hadoop.util.NativeCodeLoader [] - Unable to load native-hadoop library for your platform... using builtin-java classes where applicable
[main] INFO  org.apache.spark.resource.ResourceUtils [] - ==============================================================
[main] INFO  org.apache.spark.resource.ResourceUtils [] - No custom resources configured for spark.driver.
[main] INFO  org.apache.spark.resource.ResourceUtils [] - ==============================================================
[main] INFO  org.apache.spark.SparkContext [] - Submitted application: a4081f37-be7e-457d-a1ce-001a6eb5ec7f
[main] INFO  org.apache.spark.resource.ResourceProfile [] - Default ResourceProfile created, executor resources: Map(cores -> name: cores, amount: 1, script: , vendor: , memory -> name: memory, amount: 1024, script: , vendor: , offHeap -> name: offHeap, amount: 0, script: , vendor: ), task resources: Map(cpus -> name: cpus, amount: 1.0)
[main] INFO  org.apache.spark.resource.ResourceProfile [] - Limiting resource is cpu
[main] INFO  org.apache.spark.resource.ResourceProfileManager [] - Added ResourceProfile id: 0
[main] INFO  org.apache.spark.SecurityManager [] - Changing view acls to: subratd
[main] INFO  org.apache.spark.SecurityManager [] - Changing modify acls to: subratd
[main] INFO  org.apache.spark.SecurityManager [] - Changing view acls groups to: 
[main] INFO  org.apache.spark.SecurityManager [] - Changing modify acls groups to: 
[main] INFO  org.apache.spark.SecurityManager [] - SecurityManager: authentication disabled; ui acls disabled; users with view permissions: subratd; groups with view permissions: EMPTY; users with modify permissions: subratd; groups with modify permissions: EMPTY
[main] INFO  org.apache.spark.util.Utils [] - Successfully started service 'sparkDriver' on port 43583.
[main] INFO  org.apache.spark.SparkEnv [] - Registering MapOutputTracker
[main] INFO  org.apache.spark.SparkEnv [] - Registering BlockManagerMaster
[main] INFO  org.apache.spark.storage.BlockManagerMasterEndpoint [] - Using org.apache.spark.storage.DefaultTopologyMapper for getting topology information
[main] INFO  org.apache.spark.storage.BlockManagerMasterEndpoint [] - BlockManagerMasterEndpoint up
[main] INFO  Main [] - Remote spark cluster not found!!! Using standalone
[main] WARN  org.apache.spark.util.Utils [] - Your hostname, Subrat-Devnath resolves to a loopback address: 127.0.1.1; using 192.168.1.41 instead (on interface wlp0s20f3)
[main] WARN  org.apache.spark.util.Utils [] - Set SPARK_LOCAL_IP if you need to bind to another address
[main] INFO  org.apache.spark.SparkContext [] - Running Spark version 3.5.0
[main] INFO  org.apache.spark.SparkContext [] - OS info Linux, 6.8.0-138-generic, amd64
[main] INFO  org.apache.spark.SparkContext [] - Java version 17.0.20
[main] WARN  org.apache.hadoop.util.NativeCodeLoader [] - Unable to load native-hadoop library for your platform... using builtin-java classes where applicable
[main] INFO  org.apache.spark.resource.ResourceUtils [] - ==============================================================
[main] INFO  org.apache.spark.resource.ResourceUtils [] - No custom resources configured for spark.driver.
[main] INFO  org.apache.spark.resource.ResourceUtils [] - ==============================================================
[main] INFO  org.apache.spark.SparkContext [] - Submitted application: 7956b1bf-6b28-47cb-8299-20abe77728bc
[main] INFO  org.apache.spark.resource.ResourceProfile [] - Default ResourceProfile created, executor resources: Map(cores -> name: cores, amount: 1, script: , vendor: , memory -> name: memory, amount: 1024, script: , vendor: , offHeap -> name: offHeap, amount: 0, script: , vendor: ), task resources: Map(cpus -> name: cpus, amount: 1.0)
[main] INFO  org.apache.spark.resource.ResourceProfile [] - Limiting resource is cpu
[main] INFO  org.apache.spark.resource.ResourceProfileManager [] - Added ResourceProfile id: 0
[main] INFO  org.apache.spark.SecurityManager [] - Changing view acls to: subratd
[main] INFO  org.apache.spark.SecurityManager [] - Changing modify acls to: subratd
[main] INFO  org.apache.spark.SecurityManager [] - Changing view acls groups to: 
[main] INFO  org.apache.spark.SecurityManager [] - Changing modify acls groups to: 
[main] INFO  org.apache.spark.SecurityManager [] - SecurityManager: authentication disabled; ui acls disabled; users with view permissions: subratd; groups with view permissions: EMPTY; users with modify permissions: subratd; groups with modify permissions: EMPTY
[main] INFO  org.apache.spark.util.Utils [] - Successfully started service 'sparkDriver' on port 46077.
[main] INFO  org.apache.spark.SparkEnv [] - Registering MapOutputTracker
[main] INFO  org.apache.spark.SparkEnv [] - Registering BlockManagerMaster
[main] INFO  org.apache.spark.storage.BlockManagerMasterEndpoint [] - Using org.apache.spark.storage.DefaultTopologyMapper for getting topology information
[main] INFO  org.apache.spark.storage.BlockManagerMasterEndpoint [] - BlockManagerMasterEndpoint up
[main] INFO  Main [] - Remote spark cluster not found!!! Using standalone
[main] WARN  org.apache.spark.util.Utils [] - Your hostname, Subrat-Devnath resolves to a loopback address: 127.0.1.1; using 192.168.1.41 instead (on interface wlp0s20f3)
[main] WARN  org.apache.spark.util.Utils [] - Set SPARK_LOCAL_IP if you need to bind to another address
[main] INFO  org.apache.spark.SparkContext [] - Running Spark version 3.5.0
[main] INFO  org.apache.spark.SparkContext [] - OS info Linux, 6.8.0-138-generic, amd64
[main] INFO  org.apache.spark.SparkContext [] - Java version 17.0.20
[main] WARN  org.apache.hadoop.util.NativeCodeLoader [] - Unable to load native-hadoop library for your platform... using builtin-java classes where applicable
[main] INFO  org.apache.spark.resource.ResourceUtils [] - ==============================================================
[main] INFO  org.apache.spark.resource.ResourceUtils [] - No custom resources configured for spark.driver.
[main] INFO  org.apache.spark.resource.ResourceUtils [] - ==============================================================
[main] INFO  org.apache.spark.SparkContext [] - Submitted application: 22e01e5d-296e-4cf5-8583-b12f35193439
[main] INFO  org.apache.spark.resource.ResourceProfile [] - Default ResourceProfile created, executor resources: Map(cores -> name: cores, amount: 1, script: , vendor: , memory -> name: memory, amount: 1024, script: , vendor: , offHeap -> name: offHeap, amount: 0, script: , vendor: ), task resources: Map(cpus -> name: cpus, amount: 1.0)
[main] INFO  org.apache.spark.resource.ResourceProfile [] - Limiting resource is cpu
[main] INFO  org.apache.spark.resource.ResourceProfileManager [] - Added ResourceProfile id: 0
[main] INFO  org.apache.spark.SecurityManager [] - Changing view acls to: subratd
[main] INFO  org.apache.spark.SecurityManager [] - Changing modify acls to: subratd
[main] INFO  org.apache.spark.SecurityManager [] - Changing view acls groups to: 
[main] INFO  org.apache.spark.SecurityManager [] - Changing modify acls groups to: 
[main] INFO  org.apache.spark.SecurityManager [] - SecurityManager: authentication disabled; ui acls disabled; users with view permissions: subratd; groups with view permissions: EMPTY; users with modify permissions: subratd; groups with modify permissions: EMPTY
[main] INFO  org.apache.spark.util.Utils [] - Successfully started service 'sparkDriver' on port 43875.
[main] INFO  org.apache.spark.SparkEnv [] - Registering MapOutputTracker
[main] INFO  org.apache.spark.SparkEnv [] - Registering BlockManagerMaster
[main] INFO  org.apache.spark.storage.BlockManagerMasterEndpoint [] - Using org.apache.spark.storage.DefaultTopologyMapper for getting topology information
[main] INFO  org.apache.spark.storage.BlockManagerMasterEndpoint [] - BlockManagerMasterEndpoint up
[main] INFO  Main [] - Remote spark cluster not found!!! Using standalone
[main] WARN  org.apache.spark.util.Utils [] - Your hostname, Subrat-Devnath resolves to a loopback address: 127.0.1.1; using 192.168.1.41 instead (on interface wlp0s20f3)
[main] WARN  org.apache.spark.util.Utils [] - Set SPARK_LOCAL_IP if you need to bind to another address
[main] INFO  org.apache.spark.SparkContext [] - Running Spark version 3.5.0
[main] INFO  org.apache.spark.SparkContext [] - OS info Linux, 6.8.0-138-generic, amd64
[main] INFO  org.apache.spark.SparkContext [] - Java version 17.0.20
[main] WARN  org.apache.hadoop.util.NativeCodeLoader [] - Unable to load native-hadoop library for your platform... using builtin-java classes where applicable
[main] INFO  org.apache.spark.resource.ResourceUtils [] - ==============================================================
[main] INFO  org.apache.spark.resource.ResourceUtils [] - No custom resources configured for spark.driver.
[main] INFO  org.apache.spark.resource.ResourceUtils [] - ==============================================================
[main] INFO  org.apache.spark.SparkContext [] - Submitted application: 834a5511-daba-4d3f-bc94-58cbed453229
[main] INFO  org.apache.spark.resource.ResourceProfile [] - Default ResourceProfile created, executor resources: Map(cores -> name: cores, amount: 1, script: , vendor: , memory -> name: memory, amount: 1024, script: , vendor: , offHeap -> name: offHeap, amount: 0, script: , vendor: ), task resources: Map(cpus -> name: cpus, amount: 1.0)
[main] INFO  org.apache.spark.resource.ResourceProfile [] - Limiting resource is cpu
[main] INFO  org.apache.spark.resource.ResourceProfileManager [] - Added ResourceProfile id: 0
[main] INFO  org.apache.spark.SecurityManager [] - Changing view acls to: subratd
[main] INFO  org.apache.spark.SecurityManager [] - Changing modify acls to: subratd
[main] INFO  org.apache.spark.SecurityManager [] - Changing view acls groups to: 
[main] INFO  org.apache.spark.SecurityManager [] - Changing modify acls groups to: 
[main] INFO  org.apache.spark.SecurityManager [] - SecurityManager: authentication disabled; ui acls disabled; users with view permissions: subratd; groups with view permissions: EMPTY; users with modify permissions: subratd; groups with modify permissions: EMPTY
[main] INFO  org.apache.spark.util.Utils [] - Successfully started service 'sparkDriver' on port 42787.
[main] INFO  org.apache.spark.SparkEnv [] - Registering MapOutputTracker
[main] INFO  org.apache.spark.SparkEnv [] - Registering BlockManagerMaster
[main] INFO  org.apache.spark.storage.BlockManagerMasterEndpoint [] - Using org.apache.spark.storage.DefaultTopologyMapper for getting topology information
[main] INFO  org.apache.spark.storage.BlockManagerMasterEndpoint [] - BlockManagerMasterEndpoint up
[main] INFO  Main [] - Remote spark cluster not found!!! Using standalone
[main] WARN  org.apache.spark.util.Utils [] - Your hostname, Subrat-Devnath resolves to a loopback address: 127.0.1.1; using 192.168.1.41 instead (on interface wlp0s20f3)
[main] WARN  org.apache.spark.util.Utils [] - Set SPARK_LOCAL_IP if you need to bind to another address
[main] INFO  org.apache.spark.SparkContext [] - Running Spark version 3.5.0
[main] INFO  org.apache.spark.SparkContext [] - OS info Linux, 6.8.0-138-generic, amd64
[main] INFO  org.apache.spark.SparkContext [] - Java version 17.0.20
[main] WARN  org.apache.hadoop.util.NativeCodeLoader [] - Unable to load native-hadoop library for your platform... using builtin-java classes where applicable
[main] INFO  org.apache.spark.resource.ResourceUtils [] - ==============================================================
[main] INFO  org.apache.spark.resource.ResourceUtils [] - No custom resources configured for spark.driver.
[main] INFO  org.apache.spark.resource.ResourceUtils [] - ==============================================================
[main] INFO  org.apache.spark.SparkContext [] - Submitted application: f2400f5f-975f-4d05-a66c-aa042bac24d6
[main] INFO  org.apache.spark.resource.ResourceProfile [] - Default ResourceProfile created, executor resources: Map(cores -> name: cores, amount: 1, script: , vendor: , memory -> name: memory, amount: 1024, script: , vendor: , offHeap -> name: offHeap, amount: 0, script: , vendor: ), task resources: Map(cpus -> name: cpus, amount: 1.0)
[main] INFO  org.apache.spark.resource.ResourceProfile [] - Limiting resource is cpu
[main] INFO  org.apache.spark.resource.ResourceProfileManager [] - Added ResourceProfile id: 0
[main] INFO  org.apache.spark.SecurityManager [] - Changing view acls to: subratd
[main] INFO  org.apache.spark.SecurityManager [] - Changing modify acls to: subratd
[main] INFO  org.apache.spark.SecurityManager [] - Changing view acls groups to: 
[main] INFO  org.apache.spark.SecurityManager [] - Changing modify acls groups to: 
[main] INFO  org.apache.spark.SecurityManager [] - SecurityManager: authentication disabled; ui acls disabled; users with view permissions: subratd; groups with view permissions: EMPTY; users with modify permissions: subratd; groups with modify permissions: EMPTY
[main] INFO  org.apache.spark.util.Utils [] - Successfully started service 'sparkDriver' on port 34589.
[main] INFO  org.apache.spark.SparkEnv [] - Registering MapOutputTracker
[main] INFO  org.apache.spark.SparkEnv [] - Registering BlockManagerMaster
[main] INFO  org.apache.spark.storage.BlockManagerMasterEndpoint [] - Using org.apache.spark.storage.DefaultTopologyMapper for getting topology information
[main] INFO  org.apache.spark.storage.BlockManagerMasterEndpoint [] - BlockManagerMasterEndpoint up
[main] INFO  Main [] - Remote spark cluster not found!!! Using standalone
[main] WARN  org.apache.spark.util.Utils [] - Your hostname, Subrat-Devnath resolves to a loopback address: 127.0.1.1; using 192.168.100.172 instead (on interface wlp0s20f3)
[main] WARN  org.apache.spark.util.Utils [] - Set SPARK_LOCAL_IP if you need to bind to another address
[main] INFO  org.apache.spark.SparkContext [] - Running Spark version 3.5.0
[main] INFO  org.apache.spark.SparkContext [] - OS info Linux, 6.8.0-138-generic, amd64
[main] INFO  org.apache.spark.SparkContext [] - Java version 17.0.20
[main] WARN  org.apache.hadoop.util.NativeCodeLoader [] - Unable to load native-hadoop library for your platform... using builtin-java classes where applicable
[main] INFO  org.apache.spark.resource.ResourceUtils [] - ==============================================================
[main] INFO  org.apache.spark.resource.ResourceUtils [] - No custom resources configured for spark.driver.
[main] INFO  org.apache.spark.resource.ResourceUtils [] - ==============================================================
[main] INFO  org.apache.spark.SparkContext [] - Submitted application: e4cd14f5-adb9-45c2-a434-3754d26d9005
[main] INFO  org.apache.spark.resource.ResourceProfile [] - Default ResourceProfile created, executor resources: Map(cores -> name: cores, amount: 1, script: , vendor: , memory -> name: memory, amount: 1024, script: , vendor: , offHeap -> name: offHeap, amount: 0, script: , vendor: ), task resources: Map(cpus -> name: cpus, amount: 1.0)
[main] INFO  org.apache.spark.resource.ResourceProfile [] - Limiting resource is cpu
[main] INFO  org.apache.spark.resource.ResourceProfileManager [] - Added ResourceProfile id: 0
[main] INFO  org.apache.spark.SecurityManager [] - Changing view acls to: subratd
[main] INFO  org.apache.spark.SecurityManager [] - Changing modify acls to: subratd
[main] INFO  org.apache.spark.SecurityManager [] - Changing view acls groups to: 
[main] INFO  org.apache.spark.SecurityManager [] - Changing modify acls groups to: 
[main] INFO  org.apache.spark.SecurityManager [] - SecurityManager: authentication disabled; ui acls disabled; users with view permissions: subratd; groups with view permissions: EMPTY; users with modify permissions: subratd; groups with modify permissions: EMPTY
[main] INFO  org.apache.spark.util.Utils [] - Successfully started service 'sparkDriver' on port 35201.
[main] INFO  org.apache.spark.SparkEnv [] - Registering MapOutputTracker
[main] INFO  org.apache.spark.SparkEnv [] - Registering BlockManagerMaster
[main] INFO  org.apache.spark.storage.BlockManagerMasterEndpoint [] - Using org.apache.spark.storage.DefaultTopologyMapper for getting topology information
[main] INFO  org.apache.spark.storage.BlockManagerMasterEndpoint [] - BlockManagerMasterEndpoint up
[main] INFO  Main [] - Remote spark cluster not found!!! Using standalone
[main] WARN  org.apache.spark.util.Utils [] - Your hostname, Subrat-Devnath resolves to a loopback address: 127.0.1.1; using 192.168.100.172 instead (on interface wlp0s20f3)
[main] WARN  org.apache.spark.util.Utils [] - Set SPARK_LOCAL_IP if you need to bind to another address
[main] INFO  org.apache.spark.SparkContext [] - Running Spark version 3.5.0
[main] INFO  org.apache.spark.SparkContext [] - OS info Linux, 6.8.0-138-generic, amd64
[main] INFO  org.apache.spark.SparkContext [] - Java version 11.0.32
[main] WARN  org.apache.hadoop.util.NativeCodeLoader [] - Unable to load native-hadoop library for your platform... using builtin-java classes where applicable
[main] INFO  org.apache.spark.resource.ResourceUtils [] - ==============================================================
[main] INFO  org.apache.spark.resource.ResourceUtils [] - No custom resources configured for spark.driver.
[main] INFO  org.apache.spark.resource.ResourceUtils [] - ==============================================================
[main] INFO  org.apache.spark.SparkContext [] - Submitted application: 1dbd60e6-10ab-42f8-8259-96fbca54b876
[main] INFO  org.apache.spark.resource.ResourceProfile [] - Default ResourceProfile created, executor resources: Map(cores -> name: cores, amount: 1, script: , vendor: , memory -> name: memory, amount: 1024, script: , vendor: , offHeap -> name: offHeap, amount: 0, script: , vendor: ), task resources: Map(cpus -> name: cpus, amount: 1.0)
[main] INFO  org.apache.spark.resource.ResourceProfile [] - Limiting resource is cpu
[main] INFO  org.apache.spark.resource.ResourceProfileManager [] - Added ResourceProfile id: 0
[main] INFO  org.apache.spark.SecurityManager [] - Changing view acls to: subratd
[main] INFO  org.apache.spark.SecurityManager [] - Changing modify acls to: subratd
[main] INFO  org.apache.spark.SecurityManager [] - Changing view acls groups to: 
[main] INFO  org.apache.spark.SecurityManager [] - Changing modify acls groups to: 
[main] INFO  org.apache.spark.SecurityManager [] - SecurityManager: authentication disabled; ui acls disabled; users with view permissions: subratd; groups with view permissions: EMPTY; users with modify permissions: subratd; groups with modify permissions: EMPTY
[main] INFO  org.apache.spark.util.Utils [] - Successfully started service 'sparkDriver' on port 42241.
[main] INFO  org.apache.spark.SparkEnv [] - Registering MapOutputTracker
[main] INFO  org.apache.spark.SparkEnv [] - Registering BlockManagerMaster
[main] INFO  org.apache.spark.storage.BlockManagerMasterEndpoint [] - Using org.apache.spark.storage.DefaultTopologyMapper for getting topology information
[main] INFO  org.apache.spark.storage.BlockManagerMasterEndpoint [] - BlockManagerMasterEndpoint up
[main] INFO  org.apache.spark.SparkEnv [] - Registering BlockManagerMasterHeartbeat
[main] INFO  org.apache.spark.storage.DiskBlockManager [] - Created local directory at /tmp/blockmgr-c4f4cde7-61e4-467a-8218-ef031269bf0a
[main] INFO  org.apache.spark.storage.memory.MemoryStore [] - MemoryStore started with capacity 2.1 GiB
[main] INFO  org.apache.spark.SparkEnv [] - Registering OutputCommitCoordinator
[main] INFO  org.sparkproject.jetty.util.log [] - Logging initialized @1820ms to org.sparkproject.jetty.util.log.Slf4jLog
[main] INFO  org.apache.spark.ui.JettyUtils [] - Start Jetty 0.0.0.0:4040 for SparkUI
[main] INFO  org.sparkproject.jetty.server.Server [] - jetty-9.4.52.v20230823; built: 2023-08-23T19:29:37.669Z; git: abdcda73818a1a2c705da276edb0bf6581e7997e; jvm 11.0.32+9-post-1ubuntu1-22.04-Ubuntu
[main] INFO  org.sparkproject.jetty.server.Server [] - Started @1901ms
[main] INFO  org.sparkproject.jetty.server.AbstractConnector [] - Started ServerConnector@6cf0a747{HTTP/1.1, (http/1.1)}{0.0.0.0:4040}
[main] INFO  org.apache.spark.util.Utils [] - Successfully started service 'SparkUI' on port 4040.
[main] INFO  org.sparkproject.jetty.server.handler.ContextHandler [] - Started o.s.j.s.ServletContextHandler@7d3fb0ef{/,null,AVAILABLE,@Spark}
[main] INFO  org.apache.spark.executor.Executor [] - Starting executor ID driver on host 192.168.100.172
[main] INFO  org.apache.spark.executor.Executor [] - OS info Linux, 6.8.0-138-generic, amd64
[main] INFO  org.apache.spark.executor.Executor [] - Java version 11.0.32
[main] INFO  org.apache.spark.executor.Executor [] - Starting executor with user classpath (userClassPathFirst = false): ''
[main] INFO  org.apache.spark.executor.Executor [] - Created or updated repl class loader org.apache.spark.util.MutableURLClassLoader@7847ef2c for default.
[main] INFO  org.apache.spark.util.Utils [] - Successfully started service 'org.apache.spark.network.netty.NettyBlockTransferService' on port 36517.
[main] INFO  org.apache.spark.network.netty.NettyBlockTransferService [] - Server created on 192.168.100.172:36517
[main] INFO  org.apache.spark.storage.BlockManager [] - Using org.apache.spark.storage.RandomBlockReplicationPolicy for block replication policy
[main] INFO  org.apache.spark.storage.BlockManagerMaster [] - Registering BlockManager BlockManagerId(driver, 192.168.100.172, 36517, None)
[dispatcher-BlockManagerMaster] INFO  org.apache.spark.storage.BlockManagerMasterEndpoint [] - Registering block manager 192.168.100.172:36517 with 2.1 GiB RAM, BlockManagerId(driver, 192.168.100.172, 36517, None)
[main] INFO  org.apache.spark.storage.BlockManagerMaster [] - Registered BlockManager BlockManagerId(driver, 192.168.100.172, 36517, None)
[main] INFO  org.apache.spark.storage.BlockManager [] - Initialized BlockManager: BlockManagerId(driver, 192.168.100.172, 36517, None)
[main] INFO  org.sparkproject.jetty.server.handler.ContextHandler [] - Stopped o.s.j.s.ServletContextHandler@7d3fb0ef{/,null,STOPPED,@Spark}
[main] INFO  org.sparkproject.jetty.server.handler.ContextHandler [] - Started o.s.j.s.ServletContextHandler@5b88b8e{/jobs,null,AVAILABLE,@Spark}
[main] INFO  org.sparkproject.jetty.server.handler.ContextHandler [] - Started o.s.j.s.ServletContextHandler@b73433{/jobs/json,null,AVAILABLE,@Spark}
[main] INFO  org.sparkproject.jetty.server.handler.ContextHandler [] - Started o.s.j.s.ServletContextHandler@124dac75{/jobs/job,null,AVAILABLE,@Spark}
[main] INFO  org.sparkproject.jetty.server.handler.ContextHandler [] - Started o.s.j.s.ServletContextHandler@7b61bf11{/jobs/job/json,null,AVAILABLE,@Spark}
[main] INFO  org.sparkproject.jetty.server.handler.ContextHandler [] - Started o.s.j.s.ServletContextHandler@3ff54f3d{/stages,null,AVAILABLE,@Spark}
[main] INFO  org.sparkproject.jetty.server.handler.ContextHandler [] - Started o.s.j.s.ServletContextHandler@62a68bcb{/stages/json,null,AVAILABLE,@Spark}
[main] INFO  org.sparkproject.jetty.server.handler.ContextHandler [] - Started o.s.j.s.ServletContextHandler@430b2699{/stages/stage,null,AVAILABLE,@Spark}
[main] INFO  org.sparkproject.jetty.server.handler.ContextHandler [] - Started o.s.j.s.ServletContextHandler@6413d7e7{/stages/stage/json,null,AVAILABLE,@Spark}
[main] INFO  org.sparkproject.jetty.server.handler.ContextHandler [] - Started o.s.j.s.ServletContextHandler@17b37e9a{/stages/pool,null,AVAILABLE,@Spark}
[main] INFO  org.sparkproject.jetty.server.handler.ContextHandler [] - Started o.s.j.s.ServletContextHandler@111d5c97{/stages/pool/json,null,AVAILABLE,@Spark}
[main] INFO  org.sparkproject.jetty.server.handler.ContextHandler [] - Started o.s.j.s.ServletContextHandler@250a9031{/storage,null,AVAILABLE,@Spark}
[main] INFO  org.sparkproject.jetty.server.handler.ContextHandler [] - Started o.s.j.s.ServletContextHandler@6d67f5eb{/storage/json,null,AVAILABLE,@Spark}
[main] INFO  org.sparkproject.jetty.server.handler.ContextHandler [] - Started o.s.j.s.ServletContextHandler@3e1fd62b{/storage/rdd,null,AVAILABLE,@Spark}
[main] INFO  org.sparkproject.jetty.server.handler.ContextHandler [] - Started o.s.j.s.ServletContextHandler@558b4942{/storage/rdd/json,null,AVAILABLE,@Spark}
[main] INFO  org.sparkproject.jetty.server.handler.ContextHandler [] - Started o.s.j.s.ServletContextHandler@70025b99{/environment,null,AVAILABLE,@Spark}
[main] INFO  org.sparkproject.jetty.server.handler.ContextHandler [] - Started o.s.j.s.ServletContextHandler@7134b8a7{/environment/json,null,AVAILABLE,@Spark}
[main] INFO  org.sparkproject.jetty.server.handler.ContextHandler [] - Started o.s.j.s.ServletContextHandler@40de8f93{/executors,null,AVAILABLE,@Spark}
[main] INFO  org.sparkproject.jetty.server.handler.ContextHandler [] - Started o.s.j.s.ServletContextHandler@3b55dd15{/executors/json,null,AVAILABLE,@Spark}
[main] INFO  org.sparkproject.jetty.server.handler.ContextHandler [] - Started o.s.j.s.ServletContextHandler@3ba3d4b6{/executors/threadDump,null,AVAILABLE,@Spark}
[main] INFO  org.sparkproject.jetty.server.handler.ContextHandler [] - Started o.s.j.s.ServletContextHandler@441fbe89{/executors/threadDump/json,null,AVAILABLE,@Spark}
[main] INFO  org.sparkproject.jetty.server.handler.ContextHandler [] - Started o.s.j.s.ServletContextHandler@45ab3bdd{/executors/heapHistogram,null,AVAILABLE,@Spark}
[main] INFO  org.sparkproject.jetty.server.handler.ContextHandler [] - Started o.s.j.s.ServletContextHandler@1642eeae{/executors/heapHistogram/json,null,AVAILABLE,@Spark}
[main] INFO  org.sparkproject.jetty.server.handler.ContextHandler [] - Started o.s.j.s.ServletContextHandler@28a9494b{/static,null,AVAILABLE,@Spark}
[main] INFO  org.sparkproject.jetty.server.handler.ContextHandler [] - Started o.s.j.s.ServletContextHandler@1984212d{/,null,AVAILABLE,@Spark}
[main] INFO  org.sparkproject.jetty.server.handler.ContextHandler [] - Started o.s.j.s.ServletContextHandler@4eaa375c{/api,null,AVAILABLE,@Spark}
[main] INFO  org.sparkproject.jetty.server.handler.ContextHandler [] - Started o.s.j.s.ServletContextHandler@1d06f16f{/jobs/job/kill,null,AVAILABLE,@Spark}
[main] INFO  org.sparkproject.jetty.server.handler.ContextHandler [] - Started o.s.j.s.ServletContextHandler@68dd39d2{/stages/stage/kill,null,AVAILABLE,@Spark}
[main] INFO  org.sparkproject.jetty.server.handler.ContextHandler [] - Started o.s.j.s.ServletContextHandler@483b0690{/metrics/json,null,AVAILABLE,@Spark}
[main] INFO  org.apache.spark.sql.internal.SharedState [] - Setting hive.metastore.warehouse.dir ('null') to the value of spark.sql.warehouse.dir.
[main] INFO  org.apache.spark.sql.internal.SharedState [] - Warehouse path is 'file:/home/subratd/Documents/etl/spark-warehouse'.
[main] INFO  org.sparkproject.jetty.server.handler.ContextHandler [] - Started o.s.j.s.ServletContextHandler@4684240f{/SQL,null,AVAILABLE,@Spark}
[main] INFO  org.sparkproject.jetty.server.handler.ContextHandler [] - Started o.s.j.s.ServletContextHandler@6975fb1c{/SQL/json,null,AVAILABLE,@Spark}
[main] INFO  org.sparkproject.jetty.server.handler.ContextHandler [] - Started o.s.j.s.ServletContextHandler@6ea246af{/SQL/execution,null,AVAILABLE,@Spark}
[main] INFO  org.sparkproject.jetty.server.handler.ContextHandler [] - Started o.s.j.s.ServletContextHandler@1b90fee4{/SQL/execution/json,null,AVAILABLE,@Spark}
[main] INFO  org.sparkproject.jetty.server.handler.ContextHandler [] - Started o.s.j.s.ServletContextHandler@91da29b{/static/sql,null,AVAILABLE,@Spark}
[main] WARN  org.apache.spark.sql.catalyst.analysis.SimpleFunctionRegistry [] - The function int replaced a previously registered function.
[main] WARN  org.apache.spark.sql.catalyst.analysis.SimpleFunctionRegistry [] - The function boolean replaced a previously registered function.
[main] WARN  org.apache.spark.sql.catalyst.analysis.SimpleFunctionRegistry [] - The function double replaced a previously registered function.
[main] WARN  org.apache.spark.sql.catalyst.analysis.SimpleFunctionRegistry [] - The function binary replaced a previously registered function.
[main] WARN  org.apache.spark.sql.catalyst.analysis.SimpleFunctionRegistry [] - The function date replaced a previously registered function.
[main] WARN  org.apache.spark.sql.catalyst.analysis.SimpleFunctionRegistry [] - The function timestamp replaced a previously registered function.
[main] WARN  org.apache.spark.sql.catalyst.analysis.SimpleFunctionRegistry [] - The function now replaced a previously registered function.
[main] WARN  org.apache.spark.sql.catalyst.analysis.SimpleFunctionRegistry [] - The function uuid replaced a previously registered function.
[main] WARN  org.apache.spark.sql.catalyst.analysis.SimpleFunctionRegistry [] - The function replace replaced a previously registered function.
[main] WARN  org.apache.spark.sql.catalyst.analysis.SimpleFunctionRegistry [] - The function split replaced a previously registered function.
[main] INFO  etl.provider.impl.YamlProvider [] - Loading Job - job.yml
[main] INFO  etl.ETLJob [] - Start processing job aiPromptQuoteInfoClearAiFields
[main] INFO  etl.provider.impl.YamlProvider [] - Updating job aiPromptQuoteInfoClearAiFields status PROCESSING
[main] INFO  etl.provider.impl.YamlProvider [] - Updated job aiPromptQuoteInfoClearAiFields status PROCESSING
[main] INFO  etl.model.extract.Extract [] - Extracting org.apache.spark.sql.cassandra to data
[main] INFO  etl.model.extract.Extract [] - Options {keyspace=subrat_main, table=content}
[main] WARN  com.datastax.spark.connector.util.DeprecatedConfigParameter [] - spark.cassandra.read.timeout_ms is deprecated (DSE 6.0.0) and has been automatically replaced with parameter spark.cassandra.read.timeoutMS. 
[main] WARN  com.datastax.spark.connector.util.DeprecatedConfigParameter [] - spark.cassandra.connection.timeout_ms is deprecated (DSE 6.0.0) and has been automatically replaced with parameter spark.cassandra.connection.timeoutMS. 
[main] WARN  com.datastax.spark.connector.util.DeprecatedConfigParameter [] - spark.cassandra.connection.local_dc is deprecated (DSE 6.0.0) and has been automatically replaced with parameter spark.cassandra.connection.localDC. 
[main] INFO  com.datastax.oss.driver.internal.core.DefaultMavenCoordinates [] - DataStax Java driver for Apache Cassandra(R) (com.datastax.oss:java-driver-core-shaded) version 4.13.0
[s0-admin-0] INFO  com.datastax.oss.driver.internal.core.time.Clock [] - Using native clock for microsecond precision
[main] INFO  com.datastax.spark.connector.cql.CassandraConnector [] - Connected to Cassandra cluster.
[main] WARN  com.datastax.spark.connector.util.DeprecatedConfigParameter [] - spark.cassandra.read.timeout_ms is deprecated (DSE 6.0.0) and has been automatically replaced with parameter spark.cassandra.read.timeoutMS. 
[main] WARN  com.datastax.spark.connector.util.DeprecatedConfigParameter [] - spark.cassandra.connection.timeout_ms is deprecated (DSE 6.0.0) and has been automatically replaced with parameter spark.cassandra.connection.timeoutMS. 
[main] WARN  com.datastax.spark.connector.util.DeprecatedConfigParameter [] - spark.cassandra.connection.local_dc is deprecated (DSE 6.0.0) and has been automatically replaced with parameter spark.cassandra.connection.localDC. 
[main] INFO  etl.model.transform.Transform [] - Transforming data to data with filter_expression
[main] INFO  etl.provider.impl.YamlProvider [] - Updating job aiPromptQuoteInfoClearAiFields status FAILED
[main] INFO  etl.provider.impl.YamlProvider [] - Updated job aiPromptQuoteInfoClearAiFields status FAILED
[shutdown-hook-0] INFO  org.apache.spark.SparkContext [] - Invoking stop() from shutdown hook
[shutdown-hook-0] INFO  org.apache.spark.SparkContext [] - SparkContext is stopping with exitCode 0.
[shutdown-hook-0] INFO  org.sparkproject.jetty.server.AbstractConnector [] - Stopped Spark@6cf0a747{HTTP/1.1, (http/1.1)}{0.0.0.0:4040}
[shutdown-hook-0] INFO  org.apache.spark.ui.SparkUI [] - Stopped Spark web UI at http://192.168.100.172:4040
[Serial shutdown hooks thread] INFO  com.datastax.spark.connector.cql.CassandraConnector [] - Disconnected from Cassandra cluster.
[Serial shutdown hooks thread] INFO  com.datastax.spark.connector.util.SerialShutdownHooks [] - Successfully executed shutdown hook: Clearing session cache for C* connector
[dispatcher-event-loop-7] INFO  org.apache.spark.MapOutputTrackerMasterEndpoint [] - MapOutputTrackerMasterEndpoint stopped!
[shutdown-hook-0] INFO  org.apache.spark.storage.memory.MemoryStore [] - MemoryStore cleared
[shutdown-hook-0] INFO  org.apache.spark.storage.BlockManager [] - BlockManager stopped
[shutdown-hook-0] INFO  org.apache.spark.storage.BlockManagerMaster [] - BlockManagerMaster stopped
[dispatcher-event-loop-3] INFO  org.apache.spark.scheduler.OutputCommitCoordinator$OutputCommitCoordinatorEndpoint [] - OutputCommitCoordinator stopped!
[shutdown-hook-0] INFO  org.apache.spark.SparkContext [] - Successfully stopped SparkContext
[shutdown-hook-0] INFO  org.apache.spark.util.ShutdownHookManager [] - Shutdown hook called
[shutdown-hook-0] INFO  org.apache.spark.util.ShutdownHookManager [] - Deleting directory /tmp/spark-c5fb08d2-f02a-443c-ad3b-4003e0a4f1ac
[main] INFO  Main [] - Remote spark cluster not found!!! Using standalone
[main] WARN  org.apache.spark.util.Utils [] - Your hostname, Subrat-Devnath resolves to a loopback address: 127.0.1.1; using 192.168.100.172 instead (on interface wlp0s20f3)
[main] WARN  org.apache.spark.util.Utils [] - Set SPARK_LOCAL_IP if you need to bind to another address
[main] INFO  org.apache.spark.SparkContext [] - Running Spark version 3.5.0
[main] INFO  org.apache.spark.SparkContext [] - OS info Linux, 6.8.0-138-generic, amd64
[main] INFO  org.apache.spark.SparkContext [] - Java version 11.0.32
[main] WARN  org.apache.hadoop.util.NativeCodeLoader [] - Unable to load native-hadoop library for your platform... using builtin-java classes where applicable
[main] INFO  org.apache.spark.resource.ResourceUtils [] - ==============================================================
[main] INFO  org.apache.spark.resource.ResourceUtils [] - No custom resources configured for spark.driver.
[main] INFO  org.apache.spark.resource.ResourceUtils [] - ==============================================================
[main] INFO  org.apache.spark.SparkContext [] - Submitted application: 203ea1b2-6145-4fc5-86fd-ed21357d6511
[main] INFO  org.apache.spark.resource.ResourceProfile [] - Default ResourceProfile created, executor resources: Map(cores -> name: cores, amount: 1, script: , vendor: , memory -> name: memory, amount: 1024, script: , vendor: , offHeap -> name: offHeap, amount: 0, script: , vendor: ), task resources: Map(cpus -> name: cpus, amount: 1.0)
[main] INFO  org.apache.spark.resource.ResourceProfile [] - Limiting resource is cpu
[main] INFO  org.apache.spark.resource.ResourceProfileManager [] - Added ResourceProfile id: 0
[main] INFO  org.apache.spark.SecurityManager [] - Changing view acls to: subratd
[main] INFO  org.apache.spark.SecurityManager [] - Changing modify acls to: subratd
[main] INFO  org.apache.spark.SecurityManager [] - Changing view acls groups to: 
[main] INFO  org.apache.spark.SecurityManager [] - Changing modify acls groups to: 
[main] INFO  org.apache.spark.SecurityManager [] - SecurityManager: authentication disabled; ui acls disabled; users with view permissions: subratd; groups with view permissions: EMPTY; users with modify permissions: subratd; groups with modify permissions: EMPTY
[main] INFO  org.apache.spark.util.Utils [] - Successfully started service 'sparkDriver' on port 40591.
[main] INFO  org.apache.spark.SparkEnv [] - Registering MapOutputTracker
[main] INFO  org.apache.spark.SparkEnv [] - Registering BlockManagerMaster
[main] INFO  org.apache.spark.storage.BlockManagerMasterEndpoint [] - Using org.apache.spark.storage.DefaultTopologyMapper for getting topology information
[main] INFO  org.apache.spark.storage.BlockManagerMasterEndpoint [] - BlockManagerMasterEndpoint up
[main] INFO  org.apache.spark.SparkEnv [] - Registering BlockManagerMasterHeartbeat
[main] INFO  org.apache.spark.storage.DiskBlockManager [] - Created local directory at /tmp/blockmgr-2ebc6798-4116-40fc-a775-a858c9738856
[main] INFO  org.apache.spark.storage.memory.MemoryStore [] - MemoryStore started with capacity 2.1 GiB
[main] INFO  org.apache.spark.SparkEnv [] - Registering OutputCommitCoordinator
[main] INFO  org.sparkproject.jetty.util.log [] - Logging initialized @1732ms to org.sparkproject.jetty.util.log.Slf4jLog
[main] INFO  org.apache.spark.ui.JettyUtils [] - Start Jetty 0.0.0.0:4040 for SparkUI
[main] INFO  org.sparkproject.jetty.server.Server [] - jetty-9.4.52.v20230823; built: 2023-08-23T19:29:37.669Z; git: abdcda73818a1a2c705da276edb0bf6581e7997e; jvm 11.0.32+9-post-1ubuntu1-22.04-Ubuntu
[main] INFO  org.sparkproject.jetty.server.Server [] - Started @1808ms
[main] INFO  org.sparkproject.jetty.server.AbstractConnector [] - Started ServerConnector@5c32926{HTTP/1.1, (http/1.1)}{0.0.0.0:4040}
[main] INFO  org.apache.spark.util.Utils [] - Successfully started service 'SparkUI' on port 4040.
[main] INFO  org.sparkproject.jetty.server.handler.ContextHandler [] - Started o.s.j.s.ServletContextHandler@58434b19{/,null,AVAILABLE,@Spark}
[main] INFO  org.apache.spark.executor.Executor [] - Starting executor ID driver on host 192.168.100.172
[main] INFO  org.apache.spark.executor.Executor [] - OS info Linux, 6.8.0-138-generic, amd64
[main] INFO  org.apache.spark.executor.Executor [] - Java version 11.0.32
[main] INFO  org.apache.spark.executor.Executor [] - Starting executor with user classpath (userClassPathFirst = false): ''
[main] INFO  org.apache.spark.executor.Executor [] - Created or updated repl class loader org.apache.spark.util.MutableURLClassLoader@4d266391 for default.
[main] INFO  org.apache.spark.util.Utils [] - Successfully started service 'org.apache.spark.network.netty.NettyBlockTransferService' on port 43255.
[main] INFO  org.apache.spark.network.netty.NettyBlockTransferService [] - Server created on 192.168.100.172:43255
[main] INFO  org.apache.spark.storage.BlockManager [] - Using org.apache.spark.storage.RandomBlockReplicationPolicy for block replication policy
[main] INFO  org.apache.spark.storage.BlockManagerMaster [] - Registering BlockManager BlockManagerId(driver, 192.168.100.172, 43255, None)
[dispatcher-BlockManagerMaster] INFO  org.apache.spark.storage.BlockManagerMasterEndpoint [] - Registering block manager 192.168.100.172:43255 with 2.1 GiB RAM, BlockManagerId(driver, 192.168.100.172, 43255, None)
[main] INFO  org.apache.spark.storage.BlockManagerMaster [] - Registered BlockManager BlockManagerId(driver, 192.168.100.172, 43255, None)
[main] INFO  org.apache.spark.storage.BlockManager [] - Initialized BlockManager: BlockManagerId(driver, 192.168.100.172, 43255, None)
[main] INFO  org.sparkproject.jetty.server.handler.ContextHandler [] - Stopped o.s.j.s.ServletContextHandler@58434b19{/,null,STOPPED,@Spark}
[main] INFO  org.sparkproject.jetty.server.handler.ContextHandler [] - Started o.s.j.s.ServletContextHandler@71ed560f{/jobs,null,AVAILABLE,@Spark}
[main] INFO  org.sparkproject.jetty.server.handler.ContextHandler [] - Started o.s.j.s.ServletContextHandler@58253c57{/jobs/json,null,AVAILABLE,@Spark}
[main] INFO  org.sparkproject.jetty.server.handler.ContextHandler [] - Started o.s.j.s.ServletContextHandler@2be21396{/jobs/job,null,AVAILABLE,@Spark}
[main] INFO  org.sparkproject.jetty.server.handler.ContextHandler [] - Started o.s.j.s.ServletContextHandler@315105f{/jobs/job/json,null,AVAILABLE,@Spark}
[main] INFO  org.sparkproject.jetty.server.handler.ContextHandler [] - Started o.s.j.s.ServletContextHandler@40247d48{/stages,null,AVAILABLE,@Spark}
[main] INFO  org.sparkproject.jetty.server.handler.ContextHandler [] - Started o.s.j.s.ServletContextHandler@14c93774{/stages/json,null,AVAILABLE,@Spark}
[main] INFO  org.sparkproject.jetty.server.handler.ContextHandler [] - Started o.s.j.s.ServletContextHandler@45658133{/stages/stage,null,AVAILABLE,@Spark}
[main] INFO  org.sparkproject.jetty.server.handler.ContextHandler [] - Started o.s.j.s.ServletContextHandler@67536ae0{/stages/stage/json,null,AVAILABLE,@Spark}
[main] INFO  org.sparkproject.jetty.server.handler.ContextHandler [] - Started o.s.j.s.ServletContextHandler@d16be4f{/stages/pool,null,AVAILABLE,@Spark}
[main] INFO  org.sparkproject.jetty.server.handler.ContextHandler [] - Started o.s.j.s.ServletContextHandler@6bcb12e6{/stages/pool/json,null,AVAILABLE,@Spark}
[main] INFO  org.sparkproject.jetty.server.handler.ContextHandler [] - Started o.s.j.s.ServletContextHandler@29c17c3d{/storage,null,AVAILABLE,@Spark}
[main] INFO  org.sparkproject.jetty.server.handler.ContextHandler [] - Started o.s.j.s.ServletContextHandler@1665fa54{/storage/json,null,AVAILABLE,@Spark}
[main] INFO  org.sparkproject.jetty.server.handler.ContextHandler [] - Started o.s.j.s.ServletContextHandler@4f654cee{/storage/rdd,null,AVAILABLE,@Spark}
[main] INFO  org.sparkproject.jetty.server.handler.ContextHandler [] - Started o.s.j.s.ServletContextHandler@7112ce6{/storage/rdd/json,null,AVAILABLE,@Spark}
[main] INFO  org.sparkproject.jetty.server.handler.ContextHandler [] - Started o.s.j.s.ServletContextHandler@30ec7d21{/environment,null,AVAILABLE,@Spark}
[main] INFO  org.sparkproject.jetty.server.handler.ContextHandler [] - Started o.s.j.s.ServletContextHandler@7efa3f63{/environment/json,null,AVAILABLE,@Spark}
[main] INFO  org.sparkproject.jetty.server.handler.ContextHandler [] - Started o.s.j.s.ServletContextHandler@2262d6d5{/executors,null,AVAILABLE,@Spark}
[main] INFO  org.sparkproject.jetty.server.handler.ContextHandler [] - Started o.s.j.s.ServletContextHandler@6ff0b1cc{/executors/json,null,AVAILABLE,@Spark}
[main] INFO  org.sparkproject.jetty.server.handler.ContextHandler [] - Started o.s.j.s.ServletContextHandler@f3560d4{/executors/threadDump,null,AVAILABLE,@Spark}
[main] INFO  org.sparkproject.jetty.server.handler.ContextHandler [] - Started o.s.j.s.ServletContextHandler@51b77cdf{/executors/threadDump/json,null,AVAILABLE,@Spark}
[main] INFO  org.sparkproject.jetty.server.handler.ContextHandler [] - Started o.s.j.s.ServletContextHandler@6088451e{/executors/heapHistogram,null,AVAILABLE,@Spark}
[main] INFO  org.sparkproject.jetty.server.handler.ContextHandler [] - Started o.s.j.s.ServletContextHandler@2f10f633{/executors/heapHistogram/json,null,AVAILABLE,@Spark}
[main] INFO  org.sparkproject.jetty.server.handler.ContextHandler [] - Started o.s.j.s.ServletContextHandler@3440e9cd{/static,null,AVAILABLE,@Spark}
[main] INFO  org.sparkproject.jetty.server.handler.ContextHandler [] - Started o.s.j.s.ServletContextHandler@3a3ed300{/,null,AVAILABLE,@Spark}
[main] INFO  org.sparkproject.jetty.server.handler.ContextHandler [] - Started o.s.j.s.ServletContextHandler@39f5b723{/api,null,AVAILABLE,@Spark}
[main] INFO  org.sparkproject.jetty.server.handler.ContextHandler [] - Started o.s.j.s.ServletContextHandler@6af90849{/jobs/job/kill,null,AVAILABLE,@Spark}
[main] INFO  org.sparkproject.jetty.server.handler.ContextHandler [] - Started o.s.j.s.ServletContextHandler@4fa4f485{/stages/stage/kill,null,AVAILABLE,@Spark}
[main] INFO  org.sparkproject.jetty.server.handler.ContextHandler [] - Started o.s.j.s.ServletContextHandler@1f2f0109{/metrics/json,null,AVAILABLE,@Spark}
[main] INFO  org.apache.spark.sql.internal.SharedState [] - Setting hive.metastore.warehouse.dir ('null') to the value of spark.sql.warehouse.dir.
[main] INFO  org.apache.spark.sql.internal.SharedState [] - Warehouse path is 'file:/home/subratd/Documents/etl/spark-warehouse'.
[main] INFO  org.sparkproject.jetty.server.handler.ContextHandler [] - Started o.s.j.s.ServletContextHandler@7f287b98{/SQL,null,AVAILABLE,@Spark}
[main] INFO  org.sparkproject.jetty.server.handler.ContextHandler [] - Started o.s.j.s.ServletContextHandler@32120956{/SQL/json,null,AVAILABLE,@Spark}
[main] INFO  org.sparkproject.jetty.server.handler.ContextHandler [] - Started o.s.j.s.ServletContextHandler@566f1852{/SQL/execution,null,AVAILABLE,@Spark}
[main] INFO  org.sparkproject.jetty.server.handler.ContextHandler [] - Started o.s.j.s.ServletContextHandler@2e4389ed{/SQL/execution/json,null,AVAILABLE,@Spark}
[main] INFO  org.sparkproject.jetty.server.handler.ContextHandler [] - Started o.s.j.s.ServletContextHandler@468e8565{/static/sql,null,AVAILABLE,@Spark}
[main] WARN  org.apache.spark.sql.catalyst.analysis.SimpleFunctionRegistry [] - The function int replaced a previously registered function.
[main] WARN  org.apache.spark.sql.catalyst.analysis.SimpleFunctionRegistry [] - The function boolean replaced a previously registered function.
[main] WARN  org.apache.spark.sql.catalyst.analysis.SimpleFunctionRegistry [] - The function double replaced a previously registered function.
[main] WARN  org.apache.spark.sql.catalyst.analysis.SimpleFunctionRegistry [] - The function binary replaced a previously registered function.
[main] WARN  org.apache.spark.sql.catalyst.analysis.SimpleFunctionRegistry [] - The function date replaced a previously registered function.
[main] WARN  org.apache.spark.sql.catalyst.analysis.SimpleFunctionRegistry [] - The function timestamp replaced a previously registered function.
[main] WARN  org.apache.spark.sql.catalyst.analysis.SimpleFunctionRegistry [] - The function now replaced a previously registered function.
[main] WARN  org.apache.spark.sql.catalyst.analysis.SimpleFunctionRegistry [] - The function uuid replaced a previously registered function.
[main] WARN  org.apache.spark.sql.catalyst.analysis.SimpleFunctionRegistry [] - The function replace replaced a previously registered function.
[main] WARN  org.apache.spark.sql.catalyst.analysis.SimpleFunctionRegistry [] - The function split replaced a previously registered function.
[main] INFO  etl.provider.impl.YamlProvider [] - Loading Job - job.yml
[main] INFO  etl.ETLJob [] - Start processing job aiPromptQuoteInfoClearAiFields
[main] INFO  etl.provider.impl.YamlProvider [] - Updating job aiPromptQuoteInfoClearAiFields status PROCESSING
[main] INFO  etl.provider.impl.YamlProvider [] - Updated job aiPromptQuoteInfoClearAiFields status PROCESSING
[main] INFO  etl.model.extract.Extract [] - Extracting org.apache.spark.sql.cassandra to data
[main] INFO  etl.model.extract.Extract [] - Options {keyspace=subrat_main, table=content}
[main] WARN  com.datastax.spark.connector.util.DeprecatedConfigParameter [] - spark.cassandra.read.timeout_ms is deprecated (DSE 6.0.0) and has been automatically replaced with parameter spark.cassandra.read.timeoutMS. 
[main] WARN  com.datastax.spark.connector.util.DeprecatedConfigParameter [] - spark.cassandra.connection.local_dc is deprecated (DSE 6.0.0) and has been automatically replaced with parameter spark.cassandra.connection.localDC. 
[main] WARN  com.datastax.spark.connector.util.DeprecatedConfigParameter [] - spark.cassandra.connection.timeout_ms is deprecated (DSE 6.0.0) and has been automatically replaced with parameter spark.cassandra.connection.timeoutMS. 
[main] INFO  com.datastax.oss.driver.internal.core.DefaultMavenCoordinates [] - DataStax Java driver for Apache Cassandra(R) (com.datastax.oss:java-driver-core-shaded) version 4.13.0
[s0-admin-0] INFO  com.datastax.oss.driver.internal.core.time.Clock [] - Using native clock for microsecond precision
[main] INFO  com.datastax.spark.connector.cql.CassandraConnector [] - Connected to Cassandra cluster.
[main] WARN  com.datastax.spark.connector.util.DeprecatedConfigParameter [] - spark.cassandra.read.timeout_ms is deprecated (DSE 6.0.0) and has been automatically replaced with parameter spark.cassandra.read.timeoutMS. 
[main] WARN  com.datastax.spark.connector.util.DeprecatedConfigParameter [] - spark.cassandra.connection.local_dc is deprecated (DSE 6.0.0) and has been automatically replaced with parameter spark.cassandra.connection.localDC. 
[main] WARN  com.datastax.spark.connector.util.DeprecatedConfigParameter [] - spark.cassandra.connection.timeout_ms is deprecated (DSE 6.0.0) and has been automatically replaced with parameter spark.cassandra.connection.timeoutMS. 
[main] INFO  etl.model.transform.Transform [] - Transforming data to data with filter_expression
[main] INFO  etl.model.transform.Transform [] - Transforming data to data with select
[main] INFO  etl.model.transform.Transform [] - Transforming data to data with debug
[main] WARN  com.datastax.spark.connector.util.DeprecatedConfigParameter [] - spark.cassandra.read.timeout_ms is deprecated (DSE 6.0.0) and has been automatically replaced with parameter spark.cassandra.read.timeoutMS. 
[main] WARN  com.datastax.spark.connector.util.DeprecatedConfigParameter [] - spark.cassandra.connection.local_dc is deprecated (DSE 6.0.0) and has been automatically replaced with parameter spark.cassandra.connection.localDC. 
[main] WARN  com.datastax.spark.connector.util.DeprecatedConfigParameter [] - spark.cassandra.connection.timeout_ms is deprecated (DSE 6.0.0) and has been automatically replaced with parameter spark.cassandra.connection.timeoutMS. 
[main] INFO  org.apache.spark.sql.execution.datasources.v2.V2ScanRelationPushDown [] - 
Pushing operators to content
Pushed Filters: 
Post-Scan Filters: isnotnull(content_specific_data#4),atleastnnonnulls(1, content_uuid#0, new_state#1, comments#2, content_priority#3, content_specific_data#4, content_type#5, created_date#6L, created_user_id#7, created_user_name#8, digital_content_list#9, expired_date#10L, is_deleted#11, published_by#12, published_date#13, state#14, state_change_note#15, time#16L, title#17, updated_date#18L, updated_user_id#19, updated_user_name#20, user_display_name#21),(instr(content_specific_data#4, usedFor) > 0)
         
[main] INFO  org.apache.spark.sql.execution.datasources.v2.V2ScanRelationPushDown [] - 
Output: content_uuid#0, new_state#1, comments#2, content_priority#3, content_specific_data#4, content_type#5, created_date#6L, created_user_id#7, created_user_name#8, digital_content_list#9, expired_date#10L, is_deleted#11, published_by#12, published_date#13, state#14, state_change_note#15, time#16L, title#17, updated_date#18L, updated_user_id#19, updated_user_name#20, user_display_name#21
         
[main] INFO  org.apache.spark.sql.catalyst.expressions.codegen.CodeGenerator [] - Code generated in 216.558998 ms
[main] INFO  org.apache.spark.SparkContext [] - Starting job: show at DebugAction.java:23
[dag-scheduler-event-loop] INFO  org.apache.spark.scheduler.DAGScheduler [] - Got job 0 (show at DebugAction.java:23) with 1 output partitions
[dag-scheduler-event-loop] INFO  org.apache.spark.scheduler.DAGScheduler [] - Final stage: ResultStage 0 (show at DebugAction.java:23)
[dag-scheduler-event-loop] INFO  org.apache.spark.scheduler.DAGScheduler [] - Parents of final stage: List()
[dag-scheduler-event-loop] INFO  org.apache.spark.scheduler.DAGScheduler [] - Missing parents: List()
[dag-scheduler-event-loop] INFO  org.apache.spark.scheduler.DAGScheduler [] - Submitting ResultStage 0 (MapPartitionsRDD[3] at show at DebugAction.java:23), which has no missing parents
[dag-scheduler-event-loop] INFO  org.apache.spark.storage.memory.MemoryStore [] - Block broadcast_0 stored as values in memory (estimated size 33.4 KiB, free 2.1 GiB)
[dag-scheduler-event-loop] INFO  org.apache.spark.storage.memory.MemoryStore [] - Block broadcast_0_piece0 stored as bytes in memory (estimated size 12.8 KiB, free 2.1 GiB)
[dispatcher-BlockManagerMaster] INFO  org.apache.spark.storage.BlockManagerInfo [] - Added broadcast_0_piece0 in memory on 192.168.100.172:43255 (size: 12.8 KiB, free: 2.1 GiB)
[dag-scheduler-event-loop] INFO  org.apache.spark.SparkContext [] - Created broadcast 0 from broadcast at DAGScheduler.scala:1580
[dag-scheduler-event-loop] INFO  org.apache.spark.scheduler.DAGScheduler [] - Submitting 1 missing tasks from ResultStage 0 (MapPartitionsRDD[3] at show at DebugAction.java:23) (first 15 tasks are for partitions Vector(0))
[dag-scheduler-event-loop] INFO  org.apache.spark.scheduler.TaskSchedulerImpl [] - Adding task set 0.0 with 1 tasks resource profile 0
[dispatcher-event-loop-6] INFO  org.apache.spark.scheduler.TaskSetManager [] - Starting task 0.0 in stage 0.0 (TID 0) (192.168.100.172, executor driver, partition 0, ANY, 9529 bytes) 
[Executor task launch worker for task 0.0 in stage 0.0 (TID 0)] INFO  org.apache.spark.executor.Executor [] - Running task 0.0 in stage 0.0 (TID 0)
[Executor task launch worker for task 0.0 in stage 0.0 (TID 0)] INFO  org.apache.spark.sql.catalyst.expressions.codegen.CodeGenerator [] - Code generated in 31.698416 ms
[Executor task launch worker for task 0.0 in stage 0.0 (TID 0)] INFO  org.apache.spark.sql.catalyst.expressions.codegen.CodeGenerator [] - Code generated in 34.310938 ms
[Executor task launch worker for task 0.0 in stage 0.0 (TID 0)] INFO  org.apache.spark.executor.Executor [] - Finished task 0.0 in stage 0.0 (TID 0). 1609 bytes result sent to driver
[task-result-getter-0] INFO  org.apache.spark.scheduler.TaskSetManager [] - Finished task 0.0 in stage 0.0 (TID 0) in 385 ms on 192.168.100.172 (executor driver) (1/1)
[task-result-getter-0] INFO  org.apache.spark.scheduler.TaskSchedulerImpl [] - Removed TaskSet 0.0, whose tasks have all completed, from pool 
[dag-scheduler-event-loop] INFO  org.apache.spark.scheduler.DAGScheduler [] - ResultStage 0 (show at DebugAction.java:23) finished in 0.615 s
[dag-scheduler-event-loop] INFO  org.apache.spark.scheduler.DAGScheduler [] - Job 0 is finished. Cancelling potential speculative or zombie tasks for this job
[dag-scheduler-event-loop] INFO  org.apache.spark.scheduler.TaskSchedulerImpl [] - Killing all running tasks in stage 0: Stage finished
[main] INFO  org.apache.spark.scheduler.DAGScheduler [] - Job 0 finished: show at DebugAction.java:23, took 0.648177 s
[main] INFO  org.apache.spark.SparkContext [] - Starting job: show at DebugAction.java:23
[dag-scheduler-event-loop] INFO  org.apache.spark.scheduler.DAGScheduler [] - Got job 1 (show at DebugAction.java:23) with 4 output partitions
[dag-scheduler-event-loop] INFO  org.apache.spark.scheduler.DAGScheduler [] - Final stage: ResultStage 1 (show at DebugAction.java:23)
[dag-scheduler-event-loop] INFO  org.apache.spark.scheduler.DAGScheduler [] - Parents of final stage: List()
[dag-scheduler-event-loop] INFO  org.apache.spark.scheduler.DAGScheduler [] - Missing parents: List()
[dag-scheduler-event-loop] INFO  org.apache.spark.scheduler.DAGScheduler [] - Submitting ResultStage 1 (MapPartitionsRDD[3] at show at DebugAction.java:23), which has no missing parents
[dag-scheduler-event-loop] INFO  org.apache.spark.storage.memory.MemoryStore [] - Block broadcast_1 stored as values in memory (estimated size 33.4 KiB, free 2.1 GiB)
[dag-scheduler-event-loop] INFO  org.apache.spark.storage.memory.MemoryStore [] - Block broadcast_1_piece0 stored as bytes in memory (estimated size 12.9 KiB, free 2.1 GiB)
[dispatcher-BlockManagerMaster] INFO  org.apache.spark.storage.BlockManagerInfo [] - Added broadcast_1_piece0 in memory on 192.168.100.172:43255 (size: 12.9 KiB, free: 2.1 GiB)
[dag-scheduler-event-loop] INFO  org.apache.spark.SparkContext [] - Created broadcast 1 from broadcast at DAGScheduler.scala:1580
[dag-scheduler-event-loop] INFO  org.apache.spark.scheduler.DAGScheduler [] - Submitting 4 missing tasks from ResultStage 1 (MapPartitionsRDD[3] at show at DebugAction.java:23) (first 15 tasks are for partitions Vector(1, 2, 3, 4))
[dag-scheduler-event-loop] INFO  org.apache.spark.scheduler.TaskSchedulerImpl [] - Adding task set 1.0 with 4 tasks resource profile 0
[dispatcher-event-loop-3] INFO  org.apache.spark.scheduler.TaskSetManager [] - Starting task 0.0 in stage 1.0 (TID 1) (192.168.100.172, executor driver, partition 1, ANY, 9529 bytes) 
[dispatcher-event-loop-3] INFO  org.apache.spark.scheduler.TaskSetManager [] - Starting task 1.0 in stage 1.0 (TID 2) (192.168.100.172, executor driver, partition 2, ANY, 9529 bytes) 
[dispatcher-event-loop-3] INFO  org.apache.spark.scheduler.TaskSetManager [] - Starting task 2.0 in stage 1.0 (TID 3) (192.168.100.172, executor driver, partition 3, ANY, 9525 bytes) 
[dispatcher-event-loop-3] INFO  org.apache.spark.scheduler.TaskSetManager [] - Starting task 3.0 in stage 1.0 (TID 4) (192.168.100.172, executor driver, partition 4, ANY, 9649 bytes) 
[Executor task launch worker for task 0.0 in stage 1.0 (TID 1)] INFO  org.apache.spark.executor.Executor [] - Running task 0.0 in stage 1.0 (TID 1)
[Executor task launch worker for task 1.0 in stage 1.0 (TID 2)] INFO  org.apache.spark.executor.Executor [] - Running task 1.0 in stage 1.0 (TID 2)
[Executor task launch worker for task 2.0 in stage 1.0 (TID 3)] INFO  org.apache.spark.executor.Executor [] - Running task 2.0 in stage 1.0 (TID 3)
[Executor task launch worker for task 3.0 in stage 1.0 (TID 4)] INFO  org.apache.spark.executor.Executor [] - Running task 3.0 in stage 1.0 (TID 4)
[dispatcher-BlockManagerMaster] INFO  org.apache.spark.storage.BlockManagerInfo [] - Removed broadcast_0_piece0 on 192.168.100.172:43255 in memory (size: 12.8 KiB, free: 2.1 GiB)
[Executor task launch worker for task 0.0 in stage 1.0 (TID 1)] INFO  org.apache.spark.executor.Executor [] - Finished task 0.0 in stage 1.0 (TID 1). 1609 bytes result sent to driver
[Executor task launch worker for task 1.0 in stage 1.0 (TID 2)] INFO  org.apache.spark.executor.Executor [] - Finished task 1.0 in stage 1.0 (TID 2). 1652 bytes result sent to driver
[task-result-getter-1] INFO  org.apache.spark.scheduler.TaskSetManager [] - Finished task 0.0 in stage 1.0 (TID 1) in 117 ms on 192.168.100.172 (executor driver) (1/4)
[task-result-getter-2] INFO  org.apache.spark.scheduler.TaskSetManager [] - Finished task 1.0 in stage 1.0 (TID 2) in 118 ms on 192.168.100.172 (executor driver) (2/4)
[Executor task launch worker for task 2.0 in stage 1.0 (TID 3)] INFO  org.apache.spark.executor.Executor [] - Finished task 2.0 in stage 1.0 (TID 3). 1609 bytes result sent to driver
[task-result-getter-3] INFO  org.apache.spark.scheduler.TaskSetManager [] - Finished task 2.0 in stage 1.0 (TID 3) in 135 ms on 192.168.100.172 (executor driver) (3/4)
[Executor task launch worker for task 3.0 in stage 1.0 (TID 4)] INFO  org.apache.spark.executor.Executor [] - Finished task 3.0 in stage 1.0 (TID 4). 1652 bytes result sent to driver
[task-result-getter-0] INFO  org.apache.spark.scheduler.TaskSetManager [] - Finished task 3.0 in stage 1.0 (TID 4) in 135 ms on 192.168.100.172 (executor driver) (4/4)
[task-result-getter-0] INFO  org.apache.spark.scheduler.TaskSchedulerImpl [] - Removed TaskSet 1.0, whose tasks have all completed, from pool 
[dag-scheduler-event-loop] INFO  org.apache.spark.scheduler.DAGScheduler [] - ResultStage 1 (show at DebugAction.java:23) finished in 0.150 s
[dag-scheduler-event-loop] INFO  org.apache.spark.scheduler.DAGScheduler [] - Job 1 is finished. Cancelling potential speculative or zombie tasks for this job
[dag-scheduler-event-loop] INFO  org.apache.spark.scheduler.TaskSchedulerImpl [] - Killing all running tasks in stage 1: Stage finished
[main] INFO  org.apache.spark.scheduler.DAGScheduler [] - Job 1 finished: show at DebugAction.java:23, took 0.156385 s
[main] INFO  org.apache.spark.SparkContext [] - Starting job: show at DebugAction.java:23
[dag-scheduler-event-loop] INFO  org.apache.spark.scheduler.DAGScheduler [] - Got job 2 (show at DebugAction.java:23) with 12 output partitions
[dag-scheduler-event-loop] INFO  org.apache.spark.scheduler.DAGScheduler [] - Final stage: ResultStage 2 (show at DebugAction.java:23)
[dag-scheduler-event-loop] INFO  org.apache.spark.scheduler.DAGScheduler [] - Parents of final stage: List()
[dag-scheduler-event-loop] INFO  org.apache.spark.scheduler.DAGScheduler [] - Missing parents: List()
[dag-scheduler-event-loop] INFO  org.apache.spark.scheduler.DAGScheduler [] - Submitting ResultStage 2 (MapPartitionsRDD[3] at show at DebugAction.java:23), which has no missing parents
[dag-scheduler-event-loop] INFO  org.apache.spark.storage.memory.MemoryStore [] - Block broadcast_2 stored as values in memory (estimated size 33.4 KiB, free 2.1 GiB)
[dag-scheduler-event-loop] INFO  org.apache.spark.storage.memory.MemoryStore [] - Block broadcast_2_piece0 stored as bytes in memory (estimated size 12.9 KiB, free 2.1 GiB)
[dispatcher-BlockManagerMaster] INFO  org.apache.spark.storage.BlockManagerInfo [] - Added broadcast_2_piece0 in memory on 192.168.100.172:43255 (size: 12.9 KiB, free: 2.1 GiB)
[dag-scheduler-event-loop] INFO  org.apache.spark.SparkContext [] - Created broadcast 2 from broadcast at DAGScheduler.scala:1580
[dag-scheduler-event-loop] INFO  org.apache.spark.scheduler.DAGScheduler [] - Submitting 12 missing tasks from ResultStage 2 (MapPartitionsRDD[3] at show at DebugAction.java:23) (first 15 tasks are for partitions Vector(5, 6, 7, 8, 9, 10, 11, 12, 13, 14, 15, 16))
[dag-scheduler-event-loop] INFO  org.apache.spark.scheduler.TaskSchedulerImpl [] - Adding task set 2.0 with 12 tasks resource profile 0
[dispatcher-event-loop-1] INFO  org.apache.spark.scheduler.TaskSetManager [] - Starting task 0.0 in stage 2.0 (TID 5) (192.168.100.172, executor driver, partition 5, ANY, 9529 bytes) 
[dispatcher-event-loop-1] INFO  org.apache.spark.scheduler.TaskSetManager [] - Starting task 1.0 in stage 2.0 (TID 6) (192.168.100.172, executor driver, partition 6, ANY, 9529 bytes) 
[dispatcher-event-loop-1] INFO  org.apache.spark.scheduler.TaskSetManager [] - Starting task 2.0 in stage 2.0 (TID 7) (192.168.100.172, executor driver, partition 7, ANY, 9529 bytes) 
[dispatcher-event-loop-1] INFO  org.apache.spark.scheduler.TaskSetManager [] - Starting task 3.0 in stage 2.0 (TID 8) (192.168.100.172, executor driver, partition 8, ANY, 9529 bytes) 
[dispatcher-event-loop-1] INFO  org.apache.spark.scheduler.TaskSetManager [] - Starting task 4.0 in stage 2.0 (TID 9) (192.168.100.172, executor driver, partition 9, ANY, 9529 bytes) 
[dispatcher-event-loop-1] INFO  org.apache.spark.scheduler.TaskSetManager [] - Starting task 5.0 in stage 2.0 (TID 10) (192.168.100.172, executor driver, partition 10, ANY, 9529 bytes) 
[dispatcher-event-loop-1] INFO  org.apache.spark.scheduler.TaskSetManager [] - Starting task 6.0 in stage 2.0 (TID 11) (192.168.100.172, executor driver, partition 11, ANY, 9529 bytes) 
[dispatcher-event-loop-1] INFO  org.apache.spark.scheduler.TaskSetManager [] - Starting task 7.0 in stage 2.0 (TID 12) (192.168.100.172, executor driver, partition 12, ANY, 9529 bytes) 
[Executor task launch worker for task 0.0 in stage 2.0 (TID 5)] INFO  org.apache.spark.executor.Executor [] - Running task 0.0 in stage 2.0 (TID 5)
[Executor task launch worker for task 2.0 in stage 2.0 (TID 7)] INFO  org.apache.spark.executor.Executor [] - Running task 2.0 in stage 2.0 (TID 7)
[Executor task launch worker for task 1.0 in stage 2.0 (TID 6)] INFO  org.apache.spark.executor.Executor [] - Running task 1.0 in stage 2.0 (TID 6)
[Executor task launch worker for task 4.0 in stage 2.0 (TID 9)] INFO  org.apache.spark.executor.Executor [] - Running task 4.0 in stage 2.0 (TID 9)
[Executor task launch worker for task 5.0 in stage 2.0 (TID 10)] INFO  org.apache.spark.executor.Executor [] - Running task 5.0 in stage 2.0 (TID 10)
[Executor task launch worker for task 3.0 in stage 2.0 (TID 8)] INFO  org.apache.spark.executor.Executor [] - Running task 3.0 in stage 2.0 (TID 8)
[Executor task launch worker for task 7.0 in stage 2.0 (TID 12)] INFO  org.apache.spark.executor.Executor [] - Running task 7.0 in stage 2.0 (TID 12)
[Executor task launch worker for task 6.0 in stage 2.0 (TID 11)] INFO  org.apache.spark.executor.Executor [] - Running task 6.0 in stage 2.0 (TID 11)
[Executor task launch worker for task 2.0 in stage 2.0 (TID 7)] INFO  org.apache.spark.executor.Executor [] - Finished task 2.0 in stage 2.0 (TID 7). 1566 bytes result sent to driver
[Executor task launch worker for task 4.0 in stage 2.0 (TID 9)] INFO  org.apache.spark.executor.Executor [] - Finished task 4.0 in stage 2.0 (TID 9). 1566 bytes result sent to driver
[Executor task launch worker for task 1.0 in stage 2.0 (TID 6)] INFO  org.apache.spark.executor.Executor [] - Finished task 1.0 in stage 2.0 (TID 6). 1566 bytes result sent to driver
[dispatcher-event-loop-4] INFO  org.apache.spark.scheduler.TaskSetManager [] - Starting task 8.0 in stage 2.0 (TID 13) (192.168.100.172, executor driver, partition 13, ANY, 9529 bytes) 
[Executor task launch worker for task 0.0 in stage 2.0 (TID 5)] INFO  org.apache.spark.executor.Executor [] - Finished task 0.0 in stage 2.0 (TID 5). 1508 bytes result sent to driver
[Executor task launch worker for task 8.0 in stage 2.0 (TID 13)] INFO  org.apache.spark.executor.Executor [] - Running task 8.0 in stage 2.0 (TID 13)
[dispatcher-event-loop-4] INFO  org.apache.spark.scheduler.TaskSetManager [] - Starting task 9.0 in stage 2.0 (TID 14) (192.168.100.172, executor driver, partition 14, ANY, 9529 bytes) 
[Executor task launch worker for task 9.0 in stage 2.0 (TID 14)] INFO  org.apache.spark.executor.Executor [] - Running task 9.0 in stage 2.0 (TID 14)
[dispatcher-event-loop-4] INFO  org.apache.spark.scheduler.TaskSetManager [] - Starting task 10.0 in stage 2.0 (TID 15) (192.168.100.172, executor driver, partition 15, ANY, 9529 bytes) 
[task-result-getter-1] INFO  org.apache.spark.scheduler.TaskSetManager [] - Finished task 2.0 in stage 2.0 (TID 7) in 91 ms on 192.168.100.172 (executor driver) (1/12)
[Executor task launch worker for task 10.0 in stage 2.0 (TID 15)] INFO  org.apache.spark.executor.Executor [] - Running task 10.0 in stage 2.0 (TID 15)
[task-result-getter-2] INFO  org.apache.spark.scheduler.TaskSetManager [] - Finished task 4.0 in stage 2.0 (TID 9) in 92 ms on 192.168.100.172 (executor driver) (2/12)
[task-result-getter-3] INFO  org.apache.spark.scheduler.TaskSetManager [] - Finished task 1.0 in stage 2.0 (TID 6) in 95 ms on 192.168.100.172 (executor driver) (3/12)
[dispatcher-event-loop-4] INFO  org.apache.spark.scheduler.TaskSetManager [] - Starting task 11.0 in stage 2.0 (TID 16) (192.168.100.172, executor driver, partition 16, ANY, 9529 bytes) 
[Executor task launch worker for task 11.0 in stage 2.0 (TID 16)] INFO  org.apache.spark.executor.Executor [] - Running task 11.0 in stage 2.0 (TID 16)
[task-result-getter-0] INFO  org.apache.spark.scheduler.TaskSetManager [] - Finished task 0.0 in stage 2.0 (TID 5) in 104 ms on 192.168.100.172 (executor driver) (4/12)
[Executor task launch worker for task 7.0 in stage 2.0 (TID 12)] INFO  org.apache.spark.executor.Executor [] - Finished task 7.0 in stage 2.0 (TID 12). 1508 bytes result sent to driver
[task-result-getter-1] INFO  org.apache.spark.scheduler.TaskSetManager [] - Finished task 7.0 in stage 2.0 (TID 12) in 104 ms on 192.168.100.172 (executor driver) (5/12)
[Executor task launch worker for task 5.0 in stage 2.0 (TID 10)] INFO  org.apache.spark.executor.Executor [] - Finished task 5.0 in stage 2.0 (TID 10). 1508 bytes result sent to driver
[Executor task launch worker for task 3.0 in stage 2.0 (TID 8)] INFO  org.apache.spark.executor.Executor [] - Finished task 3.0 in stage 2.0 (TID 8). 1609 bytes result sent to driver
[task-result-getter-2] INFO  org.apache.spark.scheduler.TaskSetManager [] - Finished task 5.0 in stage 2.0 (TID 10) in 117 ms on 192.168.100.172 (executor driver) (6/12)
[task-result-getter-3] INFO  org.apache.spark.scheduler.TaskSetManager [] - Finished task 3.0 in stage 2.0 (TID 8) in 119 ms on 192.168.100.172 (executor driver) (7/12)
[Executor task launch worker for task 6.0 in stage 2.0 (TID 11)] INFO  org.apache.spark.executor.Executor [] - Finished task 6.0 in stage 2.0 (TID 11). 1609 bytes result sent to driver
[task-result-getter-0] INFO  org.apache.spark.scheduler.TaskSetManager [] - Finished task 6.0 in stage 2.0 (TID 11) in 124 ms on 192.168.100.172 (executor driver) (8/12)
[Executor task launch worker for task 10.0 in stage 2.0 (TID 15)] INFO  org.apache.spark.executor.Executor [] - Finished task 10.0 in stage 2.0 (TID 15). 1609 bytes result sent to driver
[task-result-getter-1] INFO  org.apache.spark.scheduler.TaskSetManager [] - Finished task 10.0 in stage 2.0 (TID 15) in 57 ms on 192.168.100.172 (executor driver) (9/12)
[Executor task launch worker for task 11.0 in stage 2.0 (TID 16)] INFO  org.apache.spark.executor.Executor [] - Finished task 11.0 in stage 2.0 (TID 16). 1566 bytes result sent to driver
[task-result-getter-2] INFO  org.apache.spark.scheduler.TaskSetManager [] - Finished task 11.0 in stage 2.0 (TID 16) in 52 ms on 192.168.100.172 (executor driver) (10/12)
[Executor task launch worker for task 8.0 in stage 2.0 (TID 13)] INFO  org.apache.spark.executor.Executor [] - Finished task 8.0 in stage 2.0 (TID 13). 1566 bytes result sent to driver
[Executor task launch worker for task 9.0 in stage 2.0 (TID 14)] INFO  org.apache.spark.executor.Executor [] - Finished task 9.0 in stage 2.0 (TID 14). 1508 bytes result sent to driver
[task-result-getter-0] INFO  org.apache.spark.scheduler.TaskSetManager [] - Finished task 9.0 in stage 2.0 (TID 14) in 67 ms on 192.168.100.172 (executor driver) (11/12)
[task-result-getter-3] INFO  org.apache.spark.scheduler.TaskSetManager [] - Finished task 8.0 in stage 2.0 (TID 13) in 71 ms on 192.168.100.172 (executor driver) (12/12)
[task-result-getter-3] INFO  org.apache.spark.scheduler.TaskSchedulerImpl [] - Removed TaskSet 2.0, whose tasks have all completed, from pool 
[dag-scheduler-event-loop] INFO  org.apache.spark.scheduler.DAGScheduler [] - ResultStage 2 (show at DebugAction.java:23) finished in 0.166 s
[dag-scheduler-event-loop] INFO  org.apache.spark.scheduler.DAGScheduler [] - Job 2 is finished. Cancelling potential speculative or zombie tasks for this job
[dag-scheduler-event-loop] INFO  org.apache.spark.scheduler.TaskSchedulerImpl [] - Killing all running tasks in stage 2: Stage finished
[main] INFO  org.apache.spark.scheduler.DAGScheduler [] - Job 2 finished: show at DebugAction.java:23, took 0.174364 s
[main] INFO  org.apache.spark.sql.catalyst.expressions.codegen.CodeGenerator [] - Code generated in 5.199588 ms
[main] INFO  etl.model.transform.task.DebugAction [] - 
+------------------------------------+
|content_uuid                        |
+------------------------------------+
|97873203-6f04-43dd-85a2-aebaa9b8e243|
|2c600b8d-12da-40e4-b5d6-561c9b6d46f5|
|75e4e12d-36f5-40ee-a716-d4bdb8d8a505|
|40fb1b73-2f1f-4ed2-8b2d-2cd2d042205d|
|b949beba-b5bc-4c14-91fc-fac0a31c94e8|
|71e82896-8d14-45c6-9127-17615a85c146|
|ebbff1a0-55fb-4500-9f27-d038ca476af2|
|181a86e1-2afc-454c-9fd6-56aa57bdf20f|
|fb47e609-1160-499d-bd9e-2f0eaa6f7675|
|4260efa5-88f0-41d6-9c9e-58723f48e482|
|a03e7225-a4a7-4b21-b573-69ffd4c03fdb|
|769a1def-2b85-4dac-bd16-e7e885d32719|
|ee1e3a51-9f05-4352-99dd-20855b45b376|
|c836f409-45bd-444f-9f4b-1332fb20647f|
|17d7f8d8-e881-4584-9e7b-87194b8e4247|
|98ecb489-03eb-4266-851d-0aa2b284dc59|
|a0136674-6158-4173-b306-ec8ef251a5ee|
|fdcabf7a-5deb-413b-bd85-6ab0dc57a0b7|
+------------------------------------+


[main] INFO  etl.model.load.Load [] - Loading data
[main] WARN  com.datastax.spark.connector.util.DeprecatedConfigParameter [] - spark.cassandra.read.timeout_ms is deprecated (DSE 6.0.0) and has been automatically replaced with parameter spark.cassandra.read.timeoutMS. 
[main] WARN  com.datastax.spark.connector.util.DeprecatedConfigParameter [] - spark.cassandra.connection.local_dc is deprecated (DSE 6.0.0) and has been automatically replaced with parameter spark.cassandra.connection.localDC. 
[main] WARN  com.datastax.spark.connector.util.DeprecatedConfigParameter [] - spark.cassandra.connection.timeout_ms is deprecated (DSE 6.0.0) and has been automatically replaced with parameter spark.cassandra.connection.timeoutMS. 
[main] INFO  org.apache.spark.sql.execution.datasources.v2.V2ScanRelationPushDown [] - 
Pushing operators to content
Pushed Filters: 
Post-Scan Filters: isnotnull(content_specific_data#4),atleastnnonnulls(1, content_uuid#0, new_state#1, comments#2, content_priority#3, content_specific_data#4, content_type#5, created_date#6L, created_user_id#7, created_user_name#8, digital_content_list#9, expired_date#10L, is_deleted#11, published_by#12, published_date#13, state#14, state_change_note#15, time#16L, title#17, updated_date#18L, updated_user_id#19, updated_user_name#20, user_display_name#21),(instr(content_specific_data#4, usedFor) > 0)
         
[main] INFO  org.apache.spark.sql.execution.datasources.v2.V2ScanRelationPushDown [] - 
Output: content_uuid#0, new_state#1, comments#2, content_priority#3, content_specific_data#4, content_type#5, created_date#6L, created_user_id#7, created_user_name#8, digital_content_list#9, expired_date#10L, is_deleted#11, published_by#12, published_date#13, state#14, state_change_note#15, time#16L, title#17, updated_date#18L, updated_user_id#19, updated_user_name#20, user_display_name#21
         
[main] INFO  org.apache.hadoop.mapreduce.lib.output.FileOutputCommitter [] - File Output Committer Algorithm version is 1
[main] INFO  org.apache.hadoop.mapreduce.lib.output.FileOutputCommitter [] - FileOutputCommitter skip cleanup _temporary folders under output directory:false, ignore cleanup failures: false
[main] INFO  org.apache.spark.sql.execution.datasources.SQLHadoopMapReduceCommitProtocol [] - Using output committer class org.apache.hadoop.mapreduce.lib.output.FileOutputCommitter
[main] INFO  org.apache.spark.sql.catalyst.expressions.codegen.CodeGenerator [] - Code generated in 14.886514 ms
[main] INFO  org.apache.spark.SparkContext [] - Starting job: save at Mode.java:25
[dag-scheduler-event-loop] INFO  org.apache.spark.scheduler.DAGScheduler [] - Got job 3 (save at Mode.java:25) with 1 output partitions
[dag-scheduler-event-loop] INFO  org.apache.spark.scheduler.DAGScheduler [] - Final stage: ResultStage 3 (save at Mode.java:25)
[dag-scheduler-event-loop] INFO  org.apache.spark.scheduler.DAGScheduler [] - Parents of final stage: List()
[dag-scheduler-event-loop] INFO  org.apache.spark.scheduler.DAGScheduler [] - Missing parents: List()
[dag-scheduler-event-loop] INFO  org.apache.spark.scheduler.DAGScheduler [] - Submitting ResultStage 3 (MapPartitionsRDD[8] at save at Mode.java:25), which has no missing parents
[dag-scheduler-event-loop] INFO  org.apache.spark.storage.memory.MemoryStore [] - Block broadcast_3 stored as values in memory (estimated size 321.6 KiB, free 2.1 GiB)
[dag-scheduler-event-loop] INFO  org.apache.spark.storage.memory.MemoryStore [] - Block broadcast_3_piece0 stored as bytes in memory (estimated size 117.4 KiB, free 2.1 GiB)
[dispatcher-BlockManagerMaster] INFO  org.apache.spark.storage.BlockManagerInfo [] - Added broadcast_3_piece0 in memory on 192.168.100.172:43255 (size: 117.4 KiB, free: 2.1 GiB)
[dag-scheduler-event-loop] INFO  org.apache.spark.SparkContext [] - Created broadcast 3 from broadcast at DAGScheduler.scala:1580
[dag-scheduler-event-loop] INFO  org.apache.spark.scheduler.DAGScheduler [] - Submitting 1 missing tasks from ResultStage 3 (MapPartitionsRDD[8] at save at Mode.java:25) (first 15 tasks are for partitions Vector(0))
[dag-scheduler-event-loop] INFO  org.apache.spark.scheduler.TaskSchedulerImpl [] - Adding task set 3.0 with 1 tasks resource profile 0
[dispatcher-event-loop-1] INFO  org.apache.spark.scheduler.TaskSetManager [] - Starting task 0.0 in stage 3.0 (TID 17) (192.168.100.172, executor driver, partition 0, ANY, 13912 bytes) 
[Executor task launch worker for task 0.0 in stage 3.0 (TID 17)] INFO  org.apache.spark.executor.Executor [] - Running task 0.0 in stage 3.0 (TID 17)
[Executor task launch worker for task 0.0 in stage 3.0 (TID 17)] INFO  org.apache.hadoop.mapreduce.lib.output.FileOutputCommitter [] - File Output Committer Algorithm version is 1
[Executor task launch worker for task 0.0 in stage 3.0 (TID 17)] INFO  org.apache.hadoop.mapreduce.lib.output.FileOutputCommitter [] - FileOutputCommitter skip cleanup _temporary folders under output directory:false, ignore cleanup failures: false
[Executor task launch worker for task 0.0 in stage 3.0 (TID 17)] INFO  org.apache.spark.sql.execution.datasources.SQLHadoopMapReduceCommitProtocol [] - Using output committer class org.apache.hadoop.mapreduce.lib.output.FileOutputCommitter
[Executor task launch worker for task 0.0 in stage 3.0 (TID 17)] INFO  org.apache.spark.sql.catalyst.expressions.codegen.CodeGenerator [] - Code generated in 17.001545 ms
[Executor task launch worker for task 0.0 in stage 3.0 (TID 17)] INFO  org.apache.hadoop.mapreduce.lib.output.FileOutputCommitter [] - Saved output of task 'attempt_202609171113467495424912388469572_0003_m_000000_17' to file:/home/subratd/Documents/etl/data.csv/_temporary/0/task_202609171113467495424912388469572_0003_m_000000
[Executor task launch worker for task 0.0 in stage 3.0 (TID 17)] INFO  org.apache.spark.mapred.SparkHadoopMapRedUtil [] - attempt_202609171113467495424912388469572_0003_m_000000_17: Committed. Elapsed time: 0 ms.
[Executor task launch worker for task 0.0 in stage 3.0 (TID 17)] INFO  org.apache.spark.executor.Executor [] - Finished task 0.0 in stage 3.0 (TID 17). 2583 bytes result sent to driver
[task-result-getter-1] INFO  org.apache.spark.scheduler.TaskSetManager [] - Finished task 0.0 in stage 3.0 (TID 17) in 654 ms on 192.168.100.172 (executor driver) (1/1)
[task-result-getter-1] INFO  org.apache.spark.scheduler.TaskSchedulerImpl [] - Removed TaskSet 3.0, whose tasks have all completed, from pool 
[dag-scheduler-event-loop] INFO  org.apache.spark.scheduler.DAGScheduler [] - ResultStage 3 (save at Mode.java:25) finished in 0.707 s
[dag-scheduler-event-loop] INFO  org.apache.spark.scheduler.DAGScheduler [] - Job 3 is finished. Cancelling potential speculative or zombie tasks for this job
[dag-scheduler-event-loop] INFO  org.apache.spark.scheduler.TaskSchedulerImpl [] - Killing all running tasks in stage 3: Stage finished
[main] INFO  org.apache.spark.scheduler.DAGScheduler [] - Job 3 finished: save at Mode.java:25, took 0.712325 s
[main] INFO  org.apache.spark.sql.execution.datasources.FileFormatWriter [] - Start to commit write Job 794c6865-6667-4ac4-9876-d04c564bfbaa.
[main] INFO  org.apache.spark.sql.execution.datasources.FileFormatWriter [] - Write Job 794c6865-6667-4ac4-9876-d04c564bfbaa committed. Elapsed time: 11 ms.
[main] INFO  org.apache.spark.sql.execution.datasources.FileFormatWriter [] - Finished processing stats for write job 794c6865-6667-4ac4-9876-d04c564bfbaa.
[main] INFO  etl.ETLJob [] - Done processing job aiPromptQuoteInfoClearAiFields
[main] INFO  etl.provider.impl.YamlProvider [] - Updating job aiPromptQuoteInfoClearAiFields status COMPLETED
[main] INFO  etl.provider.impl.YamlProvider [] - Updated job aiPromptQuoteInfoClearAiFields status COMPLETED
[shutdown-hook-0] INFO  org.apache.spark.SparkContext [] - Invoking stop() from shutdown hook
[shutdown-hook-0] INFO  org.apache.spark.SparkContext [] - SparkContext is stopping with exitCode 0.
[shutdown-hook-0] INFO  org.sparkproject.jetty.server.AbstractConnector [] - Stopped Spark@5c32926{HTTP/1.1, (http/1.1)}{0.0.0.0:4040}
[shutdown-hook-0] INFO  org.apache.spark.ui.SparkUI [] - Stopped Spark web UI at http://192.168.100.172:4040
[Serial shutdown hooks thread] INFO  com.datastax.spark.connector.cql.CassandraConnector [] - Disconnected from Cassandra cluster.
[Serial shutdown hooks thread] INFO  com.datastax.spark.connector.util.SerialShutdownHooks [] - Successfully executed shutdown hook: Clearing session cache for C* connector
[dispatcher-event-loop-2] INFO  org.apache.spark.MapOutputTrackerMasterEndpoint [] - MapOutputTrackerMasterEndpoint stopped!
[shutdown-hook-0] INFO  org.apache.spark.storage.memory.MemoryStore [] - MemoryStore cleared
[shutdown-hook-0] INFO  org.apache.spark.storage.BlockManager [] - BlockManager stopped
[shutdown-hook-0] INFO  org.apache.spark.storage.BlockManagerMaster [] - BlockManagerMaster stopped
[dispatcher-event-loop-5] INFO  org.apache.spark.scheduler.OutputCommitCoordinator$OutputCommitCoordinatorEndpoint [] - OutputCommitCoordinator stopped!
[shutdown-hook-0] INFO  org.apache.spark.SparkContext [] - Successfully stopped SparkContext
[shutdown-hook-0] INFO  org.apache.spark.util.ShutdownHookManager [] - Shutdown hook called
[shutdown-hook-0] INFO  org.apache.spark.util.ShutdownHookManager [] - Deleting directory /tmp/spark-ee8ad6ca-8659-4d1c-b365-803c844748a3
[main] INFO  Main [] - Remote spark cluster not found!!! Using standalone
[main] WARN  org.apache.spark.util.Utils [] - Your hostname, Subrat-Devnath resolves to a loopback address: 127.0.1.1; using 192.168.100.172 instead (on interface wlp0s20f3)
[main] WARN  org.apache.spark.util.Utils [] - Set SPARK_LOCAL_IP if you need to bind to another address
[main] INFO  org.apache.spark.SparkContext [] - Running Spark version 3.5.0
[main] INFO  org.apache.spark.SparkContext [] - OS info Linux, 6.8.0-138-generic, amd64
[main] INFO  org.apache.spark.SparkContext [] - Java version 1.8.0_502
[main] WARN  org.apache.hadoop.util.NativeCodeLoader [] - Unable to load native-hadoop library for your platform... using builtin-java classes where applicable
[main] INFO  org.apache.spark.resource.ResourceUtils [] - ==============================================================
[main] INFO  org.apache.spark.resource.ResourceUtils [] - No custom resources configured for spark.driver.
[main] INFO  org.apache.spark.resource.ResourceUtils [] - ==============================================================
[main] INFO  org.apache.spark.SparkContext [] - Submitted application: 9d1675aa-226b-4e47-9025-ed7c4a1d4b95
[main] INFO  org.apache.spark.resource.ResourceProfile [] - Default ResourceProfile created, executor resources: Map(cores -> name: cores, amount: 1, script: , vendor: , memory -> name: memory, amount: 1024, script: , vendor: , offHeap -> name: offHeap, amount: 0, script: , vendor: ), task resources: Map(cpus -> name: cpus, amount: 1.0)
[main] INFO  org.apache.spark.resource.ResourceProfile [] - Limiting resource is cpu
[main] INFO  org.apache.spark.resource.ResourceProfileManager [] - Added ResourceProfile id: 0
[main] INFO  org.apache.spark.SecurityManager [] - Changing view acls to: subratd
[main] INFO  org.apache.spark.SecurityManager [] - Changing modify acls to: subratd
[main] INFO  org.apache.spark.SecurityManager [] - Changing view acls groups to: 
[main] INFO  org.apache.spark.SecurityManager [] - Changing modify acls groups to: 
[main] INFO  org.apache.spark.SecurityManager [] - SecurityManager: authentication disabled; ui acls disabled; users with view permissions: subratd; groups with view permissions: EMPTY; users with modify permissions: subratd; groups with modify permissions: EMPTY
[main] INFO  org.apache.spark.util.Utils [] - Successfully started service 'sparkDriver' on port 41907.
[main] INFO  org.apache.spark.SparkEnv [] - Registering MapOutputTracker
[main] INFO  org.apache.spark.SparkEnv [] - Registering BlockManagerMaster
[main] INFO  org.apache.spark.storage.BlockManagerMasterEndpoint [] - Using org.apache.spark.storage.DefaultTopologyMapper for getting topology information
[main] INFO  org.apache.spark.storage.BlockManagerMasterEndpoint [] - BlockManagerMasterEndpoint up
[main] INFO  org.apache.spark.SparkEnv [] - Registering BlockManagerMasterHeartbeat
[main] INFO  org.apache.spark.storage.DiskBlockManager [] - Created local directory at /tmp/blockmgr-960ab88c-b5a2-4a67-b03f-a416b89705bf
[main] INFO  org.apache.spark.storage.memory.MemoryStore [] - MemoryStore started with capacity 1919.4 MiB
[main] INFO  org.apache.spark.SparkEnv [] - Registering OutputCommitCoordinator
[main] INFO  org.sparkproject.jetty.util.log [] - Logging initialized @2000ms to org.sparkproject.jetty.util.log.Slf4jLog
[main] INFO  org.apache.spark.ui.JettyUtils [] - Start Jetty 0.0.0.0:4040 for SparkUI
[main] INFO  org.sparkproject.jetty.server.Server [] - jetty-9.4.52.v20230823; built: 2023-08-23T19:29:37.669Z; git: abdcda73818a1a2c705da276edb0bf6581e7997e; jvm 1.8.0_502-8u502-ga~us1-0ubuntu1~22.04-b07
[main] INFO  org.sparkproject.jetty.server.Server [] - Started @2135ms
[main] INFO  org.sparkproject.jetty.server.AbstractConnector [] - Started ServerConnector@1965539b{HTTP/1.1, (http/1.1)}{0.0.0.0:4040}
[main] INFO  org.apache.spark.util.Utils [] - Successfully started service 'SparkUI' on port 4040.
[main] INFO  org.sparkproject.jetty.server.handler.ContextHandler [] - Started o.s.j.s.ServletContextHandler@22d9c961{/,null,AVAILABLE,@Spark}
[main] INFO  org.apache.spark.executor.Executor [] - Starting executor ID driver on host 192.168.100.172
[main] INFO  org.apache.spark.executor.Executor [] - OS info Linux, 6.8.0-138-generic, amd64
[main] INFO  org.apache.spark.executor.Executor [] - Java version 1.8.0_502
[main] INFO  org.apache.spark.executor.Executor [] - Starting executor with user classpath (userClassPathFirst = false): ''
[main] INFO  org.apache.spark.executor.Executor [] - Created or updated repl class loader org.apache.spark.util.MutableURLClassLoader@258ee7de for default.
[main] INFO  org.apache.spark.util.Utils [] - Successfully started service 'org.apache.spark.network.netty.NettyBlockTransferService' on port 45619.
[main] INFO  org.apache.spark.network.netty.NettyBlockTransferService [] - Server created on 192.168.100.172:45619
[main] INFO  org.apache.spark.storage.BlockManager [] - Using org.apache.spark.storage.RandomBlockReplicationPolicy for block replication policy
[main] INFO  org.apache.spark.storage.BlockManagerMaster [] - Registering BlockManager BlockManagerId(driver, 192.168.100.172, 45619, None)
[dispatcher-BlockManagerMaster] INFO  org.apache.spark.storage.BlockManagerMasterEndpoint [] - Registering block manager 192.168.100.172:45619 with 1919.4 MiB RAM, BlockManagerId(driver, 192.168.100.172, 45619, None)
[main] INFO  org.apache.spark.storage.BlockManagerMaster [] - Registered BlockManager BlockManagerId(driver, 192.168.100.172, 45619, None)
[main] INFO  org.apache.spark.storage.BlockManager [] - Initialized BlockManager: BlockManagerId(driver, 192.168.100.172, 45619, None)
[main] INFO  org.sparkproject.jetty.server.handler.ContextHandler [] - Stopped o.s.j.s.ServletContextHandler@22d9c961{/,null,STOPPED,@Spark}
[main] INFO  org.sparkproject.jetty.server.handler.ContextHandler [] - Started o.s.j.s.ServletContextHandler@6c575325{/jobs,null,AVAILABLE,@Spark}
[main] INFO  org.sparkproject.jetty.server.handler.ContextHandler [] - Started o.s.j.s.ServletContextHandler@736309a9{/jobs/json,null,AVAILABLE,@Spark}
[main] INFO  org.sparkproject.jetty.server.handler.ContextHandler [] - Started o.s.j.s.ServletContextHandler@4a34e9f{/jobs/job,null,AVAILABLE,@Spark}
[main] INFO  org.sparkproject.jetty.server.handler.ContextHandler [] - Started o.s.j.s.ServletContextHandler@3fc05ea2{/jobs/job/json,null,AVAILABLE,@Spark}
[main] INFO  org.sparkproject.jetty.server.handler.ContextHandler [] - Started o.s.j.s.ServletContextHandler@6240651f{/stages,null,AVAILABLE,@Spark}
[main] INFO  org.sparkproject.jetty.server.handler.ContextHandler [] - Started o.s.j.s.ServletContextHandler@1ff55ff{/stages/json,null,AVAILABLE,@Spark}
[main] INFO  org.sparkproject.jetty.server.handler.ContextHandler [] - Started o.s.j.s.ServletContextHandler@2a03d65c{/stages/stage,null,AVAILABLE,@Spark}
[main] INFO  org.sparkproject.jetty.server.handler.ContextHandler [] - Started o.s.j.s.ServletContextHandler@43da41e{/stages/stage/json,null,AVAILABLE,@Spark}
[main] INFO  org.sparkproject.jetty.server.handler.ContextHandler [] - Started o.s.j.s.ServletContextHandler@2009f9b0{/stages/pool,null,AVAILABLE,@Spark}
[main] INFO  org.sparkproject.jetty.server.handler.ContextHandler [] - Started o.s.j.s.ServletContextHandler@39ad12b6{/stages/pool/json,null,AVAILABLE,@Spark}
[main] INFO  org.sparkproject.jetty.server.handler.ContextHandler [] - Started o.s.j.s.ServletContextHandler@211febf3{/storage,null,AVAILABLE,@Spark}
[main] INFO  org.sparkproject.jetty.server.handler.ContextHandler [] - Started o.s.j.s.ServletContextHandler@6aba5d30{/storage/json,null,AVAILABLE,@Spark}
[main] INFO  org.sparkproject.jetty.server.handler.ContextHandler [] - Started o.s.j.s.ServletContextHandler@588307f7{/storage/rdd,null,AVAILABLE,@Spark}
[main] INFO  org.sparkproject.jetty.server.handler.ContextHandler [] - Started o.s.j.s.ServletContextHandler@459cfcca{/storage/rdd/json,null,AVAILABLE,@Spark}
[main] INFO  org.sparkproject.jetty.server.handler.ContextHandler [] - Started o.s.j.s.ServletContextHandler@6ab7ce48{/environment,null,AVAILABLE,@Spark}
[main] INFO  org.sparkproject.jetty.server.handler.ContextHandler [] - Started o.s.j.s.ServletContextHandler@e322ec9{/environment/json,null,AVAILABLE,@Spark}
[main] INFO  org.sparkproject.jetty.server.handler.ContextHandler [] - Started o.s.j.s.ServletContextHandler@2e5ee2c9{/executors,null,AVAILABLE,@Spark}
[main] INFO  org.sparkproject.jetty.server.handler.ContextHandler [] - Started o.s.j.s.ServletContextHandler@4afd21c6{/executors/json,null,AVAILABLE,@Spark}
[main] INFO  org.sparkproject.jetty.server.handler.ContextHandler [] - Started o.s.j.s.ServletContextHandler@1416a80a{/executors/threadDump,null,AVAILABLE,@Spark}
[main] INFO  org.sparkproject.jetty.server.handler.ContextHandler [] - Started o.s.j.s.ServletContextHandler@52cb4f50{/executors/threadDump/json,null,AVAILABLE,@Spark}
[main] INFO  org.sparkproject.jetty.server.handler.ContextHandler [] - Started o.s.j.s.ServletContextHandler@4d27d9d{/static,null,AVAILABLE,@Spark}
[main] INFO  org.sparkproject.jetty.server.handler.ContextHandler [] - Started o.s.j.s.ServletContextHandler@2eb917d0{/,null,AVAILABLE,@Spark}
[main] INFO  org.sparkproject.jetty.server.handler.ContextHandler [] - Started o.s.j.s.ServletContextHandler@73437222{/api,null,AVAILABLE,@Spark}
[main] INFO  org.sparkproject.jetty.server.handler.ContextHandler [] - Started o.s.j.s.ServletContextHandler@184fb68d{/jobs/job/kill,null,AVAILABLE,@Spark}
[main] INFO  org.sparkproject.jetty.server.handler.ContextHandler [] - Started o.s.j.s.ServletContextHandler@1e530163{/stages/stage/kill,null,AVAILABLE,@Spark}
[main] INFO  org.sparkproject.jetty.server.handler.ContextHandler [] - Started o.s.j.s.ServletContextHandler@760cf594{/metrics/json,null,AVAILABLE,@Spark}
[main] INFO  org.apache.spark.sql.internal.SharedState [] - Setting hive.metastore.warehouse.dir ('null') to the value of spark.sql.warehouse.dir.
[main] INFO  org.apache.spark.sql.internal.SharedState [] - Warehouse path is 'file:/home/subratd/Documents/etl/spark-warehouse'.
[main] INFO  org.sparkproject.jetty.server.handler.ContextHandler [] - Started o.s.j.s.ServletContextHandler@15b82644{/SQL,null,AVAILABLE,@Spark}
[main] INFO  org.sparkproject.jetty.server.handler.ContextHandler [] - Started o.s.j.s.ServletContextHandler@574cd322{/SQL/json,null,AVAILABLE,@Spark}
[main] INFO  org.sparkproject.jetty.server.handler.ContextHandler [] - Started o.s.j.s.ServletContextHandler@690bc15e{/SQL/execution,null,AVAILABLE,@Spark}
[main] INFO  org.sparkproject.jetty.server.handler.ContextHandler [] - Started o.s.j.s.ServletContextHandler@475646d4{/SQL/execution/json,null,AVAILABLE,@Spark}
[main] INFO  org.sparkproject.jetty.server.handler.ContextHandler [] - Started o.s.j.s.ServletContextHandler@6ec7bce0{/static/sql,null,AVAILABLE,@Spark}
[main] WARN  org.apache.spark.sql.catalyst.analysis.SimpleFunctionRegistry [] - The function int replaced a previously registered function.
[main] WARN  org.apache.spark.sql.catalyst.analysis.SimpleFunctionRegistry [] - The function boolean replaced a previously registered function.
[main] WARN  org.apache.spark.sql.catalyst.analysis.SimpleFunctionRegistry [] - The function double replaced a previously registered function.
[main] WARN  org.apache.spark.sql.catalyst.analysis.SimpleFunctionRegistry [] - The function binary replaced a previously registered function.
[main] WARN  org.apache.spark.sql.catalyst.analysis.SimpleFunctionRegistry [] - The function date replaced a previously registered function.
[main] WARN  org.apache.spark.sql.catalyst.analysis.SimpleFunctionRegistry [] - The function timestamp replaced a previously registered function.
[main] WARN  org.apache.spark.sql.catalyst.analysis.SimpleFunctionRegistry [] - The function now replaced a previously registered function.
[main] WARN  org.apache.spark.sql.catalyst.analysis.SimpleFunctionRegistry [] - The function uuid replaced a previously registered function.
[main] WARN  org.apache.spark.sql.catalyst.analysis.SimpleFunctionRegistry [] - The function replace replaced a previously registered function.
[main] WARN  org.apache.spark.sql.catalyst.analysis.SimpleFunctionRegistry [] - The function split replaced a previously registered function.
[main] INFO  etl.provider.impl.YamlProvider [] - Loading Job - job.yml
[main] INFO  etl.ETLJob [] - Start processing job aiPromptQuoteInfoClearAiFields
[main] INFO  etl.provider.impl.YamlProvider [] - Updating job aiPromptQuoteInfoClearAiFields status PROCESSING
[main] INFO  etl.provider.impl.YamlProvider [] - Updated job aiPromptQuoteInfoClearAiFields status PROCESSING
[main] INFO  etl.model.extract.Extract [] - Extracting org.apache.spark.sql.cassandra to data
[main] INFO  etl.model.extract.Extract [] - Options {keyspace=subrat_main, table=content}
[main] WARN  com.datastax.spark.connector.util.DeprecatedConfigParameter [] - spark.cassandra.read.timeout_ms is deprecated (DSE 6.0.0) and has been automatically replaced with parameter spark.cassandra.read.timeoutMS. 
[main] WARN  com.datastax.spark.connector.util.DeprecatedConfigParameter [] - spark.cassandra.connection.local_dc is deprecated (DSE 6.0.0) and has been automatically replaced with parameter spark.cassandra.connection.localDC. 
[main] WARN  com.datastax.spark.connector.util.DeprecatedConfigParameter [] - spark.cassandra.connection.timeout_ms is deprecated (DSE 6.0.0) and has been automatically replaced with parameter spark.cassandra.connection.timeoutMS. 
[main] INFO  com.datastax.oss.driver.internal.core.DefaultMavenCoordinates [] - DataStax Java driver for Apache Cassandra(R) (com.datastax.oss:java-driver-core-shaded) version 4.13.0
[s0-admin-0] INFO  com.datastax.oss.driver.internal.core.time.Clock [] - Using native clock for microsecond precision
[main] INFO  com.datastax.spark.connector.cql.CassandraConnector [] - Connected to Cassandra cluster.
[main] WARN  com.datastax.spark.connector.util.DeprecatedConfigParameter [] - spark.cassandra.read.timeout_ms is deprecated (DSE 6.0.0) and has been automatically replaced with parameter spark.cassandra.read.timeoutMS. 
[main] WARN  com.datastax.spark.connector.util.DeprecatedConfigParameter [] - spark.cassandra.connection.local_dc is deprecated (DSE 6.0.0) and has been automatically replaced with parameter spark.cassandra.connection.localDC. 
[main] WARN  com.datastax.spark.connector.util.DeprecatedConfigParameter [] - spark.cassandra.connection.timeout_ms is deprecated (DSE 6.0.0) and has been automatically replaced with parameter spark.cassandra.connection.timeoutMS. 
[main] INFO  etl.model.transform.Transform [] - Transforming data to data with filter_expression
[main] INFO  etl.model.transform.Transform [] - Transforming data to data with select
[main] INFO  etl.model.transform.Transform [] - Transforming data to data with debug
[main] WARN  com.datastax.spark.connector.util.DeprecatedConfigParameter [] - spark.cassandra.read.timeout_ms is deprecated (DSE 6.0.0) and has been automatically replaced with parameter spark.cassandra.read.timeoutMS. 
[main] WARN  com.datastax.spark.connector.util.DeprecatedConfigParameter [] - spark.cassandra.connection.local_dc is deprecated (DSE 6.0.0) and has been automatically replaced with parameter spark.cassandra.connection.localDC. 
[main] WARN  com.datastax.spark.connector.util.DeprecatedConfigParameter [] - spark.cassandra.connection.timeout_ms is deprecated (DSE 6.0.0) and has been automatically replaced with parameter spark.cassandra.connection.timeoutMS. 
[main] INFO  org.apache.spark.sql.execution.datasources.v2.V2ScanRelationPushDown [] - 
Pushing operators to content
Pushed Filters: 
Post-Scan Filters: isnotnull(content_specific_data#4),atleastnnonnulls(1, content_uuid#0, new_state#1, comments#2, content_priority#3, content_specific_data#4, content_type#5, created_date#6L, created_user_id#7, created_user_name#8, digital_content_list#9, expired_date#10L, is_deleted#11, published_by#12, published_date#13, state#14, state_change_note#15, time#16L, title#17, updated_date#18L, updated_user_id#19, updated_user_name#20, user_display_name#21),(instr(content_specific_data#4, usedFor) > 0)
         
[main] INFO  org.apache.spark.sql.execution.datasources.v2.V2ScanRelationPushDown [] - 
Output: content_uuid#0, new_state#1, comments#2, content_priority#3, content_specific_data#4, content_type#5, created_date#6L, created_user_id#7, created_user_name#8, digital_content_list#9, expired_date#10L, is_deleted#11, published_by#12, published_date#13, state#14, state_change_note#15, time#16L, title#17, updated_date#18L, updated_user_id#19, updated_user_name#20, user_display_name#21
         
[main] INFO  org.apache.spark.sql.catalyst.expressions.codegen.CodeGenerator [] - Code generated in 230.113999 ms
[main] INFO  org.apache.spark.SparkContext [] - Starting job: show at DebugAction.java:23
[dag-scheduler-event-loop] INFO  org.apache.spark.scheduler.DAGScheduler [] - Got job 0 (show at DebugAction.java:23) with 1 output partitions
[dag-scheduler-event-loop] INFO  org.apache.spark.scheduler.DAGScheduler [] - Final stage: ResultStage 0 (show at DebugAction.java:23)
[dag-scheduler-event-loop] INFO  org.apache.spark.scheduler.DAGScheduler [] - Parents of final stage: List()
[dag-scheduler-event-loop] INFO  org.apache.spark.scheduler.DAGScheduler [] - Missing parents: List()
[dag-scheduler-event-loop] INFO  org.apache.spark.scheduler.DAGScheduler [] - Submitting ResultStage 0 (MapPartitionsRDD[3] at show at DebugAction.java:23), which has no missing parents
[dag-scheduler-event-loop] INFO  org.apache.spark.storage.memory.MemoryStore [] - Block broadcast_0 stored as values in memory (estimated size 33.4 KiB, free 1919.4 MiB)
[dag-scheduler-event-loop] INFO  org.apache.spark.storage.memory.MemoryStore [] - Block broadcast_0_piece0 stored as bytes in memory (estimated size 12.8 KiB, free 1919.4 MiB)
[dispatcher-BlockManagerMaster] INFO  org.apache.spark.storage.BlockManagerInfo [] - Added broadcast_0_piece0 in memory on 192.168.100.172:45619 (size: 12.8 KiB, free: 1919.4 MiB)
[dag-scheduler-event-loop] INFO  org.apache.spark.SparkContext [] - Created broadcast 0 from broadcast at DAGScheduler.scala:1580
[dag-scheduler-event-loop] INFO  org.apache.spark.scheduler.DAGScheduler [] - Submitting 1 missing tasks from ResultStage 0 (MapPartitionsRDD[3] at show at DebugAction.java:23) (first 15 tasks are for partitions Vector(0))
[dag-scheduler-event-loop] INFO  org.apache.spark.scheduler.TaskSchedulerImpl [] - Adding task set 0.0 with 1 tasks resource profile 0
[dispatcher-event-loop-6] INFO  org.apache.spark.scheduler.TaskSetManager [] - Starting task 0.0 in stage 0.0 (TID 0) (192.168.100.172, executor driver, partition 0, ANY, 9529 bytes) 
[Executor task launch worker for task 0.0 in stage 0.0 (TID 0)] INFO  org.apache.spark.executor.Executor [] - Running task 0.0 in stage 0.0 (TID 0)
[Executor task launch worker for task 0.0 in stage 0.0 (TID 0)] INFO  org.apache.spark.sql.catalyst.expressions.codegen.CodeGenerator [] - Code generated in 37.101162 ms
[Executor task launch worker for task 0.0 in stage 0.0 (TID 0)] INFO  org.apache.spark.sql.catalyst.expressions.codegen.CodeGenerator [] - Code generated in 27.753087 ms
[Executor task launch worker for task 0.0 in stage 0.0 (TID 0)] INFO  org.apache.spark.executor.Executor [] - Finished task 0.0 in stage 0.0 (TID 0). 1609 bytes result sent to driver
[task-result-getter-0] INFO  org.apache.spark.scheduler.TaskSetManager [] - Finished task 0.0 in stage 0.0 (TID 0) in 587 ms on 192.168.100.172 (executor driver) (1/1)
[task-result-getter-0] INFO  org.apache.spark.scheduler.TaskSchedulerImpl [] - Removed TaskSet 0.0, whose tasks have all completed, from pool 
[dag-scheduler-event-loop] INFO  org.apache.spark.scheduler.DAGScheduler [] - ResultStage 0 (show at DebugAction.java:23) finished in 0.815 s
[dag-scheduler-event-loop] INFO  org.apache.spark.scheduler.DAGScheduler [] - Job 0 is finished. Cancelling potential speculative or zombie tasks for this job
[dag-scheduler-event-loop] INFO  org.apache.spark.scheduler.TaskSchedulerImpl [] - Killing all running tasks in stage 0: Stage finished
[main] INFO  org.apache.spark.scheduler.DAGScheduler [] - Job 0 finished: show at DebugAction.java:23, took 0.846447 s
[main] INFO  org.apache.spark.SparkContext [] - Starting job: show at DebugAction.java:23
[dag-scheduler-event-loop] INFO  org.apache.spark.scheduler.DAGScheduler [] - Got job 1 (show at DebugAction.java:23) with 4 output partitions
[dag-scheduler-event-loop] INFO  org.apache.spark.scheduler.DAGScheduler [] - Final stage: ResultStage 1 (show at DebugAction.java:23)
[dag-scheduler-event-loop] INFO  org.apache.spark.scheduler.DAGScheduler [] - Parents of final stage: List()
[dag-scheduler-event-loop] INFO  org.apache.spark.scheduler.DAGScheduler [] - Missing parents: List()
[dag-scheduler-event-loop] INFO  org.apache.spark.scheduler.DAGScheduler [] - Submitting ResultStage 1 (MapPartitionsRDD[3] at show at DebugAction.java:23), which has no missing parents
[dag-scheduler-event-loop] INFO  org.apache.spark.storage.memory.MemoryStore [] - Block broadcast_1 stored as values in memory (estimated size 33.4 KiB, free 1919.3 MiB)
[dag-scheduler-event-loop] INFO  org.apache.spark.storage.memory.MemoryStore [] - Block broadcast_1_piece0 stored as bytes in memory (estimated size 12.9 KiB, free 1919.3 MiB)
[dispatcher-BlockManagerMaster] INFO  org.apache.spark.storage.BlockManagerInfo [] - Added broadcast_1_piece0 in memory on 192.168.100.172:45619 (size: 12.9 KiB, free: 1919.4 MiB)
[dag-scheduler-event-loop] INFO  org.apache.spark.SparkContext [] - Created broadcast 1 from broadcast at DAGScheduler.scala:1580
[dag-scheduler-event-loop] INFO  org.apache.spark.scheduler.DAGScheduler [] - Submitting 4 missing tasks from ResultStage 1 (MapPartitionsRDD[3] at show at DebugAction.java:23) (first 15 tasks are for partitions Vector(1, 2, 3, 4))
[dag-scheduler-event-loop] INFO  org.apache.spark.scheduler.TaskSchedulerImpl [] - Adding task set 1.0 with 4 tasks resource profile 0
[dispatcher-event-loop-1] INFO  org.apache.spark.scheduler.TaskSetManager [] - Starting task 0.0 in stage 1.0 (TID 1) (192.168.100.172, executor driver, partition 1, ANY, 9529 bytes) 
[dispatcher-event-loop-1] INFO  org.apache.spark.scheduler.TaskSetManager [] - Starting task 1.0 in stage 1.0 (TID 2) (192.168.100.172, executor driver, partition 2, ANY, 9649 bytes) 
[dispatcher-event-loop-1] INFO  org.apache.spark.scheduler.TaskSetManager [] - Starting task 2.0 in stage 1.0 (TID 3) (192.168.100.172, executor driver, partition 3, ANY, 9529 bytes) 
[dispatcher-event-loop-1] INFO  org.apache.spark.scheduler.TaskSetManager [] - Starting task 3.0 in stage 1.0 (TID 4) (192.168.100.172, executor driver, partition 4, ANY, 9529 bytes) 
[Executor task launch worker for task 0.0 in stage 1.0 (TID 1)] INFO  org.apache.spark.executor.Executor [] - Running task 0.0 in stage 1.0 (TID 1)
[Executor task launch worker for task 1.0 in stage 1.0 (TID 2)] INFO  org.apache.spark.executor.Executor [] - Running task 1.0 in stage 1.0 (TID 2)
[Executor task launch worker for task 2.0 in stage 1.0 (TID 3)] INFO  org.apache.spark.executor.Executor [] - Running task 2.0 in stage 1.0 (TID 3)
[Executor task launch worker for task 3.0 in stage 1.0 (TID 4)] INFO  org.apache.spark.executor.Executor [] - Running task 3.0 in stage 1.0 (TID 4)
[Executor task launch worker for task 0.0 in stage 1.0 (TID 1)] INFO  org.apache.spark.executor.Executor [] - Finished task 0.0 in stage 1.0 (TID 1). 1609 bytes result sent to driver
[task-result-getter-1] INFO  org.apache.spark.scheduler.TaskSetManager [] - Finished task 0.0 in stage 1.0 (TID 1) in 72 ms on 192.168.100.172 (executor driver) (1/4)
[Executor task launch worker for task 1.0 in stage 1.0 (TID 2)] INFO  org.apache.spark.executor.Executor [] - Finished task 1.0 in stage 1.0 (TID 2). 1566 bytes result sent to driver
[Executor task launch worker for task 2.0 in stage 1.0 (TID 3)] INFO  org.apache.spark.executor.Executor [] - Finished task 2.0 in stage 1.0 (TID 3). 1609 bytes result sent to driver
[task-result-getter-2] INFO  org.apache.spark.scheduler.TaskSetManager [] - Finished task 1.0 in stage 1.0 (TID 2) in 81 ms on 192.168.100.172 (executor driver) (2/4)
[task-result-getter-3] INFO  org.apache.spark.scheduler.TaskSetManager [] - Finished task 2.0 in stage 1.0 (TID 3) in 81 ms on 192.168.100.172 (executor driver) (3/4)
[Executor task launch worker for task 3.0 in stage 1.0 (TID 4)] INFO  org.apache.spark.executor.Executor [] - Finished task 3.0 in stage 1.0 (TID 4). 1609 bytes result sent to driver
[task-result-getter-0] INFO  org.apache.spark.scheduler.TaskSetManager [] - Finished task 3.0 in stage 1.0 (TID 4) in 85 ms on 192.168.100.172 (executor driver) (4/4)
[task-result-getter-0] INFO  org.apache.spark.scheduler.TaskSchedulerImpl [] - Removed TaskSet 1.0, whose tasks have all completed, from pool 
[dag-scheduler-event-loop] INFO  org.apache.spark.scheduler.DAGScheduler [] - ResultStage 1 (show at DebugAction.java:23) finished in 0.098 s
[dag-scheduler-event-loop] INFO  org.apache.spark.scheduler.DAGScheduler [] - Job 1 is finished. Cancelling potential speculative or zombie tasks for this job
[dag-scheduler-event-loop] INFO  org.apache.spark.scheduler.TaskSchedulerImpl [] - Killing all running tasks in stage 1: Stage finished
[main] INFO  org.apache.spark.scheduler.DAGScheduler [] - Job 1 finished: show at DebugAction.java:23, took 0.104176 s
[main] INFO  org.apache.spark.SparkContext [] - Starting job: show at DebugAction.java:23
[dag-scheduler-event-loop] INFO  org.apache.spark.scheduler.DAGScheduler [] - Got job 2 (show at DebugAction.java:23) with 12 output partitions
[dag-scheduler-event-loop] INFO  org.apache.spark.scheduler.DAGScheduler [] - Final stage: ResultStage 2 (show at DebugAction.java:23)
[dag-scheduler-event-loop] INFO  org.apache.spark.scheduler.DAGScheduler [] - Parents of final stage: List()
[dag-scheduler-event-loop] INFO  org.apache.spark.scheduler.DAGScheduler [] - Missing parents: List()
[dag-scheduler-event-loop] INFO  org.apache.spark.scheduler.DAGScheduler [] - Submitting ResultStage 2 (MapPartitionsRDD[3] at show at DebugAction.java:23), which has no missing parents
[dag-scheduler-event-loop] INFO  org.apache.spark.storage.memory.MemoryStore [] - Block broadcast_2 stored as values in memory (estimated size 33.4 KiB, free 1919.3 MiB)
[dag-scheduler-event-loop] INFO  org.apache.spark.storage.memory.MemoryStore [] - Block broadcast_2_piece0 stored as bytes in memory (estimated size 12.9 KiB, free 1919.3 MiB)
[dispatcher-BlockManagerMaster] INFO  org.apache.spark.storage.BlockManagerInfo [] - Added broadcast_2_piece0 in memory on 192.168.100.172:45619 (size: 12.9 KiB, free: 1919.4 MiB)
[dag-scheduler-event-loop] INFO  org.apache.spark.SparkContext [] - Created broadcast 2 from broadcast at DAGScheduler.scala:1580
[dag-scheduler-event-loop] INFO  org.apache.spark.scheduler.DAGScheduler [] - Submitting 12 missing tasks from ResultStage 2 (MapPartitionsRDD[3] at show at DebugAction.java:23) (first 15 tasks are for partitions Vector(5, 6, 7, 8, 9, 10, 11, 12, 13, 14, 15, 16))
[dag-scheduler-event-loop] INFO  org.apache.spark.scheduler.TaskSchedulerImpl [] - Adding task set 2.0 with 12 tasks resource profile 0
[dispatcher-event-loop-1] INFO  org.apache.spark.scheduler.TaskSetManager [] - Starting task 0.0 in stage 2.0 (TID 5) (192.168.100.172, executor driver, partition 5, ANY, 9529 bytes) 
[dispatcher-event-loop-1] INFO  org.apache.spark.scheduler.TaskSetManager [] - Starting task 1.0 in stage 2.0 (TID 6) (192.168.100.172, executor driver, partition 6, ANY, 9529 bytes) 
[dispatcher-event-loop-1] INFO  org.apache.spark.scheduler.TaskSetManager [] - Starting task 2.0 in stage 2.0 (TID 7) (192.168.100.172, executor driver, partition 7, ANY, 9529 bytes) 
[dispatcher-event-loop-1] INFO  org.apache.spark.scheduler.TaskSetManager [] - Starting task 3.0 in stage 2.0 (TID 8) (192.168.100.172, executor driver, partition 8, ANY, 9529 bytes) 
[dispatcher-event-loop-1] INFO  org.apache.spark.scheduler.TaskSetManager [] - Starting task 4.0 in stage 2.0 (TID 9) (192.168.100.172, executor driver, partition 9, ANY, 9529 bytes) 
[dispatcher-event-loop-1] INFO  org.apache.spark.scheduler.TaskSetManager [] - Starting task 5.0 in stage 2.0 (TID 10) (192.168.100.172, executor driver, partition 10, ANY, 9529 bytes) 
[dispatcher-event-loop-1] INFO  org.apache.spark.scheduler.TaskSetManager [] - Starting task 6.0 in stage 2.0 (TID 11) (192.168.100.172, executor driver, partition 11, ANY, 9525 bytes) 
[dispatcher-event-loop-1] INFO  org.apache.spark.scheduler.TaskSetManager [] - Starting task 7.0 in stage 2.0 (TID 12) (192.168.100.172, executor driver, partition 12, ANY, 9529 bytes) 
[Executor task launch worker for task 0.0 in stage 2.0 (TID 5)] INFO  org.apache.spark.executor.Executor [] - Running task 0.0 in stage 2.0 (TID 5)
[Executor task launch worker for task 2.0 in stage 2.0 (TID 7)] INFO  org.apache.spark.executor.Executor [] - Running task 2.0 in stage 2.0 (TID 7)
[Executor task launch worker for task 3.0 in stage 2.0 (TID 8)] INFO  org.apache.spark.executor.Executor [] - Running task 3.0 in stage 2.0 (TID 8)
[Executor task launch worker for task 1.0 in stage 2.0 (TID 6)] INFO  org.apache.spark.executor.Executor [] - Running task 1.0 in stage 2.0 (TID 6)
[Executor task launch worker for task 4.0 in stage 2.0 (TID 9)] INFO  org.apache.spark.executor.Executor [] - Running task 4.0 in stage 2.0 (TID 9)
[Executor task launch worker for task 6.0 in stage 2.0 (TID 11)] INFO  org.apache.spark.executor.Executor [] - Running task 6.0 in stage 2.0 (TID 11)
[Executor task launch worker for task 5.0 in stage 2.0 (TID 10)] INFO  org.apache.spark.executor.Executor [] - Running task 5.0 in stage 2.0 (TID 10)
[Executor task launch worker for task 7.0 in stage 2.0 (TID 12)] INFO  org.apache.spark.executor.Executor [] - Running task 7.0 in stage 2.0 (TID 12)
[Executor task launch worker for task 2.0 in stage 2.0 (TID 7)] INFO  org.apache.spark.executor.Executor [] - Finished task 2.0 in stage 2.0 (TID 7). 1609 bytes result sent to driver
[dispatcher-event-loop-4] INFO  org.apache.spark.scheduler.TaskSetManager [] - Starting task 8.0 in stage 2.0 (TID 13) (192.168.100.172, executor driver, partition 13, ANY, 9529 bytes) 
[Executor task launch worker for task 8.0 in stage 2.0 (TID 13)] INFO  org.apache.spark.executor.Executor [] - Running task 8.0 in stage 2.0 (TID 13)
[task-result-getter-1] INFO  org.apache.spark.scheduler.TaskSetManager [] - Finished task 2.0 in stage 2.0 (TID 7) in 106 ms on 192.168.100.172 (executor driver) (1/12)
[Executor task launch worker for task 6.0 in stage 2.0 (TID 11)] INFO  org.apache.spark.executor.Executor [] - Finished task 6.0 in stage 2.0 (TID 11). 1566 bytes result sent to driver
[dispatcher-event-loop-6] INFO  org.apache.spark.scheduler.TaskSetManager [] - Starting task 9.0 in stage 2.0 (TID 14) (192.168.100.172, executor driver, partition 14, ANY, 9529 bytes) 
[task-result-getter-2] INFO  org.apache.spark.scheduler.TaskSetManager [] - Finished task 6.0 in stage 2.0 (TID 11) in 176 ms on 192.168.100.172 (executor driver) (2/12)
[Executor task launch worker for task 9.0 in stage 2.0 (TID 14)] INFO  org.apache.spark.executor.Executor [] - Running task 9.0 in stage 2.0 (TID 14)
[Executor task launch worker for task 3.0 in stage 2.0 (TID 8)] INFO  org.apache.spark.executor.Executor [] - Finished task 3.0 in stage 2.0 (TID 8). 1508 bytes result sent to driver
[dispatcher-event-loop-0] INFO  org.apache.spark.scheduler.TaskSetManager [] - Starting task 10.0 in stage 2.0 (TID 15) (192.168.100.172, executor driver, partition 15, ANY, 9529 bytes) 
[Executor task launch worker for task 1.0 in stage 2.0 (TID 6)] INFO  org.apache.spark.executor.Executor [] - Finished task 1.0 in stage 2.0 (TID 6). 1609 bytes result sent to driver
[Executor task launch worker for task 5.0 in stage 2.0 (TID 10)] INFO  org.apache.spark.executor.Executor [] - Finished task 5.0 in stage 2.0 (TID 10). 1566 bytes result sent to driver
[Executor task launch worker for task 10.0 in stage 2.0 (TID 15)] INFO  org.apache.spark.executor.Executor [] - Running task 10.0 in stage 2.0 (TID 15)
[Executor task launch worker for task 0.0 in stage 2.0 (TID 5)] INFO  org.apache.spark.executor.Executor [] - Finished task 0.0 in stage 2.0 (TID 5). 1566 bytes result sent to driver
[Executor task launch worker for task 4.0 in stage 2.0 (TID 9)] INFO  org.apache.spark.executor.Executor [] - Finished task 4.0 in stage 2.0 (TID 9). 1566 bytes result sent to driver
[Executor task launch worker for task 7.0 in stage 2.0 (TID 12)] INFO  org.apache.spark.executor.Executor [] - Finished task 7.0 in stage 2.0 (TID 12). 1508 bytes result sent to driver
[dispatcher-event-loop-7] INFO  org.apache.spark.scheduler.TaskSetManager [] - Starting task 11.0 in stage 2.0 (TID 16) (192.168.100.172, executor driver, partition 16, ANY, 9529 bytes) 
[task-result-getter-0] INFO  org.apache.spark.scheduler.TaskSetManager [] - Finished task 1.0 in stage 2.0 (TID 6) in 213 ms on 192.168.100.172 (executor driver) (3/12)
[Executor task launch worker for task 11.0 in stage 2.0 (TID 16)] INFO  org.apache.spark.executor.Executor [] - Running task 11.0 in stage 2.0 (TID 16)
[task-result-getter-0] INFO  org.apache.spark.scheduler.TaskSetManager [] - Finished task 5.0 in stage 2.0 (TID 10) in 211 ms on 192.168.100.172 (executor driver) (4/12)
[task-result-getter-3] INFO  org.apache.spark.scheduler.TaskSetManager [] - Finished task 3.0 in stage 2.0 (TID 8) in 214 ms on 192.168.100.172 (executor driver) (5/12)
[task-result-getter-1] INFO  org.apache.spark.scheduler.TaskSetManager [] - Finished task 4.0 in stage 2.0 (TID 9) in 216 ms on 192.168.100.172 (executor driver) (6/12)
[task-result-getter-1] INFO  org.apache.spark.scheduler.TaskSetManager [] - Finished task 7.0 in stage 2.0 (TID 12) in 216 ms on 192.168.100.172 (executor driver) (7/12)
[task-result-getter-2] INFO  org.apache.spark.scheduler.TaskSetManager [] - Finished task 0.0 in stage 2.0 (TID 5) in 221 ms on 192.168.100.172 (executor driver) (8/12)
[Executor task launch worker for task 8.0 in stage 2.0 (TID 13)] INFO  org.apache.spark.executor.Executor [] - Finished task 8.0 in stage 2.0 (TID 13). 1566 bytes result sent to driver
[task-result-getter-3] INFO  org.apache.spark.scheduler.TaskSetManager [] - Finished task 8.0 in stage 2.0 (TID 13) in 182 ms on 192.168.100.172 (executor driver) (9/12)
[Executor task launch worker for task 9.0 in stage 2.0 (TID 14)] INFO  org.apache.spark.executor.Executor [] - Finished task 9.0 in stage 2.0 (TID 14). 1508 bytes result sent to driver
[task-result-getter-1] INFO  org.apache.spark.scheduler.TaskSetManager [] - Finished task 9.0 in stage 2.0 (TID 14) in 112 ms on 192.168.100.172 (executor driver) (10/12)
[Executor task launch worker for task 11.0 in stage 2.0 (TID 16)] INFO  org.apache.spark.executor.Executor [] - Finished task 11.0 in stage 2.0 (TID 16). 1551 bytes result sent to driver
[Executor task launch worker for task 10.0 in stage 2.0 (TID 15)] INFO  org.apache.spark.executor.Executor [] - Finished task 10.0 in stage 2.0 (TID 15). 1566 bytes result sent to driver
[task-result-getter-0] INFO  org.apache.spark.scheduler.TaskSetManager [] - Finished task 11.0 in stage 2.0 (TID 16) in 128 ms on 192.168.100.172 (executor driver) (11/12)
[task-result-getter-2] INFO  org.apache.spark.scheduler.TaskSetManager [] - Finished task 10.0 in stage 2.0 (TID 15) in 142 ms on 192.168.100.172 (executor driver) (12/12)
[dag-scheduler-event-loop] INFO  org.apache.spark.scheduler.DAGScheduler [] - ResultStage 2 (show at DebugAction.java:23) finished in 0.335 s
[task-result-getter-2] INFO  org.apache.spark.scheduler.TaskSchedulerImpl [] - Removed TaskSet 2.0, whose tasks have all completed, from pool 
[dag-scheduler-event-loop] INFO  org.apache.spark.scheduler.DAGScheduler [] - Job 2 is finished. Cancelling potential speculative or zombie tasks for this job
[dag-scheduler-event-loop] INFO  org.apache.spark.scheduler.TaskSchedulerImpl [] - Killing all running tasks in stage 2: Stage finished
[main] INFO  org.apache.spark.scheduler.DAGScheduler [] - Job 2 finished: show at DebugAction.java:23, took 0.345079 s
[main] INFO  org.apache.spark.sql.catalyst.expressions.codegen.CodeGenerator [] - Code generated in 17.877443 ms
[main] INFO  etl.model.transform.task.DebugAction [] - 
+------------------------------------+
|content_uuid                        |
+------------------------------------+
|fdcabf7a-5deb-413b-bd85-6ab0dc57a0b7|
|98ecb489-03eb-4266-851d-0aa2b284dc59|
|a0136674-6158-4173-b306-ec8ef251a5ee|
|fb47e609-1160-499d-bd9e-2f0eaa6f7675|
|ee1e3a51-9f05-4352-99dd-20855b45b376|
|c836f409-45bd-444f-9f4b-1332fb20647f|
|4260efa5-88f0-41d6-9c9e-58723f48e482|
|a03e7225-a4a7-4b21-b573-69ffd4c03fdb|
|2c600b8d-12da-40e4-b5d6-561c9b6d46f5|
|71e82896-8d14-45c6-9127-17615a85c146|
|ebbff1a0-55fb-4500-9f27-d038ca476af2|
|75e4e12d-36f5-40ee-a716-d4bdb8d8a505|
|40fb1b73-2f1f-4ed2-8b2d-2cd2d042205d|
|181a86e1-2afc-454c-9fd6-56aa57bdf20f|
|769a1def-2b85-4dac-bd16-e7e885d32719|
|b949beba-b5bc-4c14-91fc-fac0a31c94e8|
|97873203-6f04-43dd-85a2-aebaa9b8e243|
|17d7f8d8-e881-4584-9e7b-87194b8e4247|
+------------------------------------+


[main] INFO  etl.model.load.Load [] - Loading data
[main] WARN  com.datastax.spark.connector.util.DeprecatedConfigParameter [] - spark.cassandra.read.timeout_ms is deprecated (DSE 6.0.0) and has been automatically replaced with parameter spark.cassandra.read.timeoutMS. 
[main] WARN  com.datastax.spark.connector.util.DeprecatedConfigParameter [] - spark.cassandra.connection.local_dc is deprecated (DSE 6.0.0) and has been automatically replaced with parameter spark.cassandra.connection.localDC. 
[main] WARN  com.datastax.spark.connector.util.DeprecatedConfigParameter [] - spark.cassandra.connection.timeout_ms is deprecated (DSE 6.0.0) and has been automatically replaced with parameter spark.cassandra.connection.timeoutMS. 
[main] INFO  org.apache.spark.sql.execution.datasources.v2.V2ScanRelationPushDown [] - 
Pushing operators to content
Pushed Filters: 
Post-Scan Filters: isnotnull(content_specific_data#4),atleastnnonnulls(1, content_uuid#0, new_state#1, comments#2, content_priority#3, content_specific_data#4, content_type#5, created_date#6L, created_user_id#7, created_user_name#8, digital_content_list#9, expired_date#10L, is_deleted#11, published_by#12, published_date#13, state#14, state_change_note#15, time#16L, title#17, updated_date#18L, updated_user_id#19, updated_user_name#20, user_display_name#21),(instr(content_specific_data#4, usedFor) > 0)
         
[main] INFO  org.apache.spark.sql.execution.datasources.v2.V2ScanRelationPushDown [] - 
Output: content_uuid#0, new_state#1, comments#2, content_priority#3, content_specific_data#4, content_type#5, created_date#6L, created_user_id#7, created_user_name#8, digital_content_list#9, expired_date#10L, is_deleted#11, published_by#12, published_date#13, state#14, state_change_note#15, time#16L, title#17, updated_date#18L, updated_user_id#19, updated_user_name#20, user_display_name#21
         
[main] INFO  etl.provider.impl.YamlProvider [] - Updating job aiPromptQuoteInfoClearAiFields status FAILED
[main] INFO  etl.provider.impl.YamlProvider [] - Updated job aiPromptQuoteInfoClearAiFields status FAILED
[shutdown-hook-0] INFO  org.apache.spark.SparkContext [] - Invoking stop() from shutdown hook
[shutdown-hook-0] INFO  org.apache.spark.SparkContext [] - SparkContext is stopping with exitCode 0.
[shutdown-hook-0] INFO  org.sparkproject.jetty.server.AbstractConnector [] - Stopped Spark@1965539b{HTTP/1.1, (http/1.1)}{0.0.0.0:4040}
[shutdown-hook-0] INFO  org.apache.spark.ui.SparkUI [] - Stopped Spark web UI at http://192.168.100.172:4040
[Serial shutdown hooks thread] INFO  com.datastax.spark.connector.cql.CassandraConnector [] - Disconnected from Cassandra cluster.
[Serial shutdown hooks thread] INFO  com.datastax.spark.connector.util.SerialShutdownHooks [] - Successfully executed shutdown hook: Clearing session cache for C* connector
[dispatcher-event-loop-6] INFO  org.apache.spark.MapOutputTrackerMasterEndpoint [] - MapOutputTrackerMasterEndpoint stopped!
[shutdown-hook-0] INFO  org.apache.spark.storage.memory.MemoryStore [] - MemoryStore cleared
[shutdown-hook-0] INFO  org.apache.spark.storage.BlockManager [] - BlockManager stopped
[shutdown-hook-0] INFO  org.apache.spark.storage.BlockManagerMaster [] - BlockManagerMaster stopped
[dispatcher-event-loop-2] INFO  org.apache.spark.scheduler.OutputCommitCoordinator$OutputCommitCoordinatorEndpoint [] - OutputCommitCoordinator stopped!
[shutdown-hook-0] INFO  org.apache.spark.SparkContext [] - Successfully stopped SparkContext
[shutdown-hook-0] INFO  org.apache.spark.util.ShutdownHookManager [] - Shutdown hook called
[shutdown-hook-0] INFO  org.apache.spark.util.ShutdownHookManager [] - Deleting directory /tmp/spark-56ad61af-358f-46b1-b0b0-a9ab86013f93
[main] INFO  Main [] - Remote spark cluster not found!!! Using standalone
[main] WARN  org.apache.spark.util.Utils [] - Your hostname, Subrat-Devnath resolves to a loopback address: 127.0.1.1; using 192.168.100.172 instead (on interface wlp0s20f3)
[main] WARN  org.apache.spark.util.Utils [] - Set SPARK_LOCAL_IP if you need to bind to another address
[main] INFO  org.apache.spark.SparkContext [] - Running Spark version 3.5.0
[main] INFO  org.apache.spark.SparkContext [] - OS info Linux, 6.8.0-138-generic, amd64
[main] INFO  org.apache.spark.SparkContext [] - Java version 11.0.32
[main] WARN  org.apache.hadoop.util.NativeCodeLoader [] - Unable to load native-hadoop library for your platform... using builtin-java classes where applicable
[main] INFO  org.apache.spark.resource.ResourceUtils [] - ==============================================================
[main] INFO  org.apache.spark.resource.ResourceUtils [] - No custom resources configured for spark.driver.
[main] INFO  org.apache.spark.resource.ResourceUtils [] - ==============================================================
[main] INFO  org.apache.spark.SparkContext [] - Submitted application: d6f210d5-53a8-4889-94ff-53ea68a19d9b
[main] INFO  org.apache.spark.resource.ResourceProfile [] - Default ResourceProfile created, executor resources: Map(cores -> name: cores, amount: 1, script: , vendor: , memory -> name: memory, amount: 1024, script: , vendor: , offHeap -> name: offHeap, amount: 0, script: , vendor: ), task resources: Map(cpus -> name: cpus, amount: 1.0)
[main] INFO  org.apache.spark.resource.ResourceProfile [] - Limiting resource is cpu
[main] INFO  org.apache.spark.resource.ResourceProfileManager [] - Added ResourceProfile id: 0
[main] INFO  org.apache.spark.SecurityManager [] - Changing view acls to: subratd
[main] INFO  org.apache.spark.SecurityManager [] - Changing modify acls to: subratd
[main] INFO  org.apache.spark.SecurityManager [] - Changing view acls groups to: 
[main] INFO  org.apache.spark.SecurityManager [] - Changing modify acls groups to: 
[main] INFO  org.apache.spark.SecurityManager [] - SecurityManager: authentication disabled; ui acls disabled; users with view permissions: subratd; groups with view permissions: EMPTY; users with modify permissions: subratd; groups with modify permissions: EMPTY
[main] INFO  org.apache.spark.util.Utils [] - Successfully started service 'sparkDriver' on port 41045.
[main] INFO  org.apache.spark.SparkEnv [] - Registering MapOutputTracker
[main] INFO  org.apache.spark.SparkEnv [] - Registering BlockManagerMaster
[main] INFO  org.apache.spark.storage.BlockManagerMasterEndpoint [] - Using org.apache.spark.storage.DefaultTopologyMapper for getting topology information
[main] INFO  org.apache.spark.storage.BlockManagerMasterEndpoint [] - BlockManagerMasterEndpoint up
[main] INFO  org.apache.spark.SparkEnv [] - Registering BlockManagerMasterHeartbeat
[main] INFO  org.apache.spark.storage.DiskBlockManager [] - Created local directory at /tmp/blockmgr-491b2584-da4e-4ecc-94f8-0477bfdcd15c
[main] INFO  org.apache.spark.storage.memory.MemoryStore [] - MemoryStore started with capacity 2.1 GiB
[main] INFO  org.apache.spark.SparkEnv [] - Registering OutputCommitCoordinator
[main] INFO  org.sparkproject.jetty.util.log [] - Logging initialized @1789ms to org.sparkproject.jetty.util.log.Slf4jLog
[main] INFO  org.apache.spark.ui.JettyUtils [] - Start Jetty 0.0.0.0:4040 for SparkUI
[main] INFO  org.sparkproject.jetty.server.Server [] - jetty-9.4.52.v20230823; built: 2023-08-23T19:29:37.669Z; git: abdcda73818a1a2c705da276edb0bf6581e7997e; jvm 11.0.32+9-post-1ubuntu1-22.04-Ubuntu
[main] INFO  org.sparkproject.jetty.server.Server [] - Started @1869ms
[main] INFO  org.sparkproject.jetty.server.AbstractConnector [] - Started ServerConnector@31ddb930{HTTP/1.1, (http/1.1)}{0.0.0.0:4040}
[main] INFO  org.apache.spark.util.Utils [] - Successfully started service 'SparkUI' on port 4040.
[main] INFO  org.sparkproject.jetty.server.handler.ContextHandler [] - Started o.s.j.s.ServletContextHandler@7d3fb0ef{/,null,AVAILABLE,@Spark}
[main] INFO  org.apache.spark.executor.Executor [] - Starting executor ID driver on host 192.168.100.172
[main] INFO  org.apache.spark.executor.Executor [] - OS info Linux, 6.8.0-138-generic, amd64
[main] INFO  org.apache.spark.executor.Executor [] - Java version 11.0.32
[main] INFO  org.apache.spark.executor.Executor [] - Starting executor with user classpath (userClassPathFirst = false): ''
[main] INFO  org.apache.spark.executor.Executor [] - Created or updated repl class loader org.apache.spark.util.MutableURLClassLoader@7847ef2c for default.
[main] INFO  org.apache.spark.util.Utils [] - Successfully started service 'org.apache.spark.network.netty.NettyBlockTransferService' on port 34275.
[main] INFO  org.apache.spark.network.netty.NettyBlockTransferService [] - Server created on 192.168.100.172:34275
[main] INFO  org.apache.spark.storage.BlockManager [] - Using org.apache.spark.storage.RandomBlockReplicationPolicy for block replication policy
[main] INFO  org.apache.spark.storage.BlockManagerMaster [] - Registering BlockManager BlockManagerId(driver, 192.168.100.172, 34275, None)
[dispatcher-BlockManagerMaster] INFO  org.apache.spark.storage.BlockManagerMasterEndpoint [] - Registering block manager 192.168.100.172:34275 with 2.1 GiB RAM, BlockManagerId(driver, 192.168.100.172, 34275, None)
[main] INFO  org.apache.spark.storage.BlockManagerMaster [] - Registered BlockManager BlockManagerId(driver, 192.168.100.172, 34275, None)
[main] INFO  org.apache.spark.storage.BlockManager [] - Initialized BlockManager: BlockManagerId(driver, 192.168.100.172, 34275, None)
[main] INFO  org.sparkproject.jetty.server.handler.ContextHandler [] - Stopped o.s.j.s.ServletContextHandler@7d3fb0ef{/,null,STOPPED,@Spark}
[main] INFO  org.sparkproject.jetty.server.handler.ContextHandler [] - Started o.s.j.s.ServletContextHandler@5b88b8e{/jobs,null,AVAILABLE,@Spark}
[main] INFO  org.sparkproject.jetty.server.handler.ContextHandler [] - Started o.s.j.s.ServletContextHandler@b73433{/jobs/json,null,AVAILABLE,@Spark}
[main] INFO  org.sparkproject.jetty.server.handler.ContextHandler [] - Started o.s.j.s.ServletContextHandler@124dac75{/jobs/job,null,AVAILABLE,@Spark}
[main] INFO  org.sparkproject.jetty.server.handler.ContextHandler [] - Started o.s.j.s.ServletContextHandler@7b61bf11{/jobs/job/json,null,AVAILABLE,@Spark}
[main] INFO  org.sparkproject.jetty.server.handler.ContextHandler [] - Started o.s.j.s.ServletContextHandler@3ff54f3d{/stages,null,AVAILABLE,@Spark}
[main] INFO  org.sparkproject.jetty.server.handler.ContextHandler [] - Started o.s.j.s.ServletContextHandler@62a68bcb{/stages/json,null,AVAILABLE,@Spark}
[main] INFO  org.sparkproject.jetty.server.handler.ContextHandler [] - Started o.s.j.s.ServletContextHandler@430b2699{/stages/stage,null,AVAILABLE,@Spark}
[main] INFO  org.sparkproject.jetty.server.handler.ContextHandler [] - Started o.s.j.s.ServletContextHandler@6413d7e7{/stages/stage/json,null,AVAILABLE,@Spark}
[main] INFO  org.sparkproject.jetty.server.handler.ContextHandler [] - Started o.s.j.s.ServletContextHandler@17b37e9a{/stages/pool,null,AVAILABLE,@Spark}
[main] INFO  org.sparkproject.jetty.server.handler.ContextHandler [] - Started o.s.j.s.ServletContextHandler@111d5c97{/stages/pool/json,null,AVAILABLE,@Spark}
[main] INFO  org.sparkproject.jetty.server.handler.ContextHandler [] - Started o.s.j.s.ServletContextHandler@250a9031{/storage,null,AVAILABLE,@Spark}
[main] INFO  org.sparkproject.jetty.server.handler.ContextHandler [] - Started o.s.j.s.ServletContextHandler@6d67f5eb{/storage/json,null,AVAILABLE,@Spark}
[main] INFO  org.sparkproject.jetty.server.handler.ContextHandler [] - Started o.s.j.s.ServletContextHandler@3e1fd62b{/storage/rdd,null,AVAILABLE,@Spark}
[main] INFO  org.sparkproject.jetty.server.handler.ContextHandler [] - Started o.s.j.s.ServletContextHandler@558b4942{/storage/rdd/json,null,AVAILABLE,@Spark}
[main] INFO  org.sparkproject.jetty.server.handler.ContextHandler [] - Started o.s.j.s.ServletContextHandler@70025b99{/environment,null,AVAILABLE,@Spark}
[main] INFO  org.sparkproject.jetty.server.handler.ContextHandler [] - Started o.s.j.s.ServletContextHandler@7134b8a7{/environment/json,null,AVAILABLE,@Spark}
[main] INFO  org.sparkproject.jetty.server.handler.ContextHandler [] - Started o.s.j.s.ServletContextHandler@40de8f93{/executors,null,AVAILABLE,@Spark}
[main] INFO  org.sparkproject.jetty.server.handler.ContextHandler [] - Started o.s.j.s.ServletContextHandler@3b55dd15{/executors/json,null,AVAILABLE,@Spark}
[main] INFO  org.sparkproject.jetty.server.handler.ContextHandler [] - Started o.s.j.s.ServletContextHandler@3ba3d4b6{/executors/threadDump,null,AVAILABLE,@Spark}
[main] INFO  org.sparkproject.jetty.server.handler.ContextHandler [] - Started o.s.j.s.ServletContextHandler@441fbe89{/executors/threadDump/json,null,AVAILABLE,@Spark}
[main] INFO  org.sparkproject.jetty.server.handler.ContextHandler [] - Started o.s.j.s.ServletContextHandler@45ab3bdd{/executors/heapHistogram,null,AVAILABLE,@Spark}
[main] INFO  org.sparkproject.jetty.server.handler.ContextHandler [] - Started o.s.j.s.ServletContextHandler@1642eeae{/executors/heapHistogram/json,null,AVAILABLE,@Spark}
[main] INFO  org.sparkproject.jetty.server.handler.ContextHandler [] - Started o.s.j.s.ServletContextHandler@28a9494b{/static,null,AVAILABLE,@Spark}
[main] INFO  org.sparkproject.jetty.server.handler.ContextHandler [] - Started o.s.j.s.ServletContextHandler@1984212d{/,null,AVAILABLE,@Spark}
[main] INFO  org.sparkproject.jetty.server.handler.ContextHandler [] - Started o.s.j.s.ServletContextHandler@4eaa375c{/api,null,AVAILABLE,@Spark}
[main] INFO  org.sparkproject.jetty.server.handler.ContextHandler [] - Started o.s.j.s.ServletContextHandler@1d06f16f{/jobs/job/kill,null,AVAILABLE,@Spark}
[main] INFO  org.sparkproject.jetty.server.handler.ContextHandler [] - Started o.s.j.s.ServletContextHandler@68dd39d2{/stages/stage/kill,null,AVAILABLE,@Spark}
[main] INFO  org.sparkproject.jetty.server.handler.ContextHandler [] - Started o.s.j.s.ServletContextHandler@483b0690{/metrics/json,null,AVAILABLE,@Spark}
[main] INFO  org.apache.spark.sql.internal.SharedState [] - Setting hive.metastore.warehouse.dir ('null') to the value of spark.sql.warehouse.dir.
[main] INFO  org.apache.spark.sql.internal.SharedState [] - Warehouse path is 'file:/home/subratd/Documents/etl/spark-warehouse'.
[main] INFO  org.sparkproject.jetty.server.handler.ContextHandler [] - Started o.s.j.s.ServletContextHandler@4684240f{/SQL,null,AVAILABLE,@Spark}
[main] INFO  org.sparkproject.jetty.server.handler.ContextHandler [] - Started o.s.j.s.ServletContextHandler@6975fb1c{/SQL/json,null,AVAILABLE,@Spark}
[main] INFO  org.sparkproject.jetty.server.handler.ContextHandler [] - Started o.s.j.s.ServletContextHandler@6ea246af{/SQL/execution,null,AVAILABLE,@Spark}
[main] INFO  org.sparkproject.jetty.server.handler.ContextHandler [] - Started o.s.j.s.ServletContextHandler@1b90fee4{/SQL/execution/json,null,AVAILABLE,@Spark}
[main] INFO  org.sparkproject.jetty.server.handler.ContextHandler [] - Started o.s.j.s.ServletContextHandler@91da29b{/static/sql,null,AVAILABLE,@Spark}
[main] WARN  org.apache.spark.sql.catalyst.analysis.SimpleFunctionRegistry [] - The function int replaced a previously registered function.
[main] WARN  org.apache.spark.sql.catalyst.analysis.SimpleFunctionRegistry [] - The function boolean replaced a previously registered function.
[main] WARN  org.apache.spark.sql.catalyst.analysis.SimpleFunctionRegistry [] - The function double replaced a previously registered function.
[main] WARN  org.apache.spark.sql.catalyst.analysis.SimpleFunctionRegistry [] - The function binary replaced a previously registered function.
[main] WARN  org.apache.spark.sql.catalyst.analysis.SimpleFunctionRegistry [] - The function date replaced a previously registered function.
[main] WARN  org.apache.spark.sql.catalyst.analysis.SimpleFunctionRegistry [] - The function timestamp replaced a previously registered function.
[main] WARN  org.apache.spark.sql.catalyst.analysis.SimpleFunctionRegistry [] - The function now replaced a previously registered function.
[main] WARN  org.apache.spark.sql.catalyst.analysis.SimpleFunctionRegistry [] - The function uuid replaced a previously registered function.
[main] WARN  org.apache.spark.sql.catalyst.analysis.SimpleFunctionRegistry [] - The function replace replaced a previously registered function.
[main] WARN  org.apache.spark.sql.catalyst.analysis.SimpleFunctionRegistry [] - The function split replaced a previously registered function.
[main] INFO  etl.provider.impl.YamlProvider [] - Loading Job - job.yml
[main] INFO  etl.ETLJob [] - Start processing job aiPromptQuoteInfoClearAiFields
[main] INFO  etl.provider.impl.YamlProvider [] - Updating job aiPromptQuoteInfoClearAiFields status PROCESSING
[main] INFO  etl.provider.impl.YamlProvider [] - Updated job aiPromptQuoteInfoClearAiFields status PROCESSING
[main] INFO  etl.model.extract.Extract [] - Extracting org.apache.spark.sql.cassandra to data
[main] INFO  etl.model.extract.Extract [] - Options {keyspace=subrat_main, table=content}
[main] WARN  com.datastax.spark.connector.util.DeprecatedConfigParameter [] - spark.cassandra.read.timeout_ms is deprecated (DSE 6.0.0) and has been automatically replaced with parameter spark.cassandra.read.timeoutMS. 
[main] WARN  com.datastax.spark.connector.util.DeprecatedConfigParameter [] - spark.cassandra.connection.timeout_ms is deprecated (DSE 6.0.0) and has been automatically replaced with parameter spark.cassandra.connection.timeoutMS. 
[main] WARN  com.datastax.spark.connector.util.DeprecatedConfigParameter [] - spark.cassandra.connection.local_dc is deprecated (DSE 6.0.0) and has been automatically replaced with parameter spark.cassandra.connection.localDC. 
[main] INFO  com.datastax.oss.driver.internal.core.DefaultMavenCoordinates [] - DataStax Java driver for Apache Cassandra(R) (com.datastax.oss:java-driver-core-shaded) version 4.13.0
[s0-admin-0] INFO  com.datastax.oss.driver.internal.core.time.Clock [] - Using native clock for microsecond precision
[main] INFO  com.datastax.spark.connector.cql.CassandraConnector [] - Connected to Cassandra cluster.
[main] WARN  com.datastax.spark.connector.util.DeprecatedConfigParameter [] - spark.cassandra.read.timeout_ms is deprecated (DSE 6.0.0) and has been automatically replaced with parameter spark.cassandra.read.timeoutMS. 
[main] WARN  com.datastax.spark.connector.util.DeprecatedConfigParameter [] - spark.cassandra.connection.timeout_ms is deprecated (DSE 6.0.0) and has been automatically replaced with parameter spark.cassandra.connection.timeoutMS. 
[main] WARN  com.datastax.spark.connector.util.DeprecatedConfigParameter [] - spark.cassandra.connection.local_dc is deprecated (DSE 6.0.0) and has been automatically replaced with parameter spark.cassandra.connection.localDC. 
[main] INFO  etl.model.transform.Transform [] - Transforming data to data with filter_expression
[main] INFO  etl.model.transform.Transform [] - Transforming data to data with select
[main] INFO  etl.model.transform.Transform [] - Transforming data to data with debug
[main] WARN  com.datastax.spark.connector.util.DeprecatedConfigParameter [] - spark.cassandra.read.timeout_ms is deprecated (DSE 6.0.0) and has been automatically replaced with parameter spark.cassandra.read.timeoutMS. 
[main] WARN  com.datastax.spark.connector.util.DeprecatedConfigParameter [] - spark.cassandra.connection.timeout_ms is deprecated (DSE 6.0.0) and has been automatically replaced with parameter spark.cassandra.connection.timeoutMS. 
[main] WARN  com.datastax.spark.connector.util.DeprecatedConfigParameter [] - spark.cassandra.connection.local_dc is deprecated (DSE 6.0.0) and has been automatically replaced with parameter spark.cassandra.connection.localDC. 
[main] INFO  org.apache.spark.sql.execution.datasources.v2.V2ScanRelationPushDown [] - 
Pushing operators to content
Pushed Filters: 
Post-Scan Filters: isnotnull(content_specific_data#4),atleastnnonnulls(1, content_uuid#0, new_state#1, comments#2, content_priority#3, content_specific_data#4, content_type#5, created_date#6L, created_user_id#7, created_user_name#8, digital_content_list#9, expired_date#10L, is_deleted#11, published_by#12, published_date#13, state#14, state_change_note#15, time#16L, title#17, updated_date#18L, updated_user_id#19, updated_user_name#20, user_display_name#21),(instr(content_specific_data#4, usedFor) > 0)
         
[main] INFO  org.apache.spark.sql.execution.datasources.v2.V2ScanRelationPushDown [] - 
Output: content_uuid#0, new_state#1, comments#2, content_priority#3, content_specific_data#4, content_type#5, created_date#6L, created_user_id#7, created_user_name#8, digital_content_list#9, expired_date#10L, is_deleted#11, published_by#12, published_date#13, state#14, state_change_note#15, time#16L, title#17, updated_date#18L, updated_user_id#19, updated_user_name#20, user_display_name#21
         
[main] INFO  org.apache.spark.sql.catalyst.expressions.codegen.CodeGenerator [] - Code generated in 212.66379 ms
[main] INFO  org.apache.spark.SparkContext [] - Starting job: show at DebugAction.java:23
[dag-scheduler-event-loop] INFO  org.apache.spark.scheduler.DAGScheduler [] - Got job 0 (show at DebugAction.java:23) with 1 output partitions
[dag-scheduler-event-loop] INFO  org.apache.spark.scheduler.DAGScheduler [] - Final stage: ResultStage 0 (show at DebugAction.java:23)
[dag-scheduler-event-loop] INFO  org.apache.spark.scheduler.DAGScheduler [] - Parents of final stage: List()
[dag-scheduler-event-loop] INFO  org.apache.spark.scheduler.DAGScheduler [] - Missing parents: List()
[dag-scheduler-event-loop] INFO  org.apache.spark.scheduler.DAGScheduler [] - Submitting ResultStage 0 (MapPartitionsRDD[3] at show at DebugAction.java:23), which has no missing parents
[dag-scheduler-event-loop] INFO  org.apache.spark.storage.memory.MemoryStore [] - Block broadcast_0 stored as values in memory (estimated size 33.4 KiB, free 2.1 GiB)
[dag-scheduler-event-loop] INFO  org.apache.spark.storage.memory.MemoryStore [] - Block broadcast_0_piece0 stored as bytes in memory (estimated size 12.8 KiB, free 2.1 GiB)
[dispatcher-BlockManagerMaster] INFO  org.apache.spark.storage.BlockManagerInfo [] - Added broadcast_0_piece0 in memory on 192.168.100.172:34275 (size: 12.8 KiB, free: 2.1 GiB)
[dag-scheduler-event-loop] INFO  org.apache.spark.SparkContext [] - Created broadcast 0 from broadcast at DAGScheduler.scala:1580
[dag-scheduler-event-loop] INFO  org.apache.spark.scheduler.DAGScheduler [] - Submitting 1 missing tasks from ResultStage 0 (MapPartitionsRDD[3] at show at DebugAction.java:23) (first 15 tasks are for partitions Vector(0))
[dag-scheduler-event-loop] INFO  org.apache.spark.scheduler.TaskSchedulerImpl [] - Adding task set 0.0 with 1 tasks resource profile 0
[dispatcher-event-loop-6] INFO  org.apache.spark.scheduler.TaskSetManager [] - Starting task 0.0 in stage 0.0 (TID 0) (192.168.100.172, executor driver, partition 0, ANY, 9529 bytes) 
[Executor task launch worker for task 0.0 in stage 0.0 (TID 0)] INFO  org.apache.spark.executor.Executor [] - Running task 0.0 in stage 0.0 (TID 0)
[Executor task launch worker for task 0.0 in stage 0.0 (TID 0)] INFO  org.apache.spark.sql.catalyst.expressions.codegen.CodeGenerator [] - Code generated in 32.314363 ms
[Executor task launch worker for task 0.0 in stage 0.0 (TID 0)] INFO  org.apache.spark.sql.catalyst.expressions.codegen.CodeGenerator [] - Code generated in 20.247712 ms
[Executor task launch worker for task 0.0 in stage 0.0 (TID 0)] INFO  org.apache.spark.executor.Executor [] - Finished task 0.0 in stage 0.0 (TID 0). 1551 bytes result sent to driver
[task-result-getter-0] INFO  org.apache.spark.scheduler.TaskSetManager [] - Finished task 0.0 in stage 0.0 (TID 0) in 315 ms on 192.168.100.172 (executor driver) (1/1)
[task-result-getter-0] INFO  org.apache.spark.scheduler.TaskSchedulerImpl [] - Removed TaskSet 0.0, whose tasks have all completed, from pool 
[dag-scheduler-event-loop] INFO  org.apache.spark.scheduler.DAGScheduler [] - ResultStage 0 (show at DebugAction.java:23) finished in 0.517 s
[dag-scheduler-event-loop] INFO  org.apache.spark.scheduler.DAGScheduler [] - Job 0 is finished. Cancelling potential speculative or zombie tasks for this job
[dag-scheduler-event-loop] INFO  org.apache.spark.scheduler.TaskSchedulerImpl [] - Killing all running tasks in stage 0: Stage finished
[main] INFO  org.apache.spark.scheduler.DAGScheduler [] - Job 0 finished: show at DebugAction.java:23, took 0.549575 s
[main] INFO  org.apache.spark.SparkContext [] - Starting job: show at DebugAction.java:23
[dag-scheduler-event-loop] INFO  org.apache.spark.scheduler.DAGScheduler [] - Got job 1 (show at DebugAction.java:23) with 4 output partitions
[dag-scheduler-event-loop] INFO  org.apache.spark.scheduler.DAGScheduler [] - Final stage: ResultStage 1 (show at DebugAction.java:23)
[dag-scheduler-event-loop] INFO  org.apache.spark.scheduler.DAGScheduler [] - Parents of final stage: List()
[dag-scheduler-event-loop] INFO  org.apache.spark.scheduler.DAGScheduler [] - Missing parents: List()
[dag-scheduler-event-loop] INFO  org.apache.spark.scheduler.DAGScheduler [] - Submitting ResultStage 1 (MapPartitionsRDD[3] at show at DebugAction.java:23), which has no missing parents
[dag-scheduler-event-loop] INFO  org.apache.spark.storage.memory.MemoryStore [] - Block broadcast_1 stored as values in memory (estimated size 33.4 KiB, free 2.1 GiB)
[dag-scheduler-event-loop] INFO  org.apache.spark.storage.memory.MemoryStore [] - Block broadcast_1_piece0 stored as bytes in memory (estimated size 12.9 KiB, free 2.1 GiB)
[dispatcher-BlockManagerMaster] INFO  org.apache.spark.storage.BlockManagerInfo [] - Added broadcast_1_piece0 in memory on 192.168.100.172:34275 (size: 12.9 KiB, free: 2.1 GiB)
[dag-scheduler-event-loop] INFO  org.apache.spark.SparkContext [] - Created broadcast 1 from broadcast at DAGScheduler.scala:1580
[dag-scheduler-event-loop] INFO  org.apache.spark.scheduler.DAGScheduler [] - Submitting 4 missing tasks from ResultStage 1 (MapPartitionsRDD[3] at show at DebugAction.java:23) (first 15 tasks are for partitions Vector(1, 2, 3, 4))
[dag-scheduler-event-loop] INFO  org.apache.spark.scheduler.TaskSchedulerImpl [] - Adding task set 1.0 with 4 tasks resource profile 0
[dispatcher-event-loop-1] INFO  org.apache.spark.scheduler.TaskSetManager [] - Starting task 0.0 in stage 1.0 (TID 1) (192.168.100.172, executor driver, partition 1, ANY, 9529 bytes) 
[dispatcher-event-loop-1] INFO  org.apache.spark.scheduler.TaskSetManager [] - Starting task 1.0 in stage 1.0 (TID 2) (192.168.100.172, executor driver, partition 2, ANY, 9529 bytes) 
[dispatcher-event-loop-1] INFO  org.apache.spark.scheduler.TaskSetManager [] - Starting task 2.0 in stage 1.0 (TID 3) (192.168.100.172, executor driver, partition 3, ANY, 9529 bytes) 
[dispatcher-event-loop-1] INFO  org.apache.spark.scheduler.TaskSetManager [] - Starting task 3.0 in stage 1.0 (TID 4) (192.168.100.172, executor driver, partition 4, ANY, 9529 bytes) 
[Executor task launch worker for task 0.0 in stage 1.0 (TID 1)] INFO  org.apache.spark.executor.Executor [] - Running task 0.0 in stage 1.0 (TID 1)
[Executor task launch worker for task 1.0 in stage 1.0 (TID 2)] INFO  org.apache.spark.executor.Executor [] - Running task 1.0 in stage 1.0 (TID 2)
[Executor task launch worker for task 2.0 in stage 1.0 (TID 3)] INFO  org.apache.spark.executor.Executor [] - Running task 2.0 in stage 1.0 (TID 3)
[Executor task launch worker for task 3.0 in stage 1.0 (TID 4)] INFO  org.apache.spark.executor.Executor [] - Running task 3.0 in stage 1.0 (TID 4)
[Executor task launch worker for task 2.0 in stage 1.0 (TID 3)] INFO  org.apache.spark.executor.Executor [] - Finished task 2.0 in stage 1.0 (TID 3). 1566 bytes result sent to driver
[Executor task launch worker for task 3.0 in stage 1.0 (TID 4)] INFO  org.apache.spark.executor.Executor [] - Finished task 3.0 in stage 1.0 (TID 4). 1609 bytes result sent to driver
[Executor task launch worker for task 0.0 in stage 1.0 (TID 1)] INFO  org.apache.spark.executor.Executor [] - Finished task 0.0 in stage 1.0 (TID 1). 1566 bytes result sent to driver
[task-result-getter-1] INFO  org.apache.spark.scheduler.TaskSetManager [] - Finished task 2.0 in stage 1.0 (TID 3) in 65 ms on 192.168.100.172 (executor driver) (1/4)
[task-result-getter-2] INFO  org.apache.spark.scheduler.TaskSetManager [] - Finished task 3.0 in stage 1.0 (TID 4) in 65 ms on 192.168.100.172 (executor driver) (2/4)
[task-result-getter-3] INFO  org.apache.spark.scheduler.TaskSetManager [] - Finished task 0.0 in stage 1.0 (TID 1) in 69 ms on 192.168.100.172 (executor driver) (3/4)
[Executor task launch worker for task 1.0 in stage 1.0 (TID 2)] INFO  org.apache.spark.executor.Executor [] - Finished task 1.0 in stage 1.0 (TID 2). 1508 bytes result sent to driver
[task-result-getter-0] INFO  org.apache.spark.scheduler.TaskSetManager [] - Finished task 1.0 in stage 1.0 (TID 2) in 79 ms on 192.168.100.172 (executor driver) (4/4)
[task-result-getter-0] INFO  org.apache.spark.scheduler.TaskSchedulerImpl [] - Removed TaskSet 1.0, whose tasks have all completed, from pool 
[dag-scheduler-event-loop] INFO  org.apache.spark.scheduler.DAGScheduler [] - ResultStage 1 (show at DebugAction.java:23) finished in 0.087 s
[dag-scheduler-event-loop] INFO  org.apache.spark.scheduler.DAGScheduler [] - Job 1 is finished. Cancelling potential speculative or zombie tasks for this job
[dag-scheduler-event-loop] INFO  org.apache.spark.scheduler.TaskSchedulerImpl [] - Killing all running tasks in stage 1: Stage finished
[main] INFO  org.apache.spark.scheduler.DAGScheduler [] - Job 1 finished: show at DebugAction.java:23, took 0.091447 s
[main] INFO  org.apache.spark.SparkContext [] - Starting job: show at DebugAction.java:23
[dag-scheduler-event-loop] INFO  org.apache.spark.scheduler.DAGScheduler [] - Got job 2 (show at DebugAction.java:23) with 13 output partitions
[dag-scheduler-event-loop] INFO  org.apache.spark.scheduler.DAGScheduler [] - Final stage: ResultStage 2 (show at DebugAction.java:23)
[dag-scheduler-event-loop] INFO  org.apache.spark.scheduler.DAGScheduler [] - Parents of final stage: List()
[dag-scheduler-event-loop] INFO  org.apache.spark.scheduler.DAGScheduler [] - Missing parents: List()
[dag-scheduler-event-loop] INFO  org.apache.spark.scheduler.DAGScheduler [] - Submitting ResultStage 2 (MapPartitionsRDD[3] at show at DebugAction.java:23), which has no missing parents
[dag-scheduler-event-loop] INFO  org.apache.spark.storage.memory.MemoryStore [] - Block broadcast_2 stored as values in memory (estimated size 33.4 KiB, free 2.1 GiB)
[dag-scheduler-event-loop] INFO  org.apache.spark.storage.memory.MemoryStore [] - Block broadcast_2_piece0 stored as bytes in memory (estimated size 12.9 KiB, free 2.1 GiB)
[dispatcher-BlockManagerMaster] INFO  org.apache.spark.storage.BlockManagerInfo [] - Added broadcast_2_piece0 in memory on 192.168.100.172:34275 (size: 12.9 KiB, free: 2.1 GiB)
[dag-scheduler-event-loop] INFO  org.apache.spark.SparkContext [] - Created broadcast 2 from broadcast at DAGScheduler.scala:1580
[dag-scheduler-event-loop] INFO  org.apache.spark.scheduler.DAGScheduler [] - Submitting 13 missing tasks from ResultStage 2 (MapPartitionsRDD[3] at show at DebugAction.java:23) (first 15 tasks are for partitions Vector(5, 6, 7, 8, 9, 10, 11, 12, 13, 14, 15, 16, 17))
[dag-scheduler-event-loop] INFO  org.apache.spark.scheduler.TaskSchedulerImpl [] - Adding task set 2.0 with 13 tasks resource profile 0
[dispatcher-event-loop-3] INFO  org.apache.spark.scheduler.TaskSetManager [] - Starting task 0.0 in stage 2.0 (TID 5) (192.168.100.172, executor driver, partition 5, ANY, 9525 bytes) 
[dispatcher-event-loop-3] INFO  org.apache.spark.scheduler.TaskSetManager [] - Starting task 1.0 in stage 2.0 (TID 6) (192.168.100.172, executor driver, partition 6, ANY, 9529 bytes) 
[dispatcher-event-loop-3] INFO  org.apache.spark.scheduler.TaskSetManager [] - Starting task 2.0 in stage 2.0 (TID 7) (192.168.100.172, executor driver, partition 7, ANY, 9529 bytes) 
[dispatcher-event-loop-3] INFO  org.apache.spark.scheduler.TaskSetManager [] - Starting task 3.0 in stage 2.0 (TID 8) (192.168.100.172, executor driver, partition 8, ANY, 9529 bytes) 
[dispatcher-event-loop-3] INFO  org.apache.spark.scheduler.TaskSetManager [] - Starting task 4.0 in stage 2.0 (TID 9) (192.168.100.172, executor driver, partition 9, ANY, 9529 bytes) 
[dispatcher-event-loop-3] INFO  org.apache.spark.scheduler.TaskSetManager [] - Starting task 5.0 in stage 2.0 (TID 10) (192.168.100.172, executor driver, partition 10, ANY, 9529 bytes) 
[dispatcher-event-loop-3] INFO  org.apache.spark.scheduler.TaskSetManager [] - Starting task 6.0 in stage 2.0 (TID 11) (192.168.100.172, executor driver, partition 11, ANY, 9529 bytes) 
[dispatcher-event-loop-3] INFO  org.apache.spark.scheduler.TaskSetManager [] - Starting task 7.0 in stage 2.0 (TID 12) (192.168.100.172, executor driver, partition 12, ANY, 9529 bytes) 
[Executor task launch worker for task 1.0 in stage 2.0 (TID 6)] INFO  org.apache.spark.executor.Executor [] - Running task 1.0 in stage 2.0 (TID 6)
[Executor task launch worker for task 0.0 in stage 2.0 (TID 5)] INFO  org.apache.spark.executor.Executor [] - Running task 0.0 in stage 2.0 (TID 5)
[Executor task launch worker for task 2.0 in stage 2.0 (TID 7)] INFO  org.apache.spark.executor.Executor [] - Running task 2.0 in stage 2.0 (TID 7)
[Executor task launch worker for task 3.0 in stage 2.0 (TID 8)] INFO  org.apache.spark.executor.Executor [] - Running task 3.0 in stage 2.0 (TID 8)
[Executor task launch worker for task 5.0 in stage 2.0 (TID 10)] INFO  org.apache.spark.executor.Executor [] - Running task 5.0 in stage 2.0 (TID 10)
[Executor task launch worker for task 6.0 in stage 2.0 (TID 11)] INFO  org.apache.spark.executor.Executor [] - Running task 6.0 in stage 2.0 (TID 11)
[Executor task launch worker for task 7.0 in stage 2.0 (TID 12)] INFO  org.apache.spark.executor.Executor [] - Running task 7.0 in stage 2.0 (TID 12)
[Executor task launch worker for task 4.0 in stage 2.0 (TID 9)] INFO  org.apache.spark.executor.Executor [] - Running task 4.0 in stage 2.0 (TID 9)
[Executor task launch worker for task 4.0 in stage 2.0 (TID 9)] INFO  org.apache.spark.executor.Executor [] - Finished task 4.0 in stage 2.0 (TID 9). 1609 bytes result sent to driver
[Executor task launch worker for task 2.0 in stage 2.0 (TID 7)] INFO  org.apache.spark.executor.Executor [] - Finished task 2.0 in stage 2.0 (TID 7). 1594 bytes result sent to driver
[Executor task launch worker for task 3.0 in stage 2.0 (TID 8)] INFO  org.apache.spark.executor.Executor [] - Finished task 3.0 in stage 2.0 (TID 8). 1609 bytes result sent to driver
[Executor task launch worker for task 7.0 in stage 2.0 (TID 12)] INFO  org.apache.spark.executor.Executor [] - Finished task 7.0 in stage 2.0 (TID 12). 1594 bytes result sent to driver
[dispatcher-event-loop-4] INFO  org.apache.spark.scheduler.TaskSetManager [] - Starting task 8.0 in stage 2.0 (TID 13) (192.168.100.172, executor driver, partition 13, ANY, 9529 bytes) 
[Executor task launch worker for task 8.0 in stage 2.0 (TID 13)] INFO  org.apache.spark.executor.Executor [] - Running task 8.0 in stage 2.0 (TID 13)
[Executor task launch worker for task 5.0 in stage 2.0 (TID 10)] INFO  org.apache.spark.executor.Executor [] - Finished task 5.0 in stage 2.0 (TID 10). 1652 bytes result sent to driver
[Executor task launch worker for task 1.0 in stage 2.0 (TID 6)] INFO  org.apache.spark.executor.Executor [] - Finished task 1.0 in stage 2.0 (TID 6). 1609 bytes result sent to driver
[dispatcher-event-loop-4] INFO  org.apache.spark.scheduler.TaskSetManager [] - Starting task 9.0 in stage 2.0 (TID 14) (192.168.100.172, executor driver, partition 14, ANY, 9529 bytes) 
[Executor task launch worker for task 9.0 in stage 2.0 (TID 14)] INFO  org.apache.spark.executor.Executor [] - Running task 9.0 in stage 2.0 (TID 14)
[dispatcher-event-loop-4] INFO  org.apache.spark.scheduler.TaskSetManager [] - Starting task 10.0 in stage 2.0 (TID 15) (192.168.100.172, executor driver, partition 15, ANY, 9529 bytes) 
[task-result-getter-1] INFO  org.apache.spark.scheduler.TaskSetManager [] - Finished task 4.0 in stage 2.0 (TID 9) in 134 ms on 192.168.100.172 (executor driver) (1/13)
[Executor task launch worker for task 10.0 in stage 2.0 (TID 15)] INFO  org.apache.spark.executor.Executor [] - Running task 10.0 in stage 2.0 (TID 15)
[task-result-getter-3] INFO  org.apache.spark.scheduler.TaskSetManager [] - Finished task 2.0 in stage 2.0 (TID 7) in 136 ms on 192.168.100.172 (executor driver) (2/13)
[task-result-getter-2] INFO  org.apache.spark.scheduler.TaskSetManager [] - Finished task 3.0 in stage 2.0 (TID 8) in 136 ms on 192.168.100.172 (executor driver) (3/13)
[dispatcher-BlockManagerMaster] INFO  org.apache.spark.storage.BlockManagerInfo [] - Removed broadcast_1_piece0 on 192.168.100.172:34275 in memory (size: 12.9 KiB, free: 2.1 GiB)
[dispatcher-event-loop-4] INFO  org.apache.spark.scheduler.TaskSetManager [] - Starting task 11.0 in stage 2.0 (TID 16) (192.168.100.172, executor driver, partition 16, ANY, 9529 bytes) 
[Executor task launch worker for task 11.0 in stage 2.0 (TID 16)] INFO  org.apache.spark.executor.Executor [] - Running task 11.0 in stage 2.0 (TID 16)
[Executor task launch worker for task 6.0 in stage 2.0 (TID 11)] INFO  org.apache.spark.executor.Executor [] - Finished task 6.0 in stage 2.0 (TID 11). 1652 bytes result sent to driver
[dispatcher-event-loop-4] INFO  org.apache.spark.scheduler.TaskSetManager [] - Starting task 12.0 in stage 2.0 (TID 17) (192.168.100.172, executor driver, partition 17, ANY, 9529 bytes) 
[task-result-getter-0] INFO  org.apache.spark.scheduler.TaskSetManager [] - Finished task 7.0 in stage 2.0 (TID 12) in 143 ms on 192.168.100.172 (executor driver) (4/13)
[Executor task launch worker for task 12.0 in stage 2.0 (TID 17)] INFO  org.apache.spark.executor.Executor [] - Running task 12.0 in stage 2.0 (TID 17)
[task-result-getter-1] INFO  org.apache.spark.scheduler.TaskSetManager [] - Finished task 5.0 in stage 2.0 (TID 10) in 146 ms on 192.168.100.172 (executor driver) (5/13)
[dispatcher-BlockManagerMaster] INFO  org.apache.spark.storage.BlockManagerInfo [] - Removed broadcast_0_piece0 on 192.168.100.172:34275 in memory (size: 12.8 KiB, free: 2.1 GiB)
[task-result-getter-2] INFO  org.apache.spark.scheduler.TaskSetManager [] - Finished task 6.0 in stage 2.0 (TID 11) in 147 ms on 192.168.100.172 (executor driver) (6/13)
[task-result-getter-3] INFO  org.apache.spark.scheduler.TaskSetManager [] - Finished task 1.0 in stage 2.0 (TID 6) in 150 ms on 192.168.100.172 (executor driver) (7/13)
[Executor task launch worker for task 0.0 in stage 2.0 (TID 5)] INFO  org.apache.spark.executor.Executor [] - Finished task 0.0 in stage 2.0 (TID 5). 1609 bytes result sent to driver
[task-result-getter-0] INFO  org.apache.spark.scheduler.TaskSetManager [] - Finished task 0.0 in stage 2.0 (TID 5) in 161 ms on 192.168.100.172 (executor driver) (8/13)
[Executor task launch worker for task 10.0 in stage 2.0 (TID 15)] INFO  org.apache.spark.executor.Executor [] - Finished task 10.0 in stage 2.0 (TID 15). 1609 bytes result sent to driver
[task-result-getter-1] INFO  org.apache.spark.scheduler.TaskSetManager [] - Finished task 10.0 in stage 2.0 (TID 15) in 44 ms on 192.168.100.172 (executor driver) (9/13)
[Executor task launch worker for task 12.0 in stage 2.0 (TID 17)] INFO  org.apache.spark.executor.Executor [] - Finished task 12.0 in stage 2.0 (TID 17). 1566 bytes result sent to driver
[task-result-getter-2] INFO  org.apache.spark.scheduler.TaskSetManager [] - Finished task 12.0 in stage 2.0 (TID 17) in 51 ms on 192.168.100.172 (executor driver) (10/13)
[Executor task launch worker for task 8.0 in stage 2.0 (TID 13)] INFO  org.apache.spark.executor.Executor [] - Finished task 8.0 in stage 2.0 (TID 13). 1609 bytes result sent to driver
[task-result-getter-3] INFO  org.apache.spark.scheduler.TaskSetManager [] - Finished task 8.0 in stage 2.0 (TID 13) in 81 ms on 192.168.100.172 (executor driver) (11/13)
[Executor task launch worker for task 9.0 in stage 2.0 (TID 14)] INFO  org.apache.spark.executor.Executor [] - Finished task 9.0 in stage 2.0 (TID 14). 1508 bytes result sent to driver
[task-result-getter-0] INFO  org.apache.spark.scheduler.TaskSetManager [] - Finished task 9.0 in stage 2.0 (TID 14) in 87 ms on 192.168.100.172 (executor driver) (12/13)
[Executor task launch worker for task 11.0 in stage 2.0 (TID 16)] INFO  org.apache.spark.executor.Executor [] - Finished task 11.0 in stage 2.0 (TID 16). 1566 bytes result sent to driver
[task-result-getter-1] INFO  org.apache.spark.scheduler.TaskSetManager [] - Finished task 11.0 in stage 2.0 (TID 16) in 86 ms on 192.168.100.172 (executor driver) (13/13)
[task-result-getter-1] INFO  org.apache.spark.scheduler.TaskSchedulerImpl [] - Removed TaskSet 2.0, whose tasks have all completed, from pool 
[dag-scheduler-event-loop] INFO  org.apache.spark.scheduler.DAGScheduler [] - ResultStage 2 (show at DebugAction.java:23) finished in 0.237 s
[dag-scheduler-event-loop] INFO  org.apache.spark.scheduler.DAGScheduler [] - Job 2 is finished. Cancelling potential speculative or zombie tasks for this job
[dag-scheduler-event-loop] INFO  org.apache.spark.scheduler.TaskSchedulerImpl [] - Killing all running tasks in stage 2: Stage finished
[main] INFO  org.apache.spark.scheduler.DAGScheduler [] - Job 2 finished: show at DebugAction.java:23, took 0.242376 s
[main] INFO  org.apache.spark.sql.catalyst.expressions.codegen.CodeGenerator [] - Code generated in 5.369166 ms
[main] INFO  etl.model.transform.task.DebugAction [] - 
+------------------------------------+
|content_uuid                        |
+------------------------------------+
|17d7f8d8-e881-4584-9e7b-87194b8e4247|
|fb47e609-1160-499d-bd9e-2f0eaa6f7675|
|ee1e3a51-9f05-4352-99dd-20855b45b376|
|c836f409-45bd-444f-9f4b-1332fb20647f|
|b949beba-b5bc-4c14-91fc-fac0a31c94e8|
|2c600b8d-12da-40e4-b5d6-561c9b6d46f5|
|97873203-6f04-43dd-85a2-aebaa9b8e243|
|181a86e1-2afc-454c-9fd6-56aa57bdf20f|
|98ecb489-03eb-4266-851d-0aa2b284dc59|
|a0136674-6158-4173-b306-ec8ef251a5ee|
|75e4e12d-36f5-40ee-a716-d4bdb8d8a505|
|40fb1b73-2f1f-4ed2-8b2d-2cd2d042205d|
|4260efa5-88f0-41d6-9c9e-58723f48e482|
|a03e7225-a4a7-4b21-b573-69ffd4c03fdb|
|71e82896-8d14-45c6-9127-17615a85c146|
|ebbff1a0-55fb-4500-9f27-d038ca476af2|
|fdcabf7a-5deb-413b-bd85-6ab0dc57a0b7|
|769a1def-2b85-4dac-bd16-e7e885d32719|
+------------------------------------+


[main] INFO  etl.model.load.Load [] - Loading data
[main] WARN  com.datastax.spark.connector.util.DeprecatedConfigParameter [] - spark.cassandra.read.timeout_ms is deprecated (DSE 6.0.0) and has been automatically replaced with parameter spark.cassandra.read.timeoutMS. 
[main] WARN  com.datastax.spark.connector.util.DeprecatedConfigParameter [] - spark.cassandra.connection.timeout_ms is deprecated (DSE 6.0.0) and has been automatically replaced with parameter spark.cassandra.connection.timeoutMS. 
[main] WARN  com.datastax.spark.connector.util.DeprecatedConfigParameter [] - spark.cassandra.connection.local_dc is deprecated (DSE 6.0.0) and has been automatically replaced with parameter spark.cassandra.connection.localDC. 
[main] INFO  org.apache.spark.sql.execution.datasources.v2.V2ScanRelationPushDown [] - 
Pushing operators to content
Pushed Filters: 
Post-Scan Filters: isnotnull(content_specific_data#4),atleastnnonnulls(1, content_uuid#0, new_state#1, comments#2, content_priority#3, content_specific_data#4, content_type#5, created_date#6L, created_user_id#7, created_user_name#8, digital_content_list#9, expired_date#10L, is_deleted#11, published_by#12, published_date#13, state#14, state_change_note#15, time#16L, title#17, updated_date#18L, updated_user_id#19, updated_user_name#20, user_display_name#21),(instr(content_specific_data#4, usedFor) > 0)
         
[main] INFO  org.apache.spark.sql.execution.datasources.v2.V2ScanRelationPushDown [] - 
Output: content_uuid#0, new_state#1, comments#2, content_priority#3, content_specific_data#4, content_type#5, created_date#6L, created_user_id#7, created_user_name#8, digital_content_list#9, expired_date#10L, is_deleted#11, published_by#12, published_date#13, state#14, state_change_note#15, time#16L, title#17, updated_date#18L, updated_user_id#19, updated_user_name#20, user_display_name#21
         
[main] INFO  etl.provider.impl.YamlProvider [] - Updating job aiPromptQuoteInfoClearAiFields status FAILED
[main] INFO  etl.provider.impl.YamlProvider [] - Updated job aiPromptQuoteInfoClearAiFields status FAILED
[shutdown-hook-0] INFO  org.apache.spark.SparkContext [] - Invoking stop() from shutdown hook
[shutdown-hook-0] INFO  org.apache.spark.SparkContext [] - SparkContext is stopping with exitCode 0.
[shutdown-hook-0] INFO  org.sparkproject.jetty.server.AbstractConnector [] - Stopped Spark@31ddb930{HTTP/1.1, (http/1.1)}{0.0.0.0:4040}
[Serial shutdown hooks thread] INFO  com.datastax.spark.connector.cql.CassandraConnector [] - Disconnected from Cassandra cluster.
[Serial shutdown hooks thread] INFO  com.datastax.spark.connector.util.SerialShutdownHooks [] - Successfully executed shutdown hook: Clearing session cache for C* connector
[shutdown-hook-0] INFO  org.apache.spark.ui.SparkUI [] - Stopped Spark web UI at http://192.168.100.172:4040
[dispatcher-event-loop-4] INFO  org.apache.spark.MapOutputTrackerMasterEndpoint [] - MapOutputTrackerMasterEndpoint stopped!
[shutdown-hook-0] INFO  org.apache.spark.storage.memory.MemoryStore [] - MemoryStore cleared
[shutdown-hook-0] INFO  org.apache.spark.storage.BlockManager [] - BlockManager stopped
[shutdown-hook-0] INFO  org.apache.spark.storage.BlockManagerMaster [] - BlockManagerMaster stopped
[dispatcher-event-loop-5] INFO  org.apache.spark.scheduler.OutputCommitCoordinator$OutputCommitCoordinatorEndpoint [] - OutputCommitCoordinator stopped!
[shutdown-hook-0] INFO  org.apache.spark.SparkContext [] - Successfully stopped SparkContext
[shutdown-hook-0] INFO  org.apache.spark.util.ShutdownHookManager [] - Shutdown hook called
[shutdown-hook-0] INFO  org.apache.spark.util.ShutdownHookManager [] - Deleting directory /tmp/spark-fbf4e85d-a7fa-4612-b9c6-39eb32e09c44
[main] INFO  Main [] - Remote spark cluster not found!!! Using standalone
[main] WARN  org.apache.spark.util.Utils [] - Your hostname, Subrat-Devnath resolves to a loopback address: 127.0.1.1; using 192.168.100.172 instead (on interface wlp0s20f3)
[main] WARN  org.apache.spark.util.Utils [] - Set SPARK_LOCAL_IP if you need to bind to another address
[main] INFO  org.apache.spark.SparkContext [] - Running Spark version 3.5.0
[main] INFO  org.apache.spark.SparkContext [] - OS info Linux, 6.8.0-138-generic, amd64
[main] INFO  org.apache.spark.SparkContext [] - Java version 1.8.0_502
[main] WARN  org.apache.hadoop.util.NativeCodeLoader [] - Unable to load native-hadoop library for your platform... using builtin-java classes where applicable
[main] INFO  org.apache.spark.resource.ResourceUtils [] - ==============================================================
[main] INFO  org.apache.spark.resource.ResourceUtils [] - No custom resources configured for spark.driver.
[main] INFO  org.apache.spark.resource.ResourceUtils [] - ==============================================================
[main] INFO  org.apache.spark.SparkContext [] - Submitted application: ef48360e-043c-40ec-8979-d92b9ac5c1a1
[main] INFO  org.apache.spark.resource.ResourceProfile [] - Default ResourceProfile created, executor resources: Map(cores -> name: cores, amount: 1, script: , vendor: , memory -> name: memory, amount: 1024, script: , vendor: , offHeap -> name: offHeap, amount: 0, script: , vendor: ), task resources: Map(cpus -> name: cpus, amount: 1.0)
[main] INFO  org.apache.spark.resource.ResourceProfile [] - Limiting resource is cpu
[main] INFO  org.apache.spark.resource.ResourceProfileManager [] - Added ResourceProfile id: 0
[main] INFO  org.apache.spark.SecurityManager [] - Changing view acls to: subratd
[main] INFO  org.apache.spark.SecurityManager [] - Changing modify acls to: subratd
[main] INFO  org.apache.spark.SecurityManager [] - Changing view acls groups to: 
[main] INFO  org.apache.spark.SecurityManager [] - Changing modify acls groups to: 
[main] INFO  org.apache.spark.SecurityManager [] - SecurityManager: authentication disabled; ui acls disabled; users with view permissions: subratd; groups with view permissions: EMPTY; users with modify permissions: subratd; groups with modify permissions: EMPTY
[main] INFO  org.apache.spark.util.Utils [] - Successfully started service 'sparkDriver' on port 41991.
[main] INFO  org.apache.spark.SparkEnv [] - Registering MapOutputTracker
[main] INFO  org.apache.spark.SparkEnv [] - Registering BlockManagerMaster
[main] INFO  org.apache.spark.storage.BlockManagerMasterEndpoint [] - Using org.apache.spark.storage.DefaultTopologyMapper for getting topology information
[main] INFO  org.apache.spark.storage.BlockManagerMasterEndpoint [] - BlockManagerMasterEndpoint up
[main] INFO  org.apache.spark.SparkEnv [] - Registering BlockManagerMasterHeartbeat
[main] INFO  org.apache.spark.storage.DiskBlockManager [] - Created local directory at /tmp/blockmgr-c56544e5-edc3-442a-a52c-501fa51a3715
[main] INFO  org.apache.spark.storage.memory.MemoryStore [] - MemoryStore started with capacity 1919.4 MiB
[main] INFO  org.apache.spark.SparkEnv [] - Registering OutputCommitCoordinator
[main] INFO  org.sparkproject.jetty.util.log [] - Logging initialized @2495ms to org.sparkproject.jetty.util.log.Slf4jLog
[main] INFO  org.apache.spark.ui.JettyUtils [] - Start Jetty 0.0.0.0:4040 for SparkUI
[main] INFO  org.sparkproject.jetty.server.Server [] - jetty-9.4.52.v20230823; built: 2023-08-23T19:29:37.669Z; git: abdcda73818a1a2c705da276edb0bf6581e7997e; jvm 1.8.0_502-8u502-ga~us1-0ubuntu1~22.04-b07
[main] INFO  org.sparkproject.jetty.server.Server [] - Started @2712ms
[main] INFO  org.sparkproject.jetty.server.AbstractConnector [] - Started ServerConnector@2bcec6a6{HTTP/1.1, (http/1.1)}{0.0.0.0:4040}
[main] INFO  org.apache.spark.util.Utils [] - Successfully started service 'SparkUI' on port 4040.
[main] INFO  org.sparkproject.jetty.server.handler.ContextHandler [] - Started o.s.j.s.ServletContextHandler@2b214b94{/,null,AVAILABLE,@Spark}
[main] INFO  org.apache.spark.executor.Executor [] - Starting executor ID driver on host 192.168.100.172
[main] INFO  org.apache.spark.executor.Executor [] - OS info Linux, 6.8.0-138-generic, amd64
[main] INFO  org.apache.spark.executor.Executor [] - Java version 1.8.0_502
[main] INFO  org.apache.spark.executor.Executor [] - Starting executor with user classpath (userClassPathFirst = false): ''
[main] INFO  org.apache.spark.executor.Executor [] - Created or updated repl class loader org.apache.spark.util.MutableURLClassLoader@2e34384c for default.
[main] INFO  org.apache.spark.util.Utils [] - Successfully started service 'org.apache.spark.network.netty.NettyBlockTransferService' on port 34365.
[main] INFO  org.apache.spark.network.netty.NettyBlockTransferService [] - Server created on 192.168.100.172:34365
[main] INFO  org.apache.spark.storage.BlockManager [] - Using org.apache.spark.storage.RandomBlockReplicationPolicy for block replication policy
[main] INFO  org.apache.spark.storage.BlockManagerMaster [] - Registering BlockManager BlockManagerId(driver, 192.168.100.172, 34365, None)
[dispatcher-BlockManagerMaster] INFO  org.apache.spark.storage.BlockManagerMasterEndpoint [] - Registering block manager 192.168.100.172:34365 with 1919.4 MiB RAM, BlockManagerId(driver, 192.168.100.172, 34365, None)
[main] INFO  org.apache.spark.storage.BlockManagerMaster [] - Registered BlockManager BlockManagerId(driver, 192.168.100.172, 34365, None)
[main] INFO  org.apache.spark.storage.BlockManager [] - Initialized BlockManager: BlockManagerId(driver, 192.168.100.172, 34365, None)
[main] INFO  org.sparkproject.jetty.server.handler.ContextHandler [] - Stopped o.s.j.s.ServletContextHandler@2b214b94{/,null,STOPPED,@Spark}
[main] INFO  org.sparkproject.jetty.server.handler.ContextHandler [] - Started o.s.j.s.ServletContextHandler@148c7c4b{/jobs,null,AVAILABLE,@Spark}
[main] INFO  org.sparkproject.jetty.server.handler.ContextHandler [] - Started o.s.j.s.ServletContextHandler@50d951e7{/jobs/json,null,AVAILABLE,@Spark}
[main] INFO  org.sparkproject.jetty.server.handler.ContextHandler [] - Started o.s.j.s.ServletContextHandler@211febf3{/jobs/job,null,AVAILABLE,@Spark}
[main] INFO  org.sparkproject.jetty.server.handler.ContextHandler [] - Started o.s.j.s.ServletContextHandler@6aba5d30{/jobs/job/json,null,AVAILABLE,@Spark}
[main] INFO  org.sparkproject.jetty.server.handler.ContextHandler [] - Started o.s.j.s.ServletContextHandler@588307f7{/stages,null,AVAILABLE,@Spark}
[main] INFO  org.sparkproject.jetty.server.handler.ContextHandler [] - Started o.s.j.s.ServletContextHandler@459cfcca{/stages/json,null,AVAILABLE,@Spark}
[main] INFO  org.sparkproject.jetty.server.handler.ContextHandler [] - Started o.s.j.s.ServletContextHandler@e322ec9{/stages/stage,null,AVAILABLE,@Spark}
[main] INFO  org.sparkproject.jetty.server.handler.ContextHandler [] - Started o.s.j.s.ServletContextHandler@2e5ee2c9{/stages/stage/json,null,AVAILABLE,@Spark}
[main] INFO  org.sparkproject.jetty.server.handler.ContextHandler [] - Started o.s.j.s.ServletContextHandler@4afd21c6{/stages/pool,null,AVAILABLE,@Spark}
[main] INFO  org.sparkproject.jetty.server.handler.ContextHandler [] - Started o.s.j.s.ServletContextHandler@1416a80a{/stages/pool/json,null,AVAILABLE,@Spark}
[main] INFO  org.sparkproject.jetty.server.handler.ContextHandler [] - Started o.s.j.s.ServletContextHandler@52cb4f50{/storage,null,AVAILABLE,@Spark}
[main] INFO  org.sparkproject.jetty.server.handler.ContextHandler [] - Started o.s.j.s.ServletContextHandler@4d27d9d{/storage/json,null,AVAILABLE,@Spark}
[main] INFO  org.sparkproject.jetty.server.handler.ContextHandler [] - Started o.s.j.s.ServletContextHandler@20411320{/storage/rdd,null,AVAILABLE,@Spark}
[main] INFO  org.sparkproject.jetty.server.handler.ContextHandler [] - Started o.s.j.s.ServletContextHandler@3c782d8e{/storage/rdd/json,null,AVAILABLE,@Spark}
[main] INFO  org.sparkproject.jetty.server.handler.ContextHandler [] - Started o.s.j.s.ServletContextHandler@7f5eae0f{/environment,null,AVAILABLE,@Spark}
[main] INFO  org.sparkproject.jetty.server.handler.ContextHandler [] - Started o.s.j.s.ServletContextHandler@255e5e2e{/environment/json,null,AVAILABLE,@Spark}
[main] INFO  org.sparkproject.jetty.server.handler.ContextHandler [] - Started o.s.j.s.ServletContextHandler@b0e5507{/executors,null,AVAILABLE,@Spark}
[main] INFO  org.sparkproject.jetty.server.handler.ContextHandler [] - Started o.s.j.s.ServletContextHandler@3c46dcbe{/executors/json,null,AVAILABLE,@Spark}
[main] INFO  org.sparkproject.jetty.server.handler.ContextHandler [] - Started o.s.j.s.ServletContextHandler@1108adc8{/executors/threadDump,null,AVAILABLE,@Spark}
[main] INFO  org.sparkproject.jetty.server.handler.ContextHandler [] - Started o.s.j.s.ServletContextHandler@20011bf{/executors/threadDump/json,null,AVAILABLE,@Spark}
[main] INFO  org.sparkproject.jetty.server.handler.ContextHandler [] - Started o.s.j.s.ServletContextHandler@5eb2172{/static,null,AVAILABLE,@Spark}
[main] INFO  org.sparkproject.jetty.server.handler.ContextHandler [] - Started o.s.j.s.ServletContextHandler@46d63dbb{/,null,AVAILABLE,@Spark}
[main] INFO  org.sparkproject.jetty.server.handler.ContextHandler [] - Started o.s.j.s.ServletContextHandler@16a49a5d{/api,null,AVAILABLE,@Spark}
[main] INFO  org.sparkproject.jetty.server.handler.ContextHandler [] - Started o.s.j.s.ServletContextHandler@7a2b1eb4{/jobs/job/kill,null,AVAILABLE,@Spark}
[main] INFO  org.sparkproject.jetty.server.handler.ContextHandler [] - Started o.s.j.s.ServletContextHandler@5833f5cd{/stages/stage/kill,null,AVAILABLE,@Spark}
[main] INFO  org.sparkproject.jetty.server.handler.ContextHandler [] - Started o.s.j.s.ServletContextHandler@173797f0{/metrics/json,null,AVAILABLE,@Spark}
[main] INFO  org.apache.spark.sql.internal.SharedState [] - Setting hive.metastore.warehouse.dir ('null') to the value of spark.sql.warehouse.dir.
[main] INFO  org.apache.spark.sql.internal.SharedState [] - Warehouse path is 'file:/home/subratd/Documents/etl/spark-warehouse'.
[main] INFO  org.sparkproject.jetty.server.handler.ContextHandler [] - Started o.s.j.s.ServletContextHandler@5c448433{/SQL,null,AVAILABLE,@Spark}
[main] INFO  org.sparkproject.jetty.server.handler.ContextHandler [] - Started o.s.j.s.ServletContextHandler@1b5c3e5f{/SQL/json,null,AVAILABLE,@Spark}
[main] INFO  org.sparkproject.jetty.server.handler.ContextHandler [] - Started o.s.j.s.ServletContextHandler@158f4cfe{/SQL/execution,null,AVAILABLE,@Spark}
[main] INFO  org.sparkproject.jetty.server.handler.ContextHandler [] - Started o.s.j.s.ServletContextHandler@5aaaa446{/SQL/execution/json,null,AVAILABLE,@Spark}
[main] INFO  org.sparkproject.jetty.server.handler.ContextHandler [] - Started o.s.j.s.ServletContextHandler@5d425813{/static/sql,null,AVAILABLE,@Spark}
[main] WARN  org.apache.spark.sql.catalyst.analysis.SimpleFunctionRegistry [] - The function int replaced a previously registered function.
[main] WARN  org.apache.spark.sql.catalyst.analysis.SimpleFunctionRegistry [] - The function boolean replaced a previously registered function.
[main] WARN  org.apache.spark.sql.catalyst.analysis.SimpleFunctionRegistry [] - The function double replaced a previously registered function.
[main] WARN  org.apache.spark.sql.catalyst.analysis.SimpleFunctionRegistry [] - The function binary replaced a previously registered function.
[main] WARN  org.apache.spark.sql.catalyst.analysis.SimpleFunctionRegistry [] - The function date replaced a previously registered function.
[main] WARN  org.apache.spark.sql.catalyst.analysis.SimpleFunctionRegistry [] - The function timestamp replaced a previously registered function.
[main] WARN  org.apache.spark.sql.catalyst.analysis.SimpleFunctionRegistry [] - The function now replaced a previously registered function.
[main] WARN  org.apache.spark.sql.catalyst.analysis.SimpleFunctionRegistry [] - The function uuid replaced a previously registered function.
[main] WARN  org.apache.spark.sql.catalyst.analysis.SimpleFunctionRegistry [] - The function replace replaced a previously registered function.
[main] WARN  org.apache.spark.sql.catalyst.analysis.SimpleFunctionRegistry [] - The function split replaced a previously registered function.
[main] INFO  etl.provider.impl.YamlProvider [] - Loading Job - job.yml
[main] INFO  etl.ETLJob [] - Start processing job aiPromptQuoteInfoClearAiFields
[main] INFO  etl.provider.impl.YamlProvider [] - Updating job aiPromptQuoteInfoClearAiFields status PROCESSING
[main] INFO  etl.provider.impl.YamlProvider [] - Updated job aiPromptQuoteInfoClearAiFields status PROCESSING
[main] INFO  etl.model.extract.Extract [] - Extracting org.apache.spark.sql.cassandra to data
[main] INFO  etl.model.extract.Extract [] - Options {keyspace=subrat_main, table=content}
[main] WARN  com.datastax.spark.connector.util.DeprecatedConfigParameter [] - spark.cassandra.connection.local_dc is deprecated (DSE 6.0.0) and has been automatically replaced with parameter spark.cassandra.connection.localDC. 
[main] WARN  com.datastax.spark.connector.util.DeprecatedConfigParameter [] - spark.cassandra.read.timeout_ms is deprecated (DSE 6.0.0) and has been automatically replaced with parameter spark.cassandra.read.timeoutMS. 
[main] WARN  com.datastax.spark.connector.util.DeprecatedConfigParameter [] - spark.cassandra.connection.timeout_ms is deprecated (DSE 6.0.0) and has been automatically replaced with parameter spark.cassandra.connection.timeoutMS. 
[main] INFO  com.datastax.oss.driver.internal.core.DefaultMavenCoordinates [] - DataStax Java driver for Apache Cassandra(R) (com.datastax.oss:java-driver-core-shaded) version 4.13.0
[s0-admin-0] INFO  com.datastax.oss.driver.internal.core.time.Clock [] - Using native clock for microsecond precision
[main] INFO  com.datastax.spark.connector.cql.CassandraConnector [] - Connected to Cassandra cluster.
[main] WARN  com.datastax.spark.connector.util.DeprecatedConfigParameter [] - spark.cassandra.connection.local_dc is deprecated (DSE 6.0.0) and has been automatically replaced with parameter spark.cassandra.connection.localDC. 
[main] WARN  com.datastax.spark.connector.util.DeprecatedConfigParameter [] - spark.cassandra.read.timeout_ms is deprecated (DSE 6.0.0) and has been automatically replaced with parameter spark.cassandra.read.timeoutMS. 
[main] WARN  com.datastax.spark.connector.util.DeprecatedConfigParameter [] - spark.cassandra.connection.timeout_ms is deprecated (DSE 6.0.0) and has been automatically replaced with parameter spark.cassandra.connection.timeoutMS. 
[main] INFO  etl.model.transform.Transform [] - Transforming data to data with filter_expression
[main] INFO  etl.model.transform.Transform [] - Transforming data to data with select
[main] INFO  etl.model.transform.Transform [] - Transforming data to data with debug
[main] WARN  com.datastax.spark.connector.util.DeprecatedConfigParameter [] - spark.cassandra.connection.local_dc is deprecated (DSE 6.0.0) and has been automatically replaced with parameter spark.cassandra.connection.localDC. 
[main] WARN  com.datastax.spark.connector.util.DeprecatedConfigParameter [] - spark.cassandra.read.timeout_ms is deprecated (DSE 6.0.0) and has been automatically replaced with parameter spark.cassandra.read.timeoutMS. 
[main] WARN  com.datastax.spark.connector.util.DeprecatedConfigParameter [] - spark.cassandra.connection.timeout_ms is deprecated (DSE 6.0.0) and has been automatically replaced with parameter spark.cassandra.connection.timeoutMS. 
[main] INFO  org.apache.spark.sql.execution.datasources.v2.V2ScanRelationPushDown [] - 
Pushing operators to content
Pushed Filters: 
Post-Scan Filters: isnotnull(content_specific_data#4),atleastnnonnulls(1, content_uuid#0, new_state#1, comments#2, content_priority#3, content_specific_data#4, content_type#5, created_date#6L, created_user_id#7, created_user_name#8, digital_content_list#9, expired_date#10L, is_deleted#11, published_by#12, published_date#13, state#14, state_change_note#15, time#16L, title#17, updated_date#18L, updated_user_id#19, updated_user_name#20, user_display_name#21),(instr(content_specific_data#4, usedFor) > 0)
         
[main] INFO  org.apache.spark.sql.execution.datasources.v2.V2ScanRelationPushDown [] - 
Output: content_uuid#0, new_state#1, comments#2, content_priority#3, content_specific_data#4, content_type#5, created_date#6L, created_user_id#7, created_user_name#8, digital_content_list#9, expired_date#10L, is_deleted#11, published_by#12, published_date#13, state#14, state_change_note#15, time#16L, title#17, updated_date#18L, updated_user_id#19, updated_user_name#20, user_display_name#21
         
[main] INFO  org.apache.spark.sql.catalyst.expressions.codegen.CodeGenerator [] - Code generated in 258.023308 ms
[main] INFO  org.apache.spark.SparkContext [] - Starting job: show at DebugAction.java:23
[dag-scheduler-event-loop] INFO  org.apache.spark.scheduler.DAGScheduler [] - Got job 0 (show at DebugAction.java:23) with 1 output partitions
[dag-scheduler-event-loop] INFO  org.apache.spark.scheduler.DAGScheduler [] - Final stage: ResultStage 0 (show at DebugAction.java:23)
[dag-scheduler-event-loop] INFO  org.apache.spark.scheduler.DAGScheduler [] - Parents of final stage: List()
[dag-scheduler-event-loop] INFO  org.apache.spark.scheduler.DAGScheduler [] - Missing parents: List()
[dag-scheduler-event-loop] INFO  org.apache.spark.scheduler.DAGScheduler [] - Submitting ResultStage 0 (MapPartitionsRDD[3] at show at DebugAction.java:23), which has no missing parents
[dag-scheduler-event-loop] INFO  org.apache.spark.storage.memory.MemoryStore [] - Block broadcast_0 stored as values in memory (estimated size 33.4 KiB, free 1919.4 MiB)
[dag-scheduler-event-loop] INFO  org.apache.spark.storage.memory.MemoryStore [] - Block broadcast_0_piece0 stored as bytes in memory (estimated size 12.8 KiB, free 1919.4 MiB)
[dispatcher-BlockManagerMaster] INFO  org.apache.spark.storage.BlockManagerInfo [] - Added broadcast_0_piece0 in memory on 192.168.100.172:34365 (size: 12.8 KiB, free: 1919.4 MiB)
[dag-scheduler-event-loop] INFO  org.apache.spark.SparkContext [] - Created broadcast 0 from broadcast at DAGScheduler.scala:1580
[dag-scheduler-event-loop] INFO  org.apache.spark.scheduler.DAGScheduler [] - Submitting 1 missing tasks from ResultStage 0 (MapPartitionsRDD[3] at show at DebugAction.java:23) (first 15 tasks are for partitions Vector(0))
[dag-scheduler-event-loop] INFO  org.apache.spark.scheduler.TaskSchedulerImpl [] - Adding task set 0.0 with 1 tasks resource profile 0
[dispatcher-event-loop-6] INFO  org.apache.spark.scheduler.TaskSetManager [] - Starting task 0.0 in stage 0.0 (TID 0) (192.168.100.172, executor driver, partition 0, ANY, 9529 bytes) 
[Executor task launch worker for task 0.0 in stage 0.0 (TID 0)] INFO  org.apache.spark.executor.Executor [] - Running task 0.0 in stage 0.0 (TID 0)
[Executor task launch worker for task 0.0 in stage 0.0 (TID 0)] INFO  org.apache.spark.sql.catalyst.expressions.codegen.CodeGenerator [] - Code generated in 51.924469 ms
[Executor task launch worker for task 0.0 in stage 0.0 (TID 0)] INFO  org.apache.spark.sql.catalyst.expressions.codegen.CodeGenerator [] - Code generated in 49.114832 ms
[Executor task launch worker for task 0.0 in stage 0.0 (TID 0)] INFO  org.apache.spark.executor.Executor [] - Finished task 0.0 in stage 0.0 (TID 0). 1609 bytes result sent to driver
[task-result-getter-0] INFO  org.apache.spark.scheduler.TaskSetManager [] - Finished task 0.0 in stage 0.0 (TID 0) in 823 ms on 192.168.100.172 (executor driver) (1/1)
[task-result-getter-0] INFO  org.apache.spark.scheduler.TaskSchedulerImpl [] - Removed TaskSet 0.0, whose tasks have all completed, from pool 
[dag-scheduler-event-loop] INFO  org.apache.spark.scheduler.DAGScheduler [] - ResultStage 0 (show at DebugAction.java:23) finished in 1.090 s
[dag-scheduler-event-loop] INFO  org.apache.spark.scheduler.DAGScheduler [] - Job 0 is finished. Cancelling potential speculative or zombie tasks for this job
[dag-scheduler-event-loop] INFO  org.apache.spark.scheduler.TaskSchedulerImpl [] - Killing all running tasks in stage 0: Stage finished
[main] INFO  org.apache.spark.scheduler.DAGScheduler [] - Job 0 finished: show at DebugAction.java:23, took 1.130001 s
[main] INFO  org.apache.spark.SparkContext [] - Starting job: show at DebugAction.java:23
[dag-scheduler-event-loop] INFO  org.apache.spark.scheduler.DAGScheduler [] - Got job 1 (show at DebugAction.java:23) with 4 output partitions
[dag-scheduler-event-loop] INFO  org.apache.spark.scheduler.DAGScheduler [] - Final stage: ResultStage 1 (show at DebugAction.java:23)
[dag-scheduler-event-loop] INFO  org.apache.spark.scheduler.DAGScheduler [] - Parents of final stage: List()
[dag-scheduler-event-loop] INFO  org.apache.spark.scheduler.DAGScheduler [] - Missing parents: List()
[dag-scheduler-event-loop] INFO  org.apache.spark.scheduler.DAGScheduler [] - Submitting ResultStage 1 (MapPartitionsRDD[3] at show at DebugAction.java:23), which has no missing parents
[dag-scheduler-event-loop] INFO  org.apache.spark.storage.memory.MemoryStore [] - Block broadcast_1 stored as values in memory (estimated size 33.4 KiB, free 1919.3 MiB)
[dag-scheduler-event-loop] INFO  org.apache.spark.storage.memory.MemoryStore [] - Block broadcast_1_piece0 stored as bytes in memory (estimated size 12.9 KiB, free 1919.3 MiB)
[dispatcher-BlockManagerMaster] INFO  org.apache.spark.storage.BlockManagerInfo [] - Added broadcast_1_piece0 in memory on 192.168.100.172:34365 (size: 12.9 KiB, free: 1919.4 MiB)
[dag-scheduler-event-loop] INFO  org.apache.spark.SparkContext [] - Created broadcast 1 from broadcast at DAGScheduler.scala:1580
[dag-scheduler-event-loop] INFO  org.apache.spark.scheduler.DAGScheduler [] - Submitting 4 missing tasks from ResultStage 1 (MapPartitionsRDD[3] at show at DebugAction.java:23) (first 15 tasks are for partitions Vector(1, 2, 3, 4))
[dag-scheduler-event-loop] INFO  org.apache.spark.scheduler.TaskSchedulerImpl [] - Adding task set 1.0 with 4 tasks resource profile 0
[dispatcher-event-loop-1] INFO  org.apache.spark.scheduler.TaskSetManager [] - Starting task 0.0 in stage 1.0 (TID 1) (192.168.100.172, executor driver, partition 1, ANY, 9529 bytes) 
[dispatcher-event-loop-1] INFO  org.apache.spark.scheduler.TaskSetManager [] - Starting task 1.0 in stage 1.0 (TID 2) (192.168.100.172, executor driver, partition 2, ANY, 9529 bytes) 
[dispatcher-event-loop-1] INFO  org.apache.spark.scheduler.TaskSetManager [] - Starting task 2.0 in stage 1.0 (TID 3) (192.168.100.172, executor driver, partition 3, ANY, 9529 bytes) 
[dispatcher-event-loop-1] INFO  org.apache.spark.scheduler.TaskSetManager [] - Starting task 3.0 in stage 1.0 (TID 4) (192.168.100.172, executor driver, partition 4, ANY, 9529 bytes) 
[Executor task launch worker for task 0.0 in stage 1.0 (TID 1)] INFO  org.apache.spark.executor.Executor [] - Running task 0.0 in stage 1.0 (TID 1)
[Executor task launch worker for task 1.0 in stage 1.0 (TID 2)] INFO  org.apache.spark.executor.Executor [] - Running task 1.0 in stage 1.0 (TID 2)
[Executor task launch worker for task 2.0 in stage 1.0 (TID 3)] INFO  org.apache.spark.executor.Executor [] - Running task 2.0 in stage 1.0 (TID 3)
[Executor task launch worker for task 3.0 in stage 1.0 (TID 4)] INFO  org.apache.spark.executor.Executor [] - Running task 3.0 in stage 1.0 (TID 4)
[Executor task launch worker for task 0.0 in stage 1.0 (TID 1)] INFO  org.apache.spark.executor.Executor [] - Finished task 0.0 in stage 1.0 (TID 1). 1609 bytes result sent to driver
[Executor task launch worker for task 2.0 in stage 1.0 (TID 3)] INFO  org.apache.spark.executor.Executor [] - Finished task 2.0 in stage 1.0 (TID 3). 1609 bytes result sent to driver
[task-result-getter-2] INFO  org.apache.spark.scheduler.TaskSetManager [] - Finished task 2.0 in stage 1.0 (TID 3) in 94 ms on 192.168.100.172 (executor driver) (1/4)
[task-result-getter-1] INFO  org.apache.spark.scheduler.TaskSetManager [] - Finished task 0.0 in stage 1.0 (TID 1) in 97 ms on 192.168.100.172 (executor driver) (2/4)
[Executor task launch worker for task 3.0 in stage 1.0 (TID 4)] INFO  org.apache.spark.executor.Executor [] - Finished task 3.0 in stage 1.0 (TID 4). 1508 bytes result sent to driver
[task-result-getter-3] INFO  org.apache.spark.scheduler.TaskSetManager [] - Finished task 3.0 in stage 1.0 (TID 4) in 99 ms on 192.168.100.172 (executor driver) (3/4)
[Executor task launch worker for task 1.0 in stage 1.0 (TID 2)] INFO  org.apache.spark.executor.Executor [] - Finished task 1.0 in stage 1.0 (TID 2). 1508 bytes result sent to driver
[task-result-getter-0] INFO  org.apache.spark.scheduler.TaskSetManager [] - Finished task 1.0 in stage 1.0 (TID 2) in 105 ms on 192.168.100.172 (executor driver) (4/4)
[task-result-getter-0] INFO  org.apache.spark.scheduler.TaskSchedulerImpl [] - Removed TaskSet 1.0, whose tasks have all completed, from pool 
[dag-scheduler-event-loop] INFO  org.apache.spark.scheduler.DAGScheduler [] - ResultStage 1 (show at DebugAction.java:23) finished in 0.118 s
[dag-scheduler-event-loop] INFO  org.apache.spark.scheduler.DAGScheduler [] - Job 1 is finished. Cancelling potential speculative or zombie tasks for this job
[dag-scheduler-event-loop] INFO  org.apache.spark.scheduler.TaskSchedulerImpl [] - Killing all running tasks in stage 1: Stage finished
[main] INFO  org.apache.spark.scheduler.DAGScheduler [] - Job 1 finished: show at DebugAction.java:23, took 0.125472 s
[main] INFO  org.apache.spark.SparkContext [] - Starting job: show at DebugAction.java:23
[dag-scheduler-event-loop] INFO  org.apache.spark.scheduler.DAGScheduler [] - Got job 2 (show at DebugAction.java:23) with 12 output partitions
[dag-scheduler-event-loop] INFO  org.apache.spark.scheduler.DAGScheduler [] - Final stage: ResultStage 2 (show at DebugAction.java:23)
[dag-scheduler-event-loop] INFO  org.apache.spark.scheduler.DAGScheduler [] - Parents of final stage: List()
[dag-scheduler-event-loop] INFO  org.apache.spark.scheduler.DAGScheduler [] - Missing parents: List()
[dag-scheduler-event-loop] INFO  org.apache.spark.scheduler.DAGScheduler [] - Submitting ResultStage 2 (MapPartitionsRDD[3] at show at DebugAction.java:23), which has no missing parents
[dag-scheduler-event-loop] INFO  org.apache.spark.storage.memory.MemoryStore [] - Block broadcast_2 stored as values in memory (estimated size 33.4 KiB, free 1919.3 MiB)
[dag-scheduler-event-loop] INFO  org.apache.spark.storage.memory.MemoryStore [] - Block broadcast_2_piece0 stored as bytes in memory (estimated size 12.9 KiB, free 1919.3 MiB)
[dispatcher-BlockManagerMaster] INFO  org.apache.spark.storage.BlockManagerInfo [] - Added broadcast_2_piece0 in memory on 192.168.100.172:34365 (size: 12.9 KiB, free: 1919.4 MiB)
[dag-scheduler-event-loop] INFO  org.apache.spark.SparkContext [] - Created broadcast 2 from broadcast at DAGScheduler.scala:1580
[dag-scheduler-event-loop] INFO  org.apache.spark.scheduler.DAGScheduler [] - Submitting 12 missing tasks from ResultStage 2 (MapPartitionsRDD[3] at show at DebugAction.java:23) (first 15 tasks are for partitions Vector(5, 6, 7, 8, 9, 10, 11, 12, 13, 14, 15, 16))
[dag-scheduler-event-loop] INFO  org.apache.spark.scheduler.TaskSchedulerImpl [] - Adding task set 2.0 with 12 tasks resource profile 0
[dispatcher-event-loop-1] INFO  org.apache.spark.scheduler.TaskSetManager [] - Starting task 0.0 in stage 2.0 (TID 5) (192.168.100.172, executor driver, partition 5, ANY, 9529 bytes) 
[dispatcher-event-loop-1] INFO  org.apache.spark.scheduler.TaskSetManager [] - Starting task 1.0 in stage 2.0 (TID 6) (192.168.100.172, executor driver, partition 6, ANY, 9529 bytes) 
[dispatcher-event-loop-1] INFO  org.apache.spark.scheduler.TaskSetManager [] - Starting task 2.0 in stage 2.0 (TID 7) (192.168.100.172, executor driver, partition 7, ANY, 9529 bytes) 
[dispatcher-event-loop-1] INFO  org.apache.spark.scheduler.TaskSetManager [] - Starting task 3.0 in stage 2.0 (TID 8) (192.168.100.172, executor driver, partition 8, ANY, 9529 bytes) 
[dispatcher-event-loop-1] INFO  org.apache.spark.scheduler.TaskSetManager [] - Starting task 4.0 in stage 2.0 (TID 9) (192.168.100.172, executor driver, partition 9, ANY, 9529 bytes) 
[dispatcher-event-loop-1] INFO  org.apache.spark.scheduler.TaskSetManager [] - Starting task 5.0 in stage 2.0 (TID 10) (192.168.100.172, executor driver, partition 10, ANY, 9529 bytes) 
[dispatcher-event-loop-1] INFO  org.apache.spark.scheduler.TaskSetManager [] - Starting task 6.0 in stage 2.0 (TID 11) (192.168.100.172, executor driver, partition 11, ANY, 9525 bytes) 
[dispatcher-event-loop-1] INFO  org.apache.spark.scheduler.TaskSetManager [] - Starting task 7.0 in stage 2.0 (TID 12) (192.168.100.172, executor driver, partition 12, ANY, 9529 bytes) 
[Executor task launch worker for task 0.0 in stage 2.0 (TID 5)] INFO  org.apache.spark.executor.Executor [] - Running task 0.0 in stage 2.0 (TID 5)
[Executor task launch worker for task 2.0 in stage 2.0 (TID 7)] INFO  org.apache.spark.executor.Executor [] - Running task 2.0 in stage 2.0 (TID 7)
[Executor task launch worker for task 3.0 in stage 2.0 (TID 8)] INFO  org.apache.spark.executor.Executor [] - Running task 3.0 in stage 2.0 (TID 8)
[Executor task launch worker for task 1.0 in stage 2.0 (TID 6)] INFO  org.apache.spark.executor.Executor [] - Running task 1.0 in stage 2.0 (TID 6)
[Executor task launch worker for task 4.0 in stage 2.0 (TID 9)] INFO  org.apache.spark.executor.Executor [] - Running task 4.0 in stage 2.0 (TID 9)
[Executor task launch worker for task 5.0 in stage 2.0 (TID 10)] INFO  org.apache.spark.executor.Executor [] - Running task 5.0 in stage 2.0 (TID 10)
[Executor task launch worker for task 6.0 in stage 2.0 (TID 11)] INFO  org.apache.spark.executor.Executor [] - Running task 6.0 in stage 2.0 (TID 11)
[Executor task launch worker for task 7.0 in stage 2.0 (TID 12)] INFO  org.apache.spark.executor.Executor [] - Running task 7.0 in stage 2.0 (TID 12)
[Executor task launch worker for task 0.0 in stage 2.0 (TID 5)] INFO  org.apache.spark.executor.Executor [] - Finished task 0.0 in stage 2.0 (TID 5). 1566 bytes result sent to driver
[dispatcher-event-loop-4] INFO  org.apache.spark.scheduler.TaskSetManager [] - Starting task 8.0 in stage 2.0 (TID 13) (192.168.100.172, executor driver, partition 13, ANY, 9529 bytes) 
[Executor task launch worker for task 8.0 in stage 2.0 (TID 13)] INFO  org.apache.spark.executor.Executor [] - Running task 8.0 in stage 2.0 (TID 13)
[task-result-getter-2] INFO  org.apache.spark.scheduler.TaskSetManager [] - Finished task 0.0 in stage 2.0 (TID 5) in 92 ms on 192.168.100.172 (executor driver) (1/12)
[Executor task launch worker for task 3.0 in stage 2.0 (TID 8)] INFO  org.apache.spark.executor.Executor [] - Finished task 3.0 in stage 2.0 (TID 8). 1566 bytes result sent to driver
[dispatcher-event-loop-6] INFO  org.apache.spark.scheduler.TaskSetManager [] - Starting task 9.0 in stage 2.0 (TID 14) (192.168.100.172, executor driver, partition 14, ANY, 9649 bytes) 
[Executor task launch worker for task 9.0 in stage 2.0 (TID 14)] INFO  org.apache.spark.executor.Executor [] - Running task 9.0 in stage 2.0 (TID 14)
[task-result-getter-1] INFO  org.apache.spark.scheduler.TaskSetManager [] - Finished task 3.0 in stage 2.0 (TID 8) in 107 ms on 192.168.100.172 (executor driver) (2/12)
[Executor task launch worker for task 2.0 in stage 2.0 (TID 7)] INFO  org.apache.spark.executor.Executor [] - Finished task 2.0 in stage 2.0 (TID 7). 1566 bytes result sent to driver
[dispatcher-event-loop-7] INFO  org.apache.spark.scheduler.TaskSetManager [] - Starting task 10.0 in stage 2.0 (TID 15) (192.168.100.172, executor driver, partition 15, ANY, 9529 bytes) 
[Executor task launch worker for task 1.0 in stage 2.0 (TID 6)] INFO  org.apache.spark.executor.Executor [] - Finished task 1.0 in stage 2.0 (TID 6). 1566 bytes result sent to driver
[Executor task launch worker for task 10.0 in stage 2.0 (TID 15)] INFO  org.apache.spark.executor.Executor [] - Running task 10.0 in stage 2.0 (TID 15)
[Executor task launch worker for task 4.0 in stage 2.0 (TID 9)] INFO  org.apache.spark.executor.Executor [] - Finished task 4.0 in stage 2.0 (TID 9). 1609 bytes result sent to driver
[dispatcher-event-loop-0] INFO  org.apache.spark.scheduler.TaskSetManager [] - Starting task 11.0 in stage 2.0 (TID 16) (192.168.100.172, executor driver, partition 16, ANY, 9529 bytes) 
[Executor task launch worker for task 7.0 in stage 2.0 (TID 12)] INFO  org.apache.spark.executor.Executor [] - Finished task 7.0 in stage 2.0 (TID 12). 1609 bytes result sent to driver
[Executor task launch worker for task 11.0 in stage 2.0 (TID 16)] INFO  org.apache.spark.executor.Executor [] - Running task 11.0 in stage 2.0 (TID 16)
[task-result-getter-3] INFO  org.apache.spark.scheduler.TaskSetManager [] - Finished task 2.0 in stage 2.0 (TID 7) in 132 ms on 192.168.100.172 (executor driver) (3/12)
[task-result-getter-0] INFO  org.apache.spark.scheduler.TaskSetManager [] - Finished task 1.0 in stage 2.0 (TID 6) in 136 ms on 192.168.100.172 (executor driver) (4/12)
[task-result-getter-2] INFO  org.apache.spark.scheduler.TaskSetManager [] - Finished task 4.0 in stage 2.0 (TID 9) in 134 ms on 192.168.100.172 (executor driver) (5/12)
[task-result-getter-1] INFO  org.apache.spark.scheduler.TaskSetManager [] - Finished task 7.0 in stage 2.0 (TID 12) in 135 ms on 192.168.100.172 (executor driver) (6/12)
[Executor task launch worker for task 8.0 in stage 2.0 (TID 13)] INFO  org.apache.spark.executor.Executor [] - Finished task 8.0 in stage 2.0 (TID 13). 1566 bytes result sent to driver
[Executor task launch worker for task 5.0 in stage 2.0 (TID 10)] INFO  org.apache.spark.executor.Executor [] - Finished task 5.0 in stage 2.0 (TID 10). 1566 bytes result sent to driver
[task-result-getter-3] INFO  org.apache.spark.scheduler.TaskSetManager [] - Finished task 8.0 in stage 2.0 (TID 13) in 87 ms on 192.168.100.172 (executor driver) (7/12)
[Executor task launch worker for task 6.0 in stage 2.0 (TID 11)] INFO  org.apache.spark.executor.Executor [] - Finished task 6.0 in stage 2.0 (TID 11). 1566 bytes result sent to driver
[task-result-getter-0] INFO  org.apache.spark.scheduler.TaskSetManager [] - Finished task 5.0 in stage 2.0 (TID 10) in 163 ms on 192.168.100.172 (executor driver) (8/12)
[task-result-getter-0] INFO  org.apache.spark.scheduler.TaskSetManager [] - Finished task 6.0 in stage 2.0 (TID 11) in 163 ms on 192.168.100.172 (executor driver) (9/12)
[Executor task launch worker for task 9.0 in stage 2.0 (TID 14)] INFO  org.apache.spark.executor.Executor [] - Finished task 9.0 in stage 2.0 (TID 14). 1508 bytes result sent to driver
[Executor task launch worker for task 10.0 in stage 2.0 (TID 15)] INFO  org.apache.spark.executor.Executor [] - Finished task 10.0 in stage 2.0 (TID 15). 1609 bytes result sent to driver
[task-result-getter-1] INFO  org.apache.spark.scheduler.TaskSetManager [] - Finished task 9.0 in stage 2.0 (TID 14) in 96 ms on 192.168.100.172 (executor driver) (10/12)
[task-result-getter-3] INFO  org.apache.spark.scheduler.TaskSetManager [] - Finished task 10.0 in stage 2.0 (TID 15) in 83 ms on 192.168.100.172 (executor driver) (11/12)
[Executor task launch worker for task 11.0 in stage 2.0 (TID 16)] INFO  org.apache.spark.executor.Executor [] - Finished task 11.0 in stage 2.0 (TID 16). 1508 bytes result sent to driver
[task-result-getter-0] INFO  org.apache.spark.scheduler.TaskSetManager [] - Finished task 11.0 in stage 2.0 (TID 16) in 77 ms on 192.168.100.172 (executor driver) (12/12)
[task-result-getter-0] INFO  org.apache.spark.scheduler.TaskSchedulerImpl [] - Removed TaskSet 2.0, whose tasks have all completed, from pool 
[dag-scheduler-event-loop] INFO  org.apache.spark.scheduler.DAGScheduler [] - ResultStage 2 (show at DebugAction.java:23) finished in 0.218 s
[dag-scheduler-event-loop] INFO  org.apache.spark.scheduler.DAGScheduler [] - Job 2 is finished. Cancelling potential speculative or zombie tasks for this job
[dag-scheduler-event-loop] INFO  org.apache.spark.scheduler.TaskSchedulerImpl [] - Killing all running tasks in stage 2: Stage finished
[main] INFO  org.apache.spark.scheduler.DAGScheduler [] - Job 2 finished: show at DebugAction.java:23, took 0.225706 s
[main] INFO  org.apache.spark.sql.catalyst.expressions.codegen.CodeGenerator [] - Code generated in 13.959877 ms
[main] INFO  etl.model.transform.task.DebugAction [] - 
+------------------------------------+
|content_uuid                        |
+------------------------------------+
|769a1def-2b85-4dac-bd16-e7e885d32719|
|98ecb489-03eb-4266-851d-0aa2b284dc59|
|a0136674-6158-4173-b306-ec8ef251a5ee|
|71e82896-8d14-45c6-9127-17615a85c146|
|ebbff1a0-55fb-4500-9f27-d038ca476af2|
|181a86e1-2afc-454c-9fd6-56aa57bdf20f|
|fdcabf7a-5deb-413b-bd85-6ab0dc57a0b7|
|fb47e609-1160-499d-bd9e-2f0eaa6f7675|
|17d7f8d8-e881-4584-9e7b-87194b8e4247|
|4260efa5-88f0-41d6-9c9e-58723f48e482|
|a03e7225-a4a7-4b21-b573-69ffd4c03fdb|
|2c600b8d-12da-40e4-b5d6-561c9b6d46f5|
|b949beba-b5bc-4c14-91fc-fac0a31c94e8|
|75e4e12d-36f5-40ee-a716-d4bdb8d8a505|
|40fb1b73-2f1f-4ed2-8b2d-2cd2d042205d|
|97873203-6f04-43dd-85a2-aebaa9b8e243|
|ee1e3a51-9f05-4352-99dd-20855b45b376|
|c836f409-45bd-444f-9f4b-1332fb20647f|
+------------------------------------+


[main] INFO  etl.model.load.Load [] - Loading data
[main] WARN  com.datastax.spark.connector.util.DeprecatedConfigParameter [] - spark.cassandra.connection.local_dc is deprecated (DSE 6.0.0) and has been automatically replaced with parameter spark.cassandra.connection.localDC. 
[main] WARN  com.datastax.spark.connector.util.DeprecatedConfigParameter [] - spark.cassandra.read.timeout_ms is deprecated (DSE 6.0.0) and has been automatically replaced with parameter spark.cassandra.read.timeoutMS. 
[main] WARN  com.datastax.spark.connector.util.DeprecatedConfigParameter [] - spark.cassandra.connection.timeout_ms is deprecated (DSE 6.0.0) and has been automatically replaced with parameter spark.cassandra.connection.timeoutMS. 
[main] INFO  org.apache.spark.sql.execution.datasources.v2.V2ScanRelationPushDown [] - 
Pushing operators to content
Pushed Filters: 
Post-Scan Filters: isnotnull(content_specific_data#4),atleastnnonnulls(1, content_uuid#0, new_state#1, comments#2, content_priority#3, content_specific_data#4, content_type#5, created_date#6L, created_user_id#7, created_user_name#8, digital_content_list#9, expired_date#10L, is_deleted#11, published_by#12, published_date#13, state#14, state_change_note#15, time#16L, title#17, updated_date#18L, updated_user_id#19, updated_user_name#20, user_display_name#21),(instr(content_specific_data#4, usedFor) > 0)
         
[main] INFO  org.apache.spark.sql.execution.datasources.v2.V2ScanRelationPushDown [] - 
Output: content_uuid#0, new_state#1, comments#2, content_priority#3, content_specific_data#4, content_type#5, created_date#6L, created_user_id#7, created_user_name#8, digital_content_list#9, expired_date#10L, is_deleted#11, published_by#12, published_date#13, state#14, state_change_note#15, time#16L, title#17, updated_date#18L, updated_user_id#19, updated_user_name#20, user_display_name#21
         
[main] INFO  etl.provider.impl.YamlProvider [] - Updating job aiPromptQuoteInfoClearAiFields status FAILED
[main] INFO  etl.provider.impl.YamlProvider [] - Updated job aiPromptQuoteInfoClearAiFields status FAILED
[shutdown-hook-0] INFO  org.apache.spark.SparkContext [] - Invoking stop() from shutdown hook
[shutdown-hook-0] INFO  org.apache.spark.SparkContext [] - SparkContext is stopping with exitCode 0.
[shutdown-hook-0] INFO  org.sparkproject.jetty.server.AbstractConnector [] - Stopped Spark@2bcec6a6{HTTP/1.1, (http/1.1)}{0.0.0.0:4040}
[shutdown-hook-0] INFO  org.apache.spark.ui.SparkUI [] - Stopped Spark web UI at http://192.168.100.172:4040
[Serial shutdown hooks thread] INFO  com.datastax.spark.connector.cql.CassandraConnector [] - Disconnected from Cassandra cluster.
[Serial shutdown hooks thread] INFO  com.datastax.spark.connector.util.SerialShutdownHooks [] - Successfully executed shutdown hook: Clearing session cache for C* connector
[dispatcher-event-loop-4] INFO  org.apache.spark.MapOutputTrackerMasterEndpoint [] - MapOutputTrackerMasterEndpoint stopped!
[shutdown-hook-0] INFO  org.apache.spark.storage.memory.MemoryStore [] - MemoryStore cleared
[shutdown-hook-0] INFO  org.apache.spark.storage.BlockManager [] - BlockManager stopped
[shutdown-hook-0] INFO  org.apache.spark.storage.BlockManagerMaster [] - BlockManagerMaster stopped
[dispatcher-event-loop-2] INFO  org.apache.spark.scheduler.OutputCommitCoordinator$OutputCommitCoordinatorEndpoint [] - OutputCommitCoordinator stopped!
[shutdown-hook-0] INFO  org.apache.spark.SparkContext [] - Successfully stopped SparkContext
[shutdown-hook-0] INFO  org.apache.spark.util.ShutdownHookManager [] - Shutdown hook called
[shutdown-hook-0] INFO  org.apache.spark.util.ShutdownHookManager [] - Deleting directory /tmp/spark-ddbe7ff6-cb70-4e41-b879-129788a74702
[main] INFO  Main [] - Remote spark cluster not found!!! Using standalone
[main] WARN  org.apache.spark.util.Utils [] - Your hostname, Subrat-Devnath resolves to a loopback address: 127.0.1.1; using 192.168.100.172 instead (on interface wlp0s20f3)
[main] WARN  org.apache.spark.util.Utils [] - Set SPARK_LOCAL_IP if you need to bind to another address
[main] INFO  org.apache.spark.SparkContext [] - Running Spark version 3.5.0
[main] INFO  org.apache.spark.SparkContext [] - OS info Linux, 6.8.0-138-generic, amd64
[main] INFO  org.apache.spark.SparkContext [] - Java version 11.0.32
[main] WARN  org.apache.hadoop.util.NativeCodeLoader [] - Unable to load native-hadoop library for your platform... using builtin-java classes where applicable
[main] INFO  org.apache.spark.resource.ResourceUtils [] - ==============================================================
[main] INFO  org.apache.spark.resource.ResourceUtils [] - No custom resources configured for spark.driver.
[main] INFO  org.apache.spark.resource.ResourceUtils [] - ==============================================================
[main] INFO  org.apache.spark.SparkContext [] - Submitted application: 33eb6696-5164-4649-9490-a7f7db61ef08
[main] INFO  org.apache.spark.resource.ResourceProfile [] - Default ResourceProfile created, executor resources: Map(cores -> name: cores, amount: 1, script: , vendor: , memory -> name: memory, amount: 1024, script: , vendor: , offHeap -> name: offHeap, amount: 0, script: , vendor: ), task resources: Map(cpus -> name: cpus, amount: 1.0)
[main] INFO  org.apache.spark.resource.ResourceProfile [] - Limiting resource is cpu
[main] INFO  org.apache.spark.resource.ResourceProfileManager [] - Added ResourceProfile id: 0
[main] INFO  org.apache.spark.SecurityManager [] - Changing view acls to: subratd
[main] INFO  org.apache.spark.SecurityManager [] - Changing modify acls to: subratd
[main] INFO  org.apache.spark.SecurityManager [] - Changing view acls groups to: 
[main] INFO  org.apache.spark.SecurityManager [] - Changing modify acls groups to: 
[main] INFO  org.apache.spark.SecurityManager [] - SecurityManager: authentication disabled; ui acls disabled; users with view permissions: subratd; groups with view permissions: EMPTY; users with modify permissions: subratd; groups with modify permissions: EMPTY
[main] INFO  org.apache.spark.util.Utils [] - Successfully started service 'sparkDriver' on port 41877.
[main] INFO  org.apache.spark.SparkEnv [] - Registering MapOutputTracker
[main] INFO  org.apache.spark.SparkEnv [] - Registering BlockManagerMaster
[main] INFO  org.apache.spark.storage.BlockManagerMasterEndpoint [] - Using org.apache.spark.storage.DefaultTopologyMapper for getting topology information
[main] INFO  org.apache.spark.storage.BlockManagerMasterEndpoint [] - BlockManagerMasterEndpoint up
[main] INFO  org.apache.spark.SparkEnv [] - Registering BlockManagerMasterHeartbeat
[main] INFO  org.apache.spark.storage.DiskBlockManager [] - Created local directory at /tmp/blockmgr-5b79a5c4-14e4-4ebd-8668-075d5d146333
[main] INFO  org.apache.spark.storage.memory.MemoryStore [] - MemoryStore started with capacity 2.1 GiB
[main] INFO  org.apache.spark.SparkEnv [] - Registering OutputCommitCoordinator
[main] INFO  org.sparkproject.jetty.util.log [] - Logging initialized @1784ms to org.sparkproject.jetty.util.log.Slf4jLog
[main] INFO  org.apache.spark.ui.JettyUtils [] - Start Jetty 0.0.0.0:4040 for SparkUI
[main] INFO  org.sparkproject.jetty.server.Server [] - jetty-9.4.52.v20230823; built: 2023-08-23T19:29:37.669Z; git: abdcda73818a1a2c705da276edb0bf6581e7997e; jvm 11.0.32+9-post-1ubuntu1-22.04-Ubuntu
[main] INFO  org.sparkproject.jetty.server.Server [] - Started @1857ms
[main] INFO  org.sparkproject.jetty.server.AbstractConnector [] - Started ServerConnector@74fab04a{HTTP/1.1, (http/1.1)}{0.0.0.0:4040}
[main] INFO  org.apache.spark.util.Utils [] - Successfully started service 'SparkUI' on port 4040.
[main] INFO  org.sparkproject.jetty.server.handler.ContextHandler [] - Started o.s.j.s.ServletContextHandler@79e66b2f{/,null,AVAILABLE,@Spark}
[main] INFO  org.apache.spark.executor.Executor [] - Starting executor ID driver on host 192.168.100.172
[main] INFO  org.apache.spark.executor.Executor [] - OS info Linux, 6.8.0-138-generic, amd64
[main] INFO  org.apache.spark.executor.Executor [] - Java version 11.0.32
[main] INFO  org.apache.spark.executor.Executor [] - Starting executor with user classpath (userClassPathFirst = false): ''
[main] INFO  org.apache.spark.executor.Executor [] - Created or updated repl class loader org.apache.spark.util.MutableURLClassLoader@7da39774 for default.
[main] INFO  org.apache.spark.util.Utils [] - Successfully started service 'org.apache.spark.network.netty.NettyBlockTransferService' on port 46325.
[main] INFO  org.apache.spark.network.netty.NettyBlockTransferService [] - Server created on 192.168.100.172:46325
[main] INFO  org.apache.spark.storage.BlockManager [] - Using org.apache.spark.storage.RandomBlockReplicationPolicy for block replication policy
[main] INFO  org.apache.spark.storage.BlockManagerMaster [] - Registering BlockManager BlockManagerId(driver, 192.168.100.172, 46325, None)
[dispatcher-BlockManagerMaster] INFO  org.apache.spark.storage.BlockManagerMasterEndpoint [] - Registering block manager 192.168.100.172:46325 with 2.1 GiB RAM, BlockManagerId(driver, 192.168.100.172, 46325, None)
[main] INFO  org.apache.spark.storage.BlockManagerMaster [] - Registered BlockManager BlockManagerId(driver, 192.168.100.172, 46325, None)
[main] INFO  org.apache.spark.storage.BlockManager [] - Initialized BlockManager: BlockManagerId(driver, 192.168.100.172, 46325, None)
[main] INFO  org.sparkproject.jetty.server.handler.ContextHandler [] - Stopped o.s.j.s.ServletContextHandler@79e66b2f{/,null,STOPPED,@Spark}
[main] INFO  org.sparkproject.jetty.server.handler.ContextHandler [] - Started o.s.j.s.ServletContextHandler@d16be4f{/jobs,null,AVAILABLE,@Spark}
[main] INFO  org.sparkproject.jetty.server.handler.ContextHandler [] - Started o.s.j.s.ServletContextHandler@6bcb12e6{/jobs/json,null,AVAILABLE,@Spark}
[main] INFO  org.sparkproject.jetty.server.handler.ContextHandler [] - Started o.s.j.s.ServletContextHandler@1665fa54{/jobs/job,null,AVAILABLE,@Spark}
[main] INFO  org.sparkproject.jetty.server.handler.ContextHandler [] - Started o.s.j.s.ServletContextHandler@4f654cee{/jobs/job/json,null,AVAILABLE,@Spark}
[main] INFO  org.sparkproject.jetty.server.handler.ContextHandler [] - Started o.s.j.s.ServletContextHandler@7112ce6{/stages,null,AVAILABLE,@Spark}
[main] INFO  org.sparkproject.jetty.server.handler.ContextHandler [] - Started o.s.j.s.ServletContextHandler@30ec7d21{/stages/json,null,AVAILABLE,@Spark}
[main] INFO  org.sparkproject.jetty.server.handler.ContextHandler [] - Started o.s.j.s.ServletContextHandler@6ff0b1cc{/stages/stage,null,AVAILABLE,@Spark}
[main] INFO  org.sparkproject.jetty.server.handler.ContextHandler [] - Started o.s.j.s.ServletContextHandler@f3560d4{/stages/stage/json,null,AVAILABLE,@Spark}
[main] INFO  org.sparkproject.jetty.server.handler.ContextHandler [] - Started o.s.j.s.ServletContextHandler@51b77cdf{/stages/pool,null,AVAILABLE,@Spark}
[main] INFO  org.sparkproject.jetty.server.handler.ContextHandler [] - Started o.s.j.s.ServletContextHandler@6088451e{/stages/pool/json,null,AVAILABLE,@Spark}
[main] INFO  org.sparkproject.jetty.server.handler.ContextHandler [] - Started o.s.j.s.ServletContextHandler@2f10f633{/storage,null,AVAILABLE,@Spark}
[main] INFO  org.sparkproject.jetty.server.handler.ContextHandler [] - Started o.s.j.s.ServletContextHandler@3440e9cd{/storage/json,null,AVAILABLE,@Spark}
[main] INFO  org.sparkproject.jetty.server.handler.ContextHandler [] - Started o.s.j.s.ServletContextHandler@a09303{/storage/rdd,null,AVAILABLE,@Spark}
[main] INFO  org.sparkproject.jetty.server.handler.ContextHandler [] - Started o.s.j.s.ServletContextHandler@322ba549{/storage/rdd/json,null,AVAILABLE,@Spark}
[main] INFO  org.sparkproject.jetty.server.handler.ContextHandler [] - Started o.s.j.s.ServletContextHandler@5416f8db{/environment,null,AVAILABLE,@Spark}
[main] INFO  org.sparkproject.jetty.server.handler.ContextHandler [] - Started o.s.j.s.ServletContextHandler@b0fd744{/environment/json,null,AVAILABLE,@Spark}
[main] INFO  org.sparkproject.jetty.server.handler.ContextHandler [] - Started o.s.j.s.ServletContextHandler@6a1ef65c{/executors,null,AVAILABLE,@Spark}
[main] INFO  org.sparkproject.jetty.server.handler.ContextHandler [] - Started o.s.j.s.ServletContextHandler@726934e2{/executors/json,null,AVAILABLE,@Spark}
[main] INFO  org.sparkproject.jetty.server.handler.ContextHandler [] - Started o.s.j.s.ServletContextHandler@e280403{/executors/threadDump,null,AVAILABLE,@Spark}
[main] INFO  org.sparkproject.jetty.server.handler.ContextHandler [] - Started o.s.j.s.ServletContextHandler@798dad3d{/executors/threadDump/json,null,AVAILABLE,@Spark}
[main] INFO  org.sparkproject.jetty.server.handler.ContextHandler [] - Started o.s.j.s.ServletContextHandler@696db620{/executors/heapHistogram,null,AVAILABLE,@Spark}
[main] INFO  org.sparkproject.jetty.server.handler.ContextHandler [] - Started o.s.j.s.ServletContextHandler@7d986d83{/executors/heapHistogram/json,null,AVAILABLE,@Spark}
[main] INFO  org.sparkproject.jetty.server.handler.ContextHandler [] - Started o.s.j.s.ServletContextHandler@3a7e365{/static,null,AVAILABLE,@Spark}
[main] INFO  org.sparkproject.jetty.server.handler.ContextHandler [] - Started o.s.j.s.ServletContextHandler@80b122b{/,null,AVAILABLE,@Spark}
[main] INFO  org.sparkproject.jetty.server.handler.ContextHandler [] - Started o.s.j.s.ServletContextHandler@65cf4d6d{/api,null,AVAILABLE,@Spark}
[main] INFO  org.sparkproject.jetty.server.handler.ContextHandler [] - Started o.s.j.s.ServletContextHandler@6a1d526c{/jobs/job/kill,null,AVAILABLE,@Spark}
[main] INFO  org.sparkproject.jetty.server.handler.ContextHandler [] - Started o.s.j.s.ServletContextHandler@483b0690{/stages/stage/kill,null,AVAILABLE,@Spark}
[main] INFO  org.sparkproject.jetty.server.handler.ContextHandler [] - Started o.s.j.s.ServletContextHandler@18a19e{/metrics/json,null,AVAILABLE,@Spark}
[main] INFO  org.apache.spark.sql.internal.SharedState [] - Setting hive.metastore.warehouse.dir ('null') to the value of spark.sql.warehouse.dir.
[main] INFO  org.apache.spark.sql.internal.SharedState [] - Warehouse path is 'file:/home/subratd/Documents/etl/spark-warehouse'.
[main] INFO  org.sparkproject.jetty.server.handler.ContextHandler [] - Started o.s.j.s.ServletContextHandler@17e0933c{/SQL,null,AVAILABLE,@Spark}
[main] INFO  org.sparkproject.jetty.server.handler.ContextHandler [] - Started o.s.j.s.ServletContextHandler@1dcedc93{/SQL/json,null,AVAILABLE,@Spark}
[main] INFO  org.sparkproject.jetty.server.handler.ContextHandler [] - Started o.s.j.s.ServletContextHandler@51f95f0d{/SQL/execution,null,AVAILABLE,@Spark}
[main] INFO  org.sparkproject.jetty.server.handler.ContextHandler [] - Started o.s.j.s.ServletContextHandler@706ddbc8{/SQL/execution/json,null,AVAILABLE,@Spark}
[main] INFO  org.sparkproject.jetty.server.handler.ContextHandler [] - Started o.s.j.s.ServletContextHandler@25be445f{/static/sql,null,AVAILABLE,@Spark}
[main] WARN  org.apache.spark.sql.catalyst.analysis.SimpleFunctionRegistry [] - The function int replaced a previously registered function.
[main] WARN  org.apache.spark.sql.catalyst.analysis.SimpleFunctionRegistry [] - The function boolean replaced a previously registered function.
[main] WARN  org.apache.spark.sql.catalyst.analysis.SimpleFunctionRegistry [] - The function double replaced a previously registered function.
[main] WARN  org.apache.spark.sql.catalyst.analysis.SimpleFunctionRegistry [] - The function binary replaced a previously registered function.
[main] WARN  org.apache.spark.sql.catalyst.analysis.SimpleFunctionRegistry [] - The function date replaced a previously registered function.
[main] WARN  org.apache.spark.sql.catalyst.analysis.SimpleFunctionRegistry [] - The function timestamp replaced a previously registered function.
[main] WARN  org.apache.spark.sql.catalyst.analysis.SimpleFunctionRegistry [] - The function now replaced a previously registered function.
[main] WARN  org.apache.spark.sql.catalyst.analysis.SimpleFunctionRegistry [] - The function uuid replaced a previously registered function.
[main] WARN  org.apache.spark.sql.catalyst.analysis.SimpleFunctionRegistry [] - The function replace replaced a previously registered function.
[main] WARN  org.apache.spark.sql.catalyst.analysis.SimpleFunctionRegistry [] - The function split replaced a previously registered function.
[main] INFO  etl.provider.impl.YamlProvider [] - Loading Job - job.yml
[main] INFO  etl.ETLJob [] - Start processing job aiPromptQuoteInfoClearAiFields
[main] INFO  etl.provider.impl.YamlProvider [] - Updating job aiPromptQuoteInfoClearAiFields status PROCESSING
[main] INFO  etl.provider.impl.YamlProvider [] - Updated job aiPromptQuoteInfoClearAiFields status PROCESSING
[main] INFO  etl.model.extract.Extract [] - Extracting org.apache.spark.sql.cassandra to data
[main] INFO  etl.model.extract.Extract [] - Options {keyspace=subrat_main, table=content}
[main] WARN  com.datastax.spark.connector.util.DeprecatedConfigParameter [] - spark.cassandra.connection.local_dc is deprecated (DSE 6.0.0) and has been automatically replaced with parameter spark.cassandra.connection.localDC. 
[main] WARN  com.datastax.spark.connector.util.DeprecatedConfigParameter [] - spark.cassandra.read.timeout_ms is deprecated (DSE 6.0.0) and has been automatically replaced with parameter spark.cassandra.read.timeoutMS. 
[main] WARN  com.datastax.spark.connector.util.DeprecatedConfigParameter [] - spark.cassandra.connection.timeout_ms is deprecated (DSE 6.0.0) and has been automatically replaced with parameter spark.cassandra.connection.timeoutMS. 
[main] INFO  com.datastax.oss.driver.internal.core.DefaultMavenCoordinates [] - DataStax Java driver for Apache Cassandra(R) (com.datastax.oss:java-driver-core-shaded) version 4.13.0
[s0-admin-0] INFO  com.datastax.oss.driver.internal.core.time.Clock [] - Using native clock for microsecond precision
[main] INFO  com.datastax.spark.connector.cql.CassandraConnector [] - Connected to Cassandra cluster.
[main] WARN  com.datastax.spark.connector.util.DeprecatedConfigParameter [] - spark.cassandra.connection.local_dc is deprecated (DSE 6.0.0) and has been automatically replaced with parameter spark.cassandra.connection.localDC. 
[main] WARN  com.datastax.spark.connector.util.DeprecatedConfigParameter [] - spark.cassandra.read.timeout_ms is deprecated (DSE 6.0.0) and has been automatically replaced with parameter spark.cassandra.read.timeoutMS. 
[main] WARN  com.datastax.spark.connector.util.DeprecatedConfigParameter [] - spark.cassandra.connection.timeout_ms is deprecated (DSE 6.0.0) and has been automatically replaced with parameter spark.cassandra.connection.timeoutMS. 
[main] INFO  etl.model.transform.Transform [] - Transforming data to data with filter_expression
[main] INFO  etl.model.transform.Transform [] - Transforming data to data with select
[main] INFO  etl.model.transform.Transform [] - Transforming data to data with debug
[main] WARN  com.datastax.spark.connector.util.DeprecatedConfigParameter [] - spark.cassandra.connection.local_dc is deprecated (DSE 6.0.0) and has been automatically replaced with parameter spark.cassandra.connection.localDC. 
[main] WARN  com.datastax.spark.connector.util.DeprecatedConfigParameter [] - spark.cassandra.read.timeout_ms is deprecated (DSE 6.0.0) and has been automatically replaced with parameter spark.cassandra.read.timeoutMS. 
[main] WARN  com.datastax.spark.connector.util.DeprecatedConfigParameter [] - spark.cassandra.connection.timeout_ms is deprecated (DSE 6.0.0) and has been automatically replaced with parameter spark.cassandra.connection.timeoutMS. 
[main] INFO  org.apache.spark.sql.execution.datasources.v2.V2ScanRelationPushDown [] - 
Pushing operators to content
Pushed Filters: 
Post-Scan Filters: isnotnull(content_specific_data#4),atleastnnonnulls(1, content_uuid#0, new_state#1, comments#2, content_priority#3, content_specific_data#4, content_type#5, created_date#6L, created_user_id#7, created_user_name#8, digital_content_list#9, expired_date#10L, is_deleted#11, published_by#12, published_date#13, state#14, state_change_note#15, time#16L, title#17, updated_date#18L, updated_user_id#19, updated_user_name#20, user_display_name#21),(instr(content_specific_data#4, usedFor) > 0)
         
[main] INFO  org.apache.spark.sql.execution.datasources.v2.V2ScanRelationPushDown [] - 
Output: content_uuid#0, new_state#1, comments#2, content_priority#3, content_specific_data#4, content_type#5, created_date#6L, created_user_id#7, created_user_name#8, digital_content_list#9, expired_date#10L, is_deleted#11, published_by#12, published_date#13, state#14, state_change_note#15, time#16L, title#17, updated_date#18L, updated_user_id#19, updated_user_name#20, user_display_name#21
         
[main] INFO  org.apache.spark.sql.catalyst.expressions.codegen.CodeGenerator [] - Code generated in 185.503869 ms
[main] INFO  org.apache.spark.SparkContext [] - Starting job: show at DebugAction.java:23
[dag-scheduler-event-loop] INFO  org.apache.spark.scheduler.DAGScheduler [] - Got job 0 (show at DebugAction.java:23) with 1 output partitions
[dag-scheduler-event-loop] INFO  org.apache.spark.scheduler.DAGScheduler [] - Final stage: ResultStage 0 (show at DebugAction.java:23)
[dag-scheduler-event-loop] INFO  org.apache.spark.scheduler.DAGScheduler [] - Parents of final stage: List()
[dag-scheduler-event-loop] INFO  org.apache.spark.scheduler.DAGScheduler [] - Missing parents: List()
[dag-scheduler-event-loop] INFO  org.apache.spark.scheduler.DAGScheduler [] - Submitting ResultStage 0 (MapPartitionsRDD[3] at show at DebugAction.java:23), which has no missing parents
[dag-scheduler-event-loop] INFO  org.apache.spark.storage.memory.MemoryStore [] - Block broadcast_0 stored as values in memory (estimated size 33.4 KiB, free 2.1 GiB)
[dag-scheduler-event-loop] INFO  org.apache.spark.storage.memory.MemoryStore [] - Block broadcast_0_piece0 stored as bytes in memory (estimated size 12.8 KiB, free 2.1 GiB)
[dispatcher-BlockManagerMaster] INFO  org.apache.spark.storage.BlockManagerInfo [] - Added broadcast_0_piece0 in memory on 192.168.100.172:46325 (size: 12.8 KiB, free: 2.1 GiB)
[dag-scheduler-event-loop] INFO  org.apache.spark.SparkContext [] - Created broadcast 0 from broadcast at DAGScheduler.scala:1580
[dag-scheduler-event-loop] INFO  org.apache.spark.scheduler.DAGScheduler [] - Submitting 1 missing tasks from ResultStage 0 (MapPartitionsRDD[3] at show at DebugAction.java:23) (first 15 tasks are for partitions Vector(0))
[dag-scheduler-event-loop] INFO  org.apache.spark.scheduler.TaskSchedulerImpl [] - Adding task set 0.0 with 1 tasks resource profile 0
[dispatcher-event-loop-6] INFO  org.apache.spark.scheduler.TaskSetManager [] - Starting task 0.0 in stage 0.0 (TID 0) (192.168.100.172, executor driver, partition 0, ANY, 9529 bytes) 
[Executor task launch worker for task 0.0 in stage 0.0 (TID 0)] INFO  org.apache.spark.executor.Executor [] - Running task 0.0 in stage 0.0 (TID 0)
[Executor task launch worker for task 0.0 in stage 0.0 (TID 0)] INFO  org.apache.spark.sql.catalyst.expressions.codegen.CodeGenerator [] - Code generated in 33.567915 ms
[Executor task launch worker for task 0.0 in stage 0.0 (TID 0)] INFO  org.apache.spark.sql.catalyst.expressions.codegen.CodeGenerator [] - Code generated in 24.586038 ms
[Executor task launch worker for task 0.0 in stage 0.0 (TID 0)] INFO  org.apache.spark.executor.Executor [] - Finished task 0.0 in stage 0.0 (TID 0). 1609 bytes result sent to driver
[task-result-getter-0] INFO  org.apache.spark.scheduler.TaskSetManager [] - Finished task 0.0 in stage 0.0 (TID 0) in 339 ms on 192.168.100.172 (executor driver) (1/1)
[task-result-getter-0] INFO  org.apache.spark.scheduler.TaskSchedulerImpl [] - Removed TaskSet 0.0, whose tasks have all completed, from pool 
[dag-scheduler-event-loop] INFO  org.apache.spark.scheduler.DAGScheduler [] - ResultStage 0 (show at DebugAction.java:23) finished in 0.547 s
[dag-scheduler-event-loop] INFO  org.apache.spark.scheduler.DAGScheduler [] - Job 0 is finished. Cancelling potential speculative or zombie tasks for this job
[dag-scheduler-event-loop] INFO  org.apache.spark.scheduler.TaskSchedulerImpl [] - Killing all running tasks in stage 0: Stage finished
[main] INFO  org.apache.spark.scheduler.DAGScheduler [] - Job 0 finished: show at DebugAction.java:23, took 0.575670 s
[main] INFO  org.apache.spark.SparkContext [] - Starting job: show at DebugAction.java:23
[dag-scheduler-event-loop] INFO  org.apache.spark.scheduler.DAGScheduler [] - Got job 1 (show at DebugAction.java:23) with 4 output partitions
[dag-scheduler-event-loop] INFO  org.apache.spark.scheduler.DAGScheduler [] - Final stage: ResultStage 1 (show at DebugAction.java:23)
[dag-scheduler-event-loop] INFO  org.apache.spark.scheduler.DAGScheduler [] - Parents of final stage: List()
[dag-scheduler-event-loop] INFO  org.apache.spark.scheduler.DAGScheduler [] - Missing parents: List()
[dag-scheduler-event-loop] INFO  org.apache.spark.scheduler.DAGScheduler [] - Submitting ResultStage 1 (MapPartitionsRDD[3] at show at DebugAction.java:23), which has no missing parents
[dag-scheduler-event-loop] INFO  org.apache.spark.storage.memory.MemoryStore [] - Block broadcast_1 stored as values in memory (estimated size 33.4 KiB, free 2.1 GiB)
[dag-scheduler-event-loop] INFO  org.apache.spark.storage.memory.MemoryStore [] - Block broadcast_1_piece0 stored as bytes in memory (estimated size 12.9 KiB, free 2.1 GiB)
[dispatcher-BlockManagerMaster] INFO  org.apache.spark.storage.BlockManagerInfo [] - Added broadcast_1_piece0 in memory on 192.168.100.172:46325 (size: 12.9 KiB, free: 2.1 GiB)
[dag-scheduler-event-loop] INFO  org.apache.spark.SparkContext [] - Created broadcast 1 from broadcast at DAGScheduler.scala:1580
[dag-scheduler-event-loop] INFO  org.apache.spark.scheduler.DAGScheduler [] - Submitting 4 missing tasks from ResultStage 1 (MapPartitionsRDD[3] at show at DebugAction.java:23) (first 15 tasks are for partitions Vector(1, 2, 3, 4))
[dag-scheduler-event-loop] INFO  org.apache.spark.scheduler.TaskSchedulerImpl [] - Adding task set 1.0 with 4 tasks resource profile 0
[dispatcher-event-loop-1] INFO  org.apache.spark.scheduler.TaskSetManager [] - Starting task 0.0 in stage 1.0 (TID 1) (192.168.100.172, executor driver, partition 1, ANY, 9529 bytes) 
[dispatcher-event-loop-1] INFO  org.apache.spark.scheduler.TaskSetManager [] - Starting task 1.0 in stage 1.0 (TID 2) (192.168.100.172, executor driver, partition 2, ANY, 9649 bytes) 
[dispatcher-event-loop-1] INFO  org.apache.spark.scheduler.TaskSetManager [] - Starting task 2.0 in stage 1.0 (TID 3) (192.168.100.172, executor driver, partition 3, ANY, 9529 bytes) 
[dispatcher-event-loop-1] INFO  org.apache.spark.scheduler.TaskSetManager [] - Starting task 3.0 in stage 1.0 (TID 4) (192.168.100.172, executor driver, partition 4, ANY, 9529 bytes) 
[Executor task launch worker for task 0.0 in stage 1.0 (TID 1)] INFO  org.apache.spark.executor.Executor [] - Running task 0.0 in stage 1.0 (TID 1)
[Executor task launch worker for task 1.0 in stage 1.0 (TID 2)] INFO  org.apache.spark.executor.Executor [] - Running task 1.0 in stage 1.0 (TID 2)
[Executor task launch worker for task 2.0 in stage 1.0 (TID 3)] INFO  org.apache.spark.executor.Executor [] - Running task 2.0 in stage 1.0 (TID 3)
[Executor task launch worker for task 3.0 in stage 1.0 (TID 4)] INFO  org.apache.spark.executor.Executor [] - Running task 3.0 in stage 1.0 (TID 4)
[Executor task launch worker for task 0.0 in stage 1.0 (TID 1)] INFO  org.apache.spark.executor.Executor [] - Finished task 0.0 in stage 1.0 (TID 1). 1609 bytes result sent to driver
[Executor task launch worker for task 2.0 in stage 1.0 (TID 3)] INFO  org.apache.spark.executor.Executor [] - Finished task 2.0 in stage 1.0 (TID 3). 1566 bytes result sent to driver
[task-result-getter-1] INFO  org.apache.spark.scheduler.TaskSetManager [] - Finished task 0.0 in stage 1.0 (TID 1) in 93 ms on 192.168.100.172 (executor driver) (1/4)
[task-result-getter-2] INFO  org.apache.spark.scheduler.TaskSetManager [] - Finished task 2.0 in stage 1.0 (TID 3) in 92 ms on 192.168.100.172 (executor driver) (2/4)
[Executor task launch worker for task 3.0 in stage 1.0 (TID 4)] INFO  org.apache.spark.executor.Executor [] - Finished task 3.0 in stage 1.0 (TID 4). 1609 bytes result sent to driver
[task-result-getter-3] INFO  org.apache.spark.scheduler.TaskSetManager [] - Finished task 3.0 in stage 1.0 (TID 4) in 102 ms on 192.168.100.172 (executor driver) (3/4)
[Executor task launch worker for task 1.0 in stage 1.0 (TID 2)] INFO  org.apache.spark.executor.Executor [] - Finished task 1.0 in stage 1.0 (TID 2). 1609 bytes result sent to driver
[task-result-getter-0] INFO  org.apache.spark.scheduler.TaskSetManager [] - Finished task 1.0 in stage 1.0 (TID 2) in 106 ms on 192.168.100.172 (executor driver) (4/4)
[task-result-getter-0] INFO  org.apache.spark.scheduler.TaskSchedulerImpl [] - Removed TaskSet 1.0, whose tasks have all completed, from pool 
[dag-scheduler-event-loop] INFO  org.apache.spark.scheduler.DAGScheduler [] - ResultStage 1 (show at DebugAction.java:23) finished in 0.117 s
[dag-scheduler-event-loop] INFO  org.apache.spark.scheduler.DAGScheduler [] - Job 1 is finished. Cancelling potential speculative or zombie tasks for this job
[dag-scheduler-event-loop] INFO  org.apache.spark.scheduler.TaskSchedulerImpl [] - Killing all running tasks in stage 1: Stage finished
[main] INFO  org.apache.spark.scheduler.DAGScheduler [] - Job 1 finished: show at DebugAction.java:23, took 0.121978 s
[main] INFO  org.apache.spark.SparkContext [] - Starting job: show at DebugAction.java:23
[dag-scheduler-event-loop] INFO  org.apache.spark.scheduler.DAGScheduler [] - Got job 2 (show at DebugAction.java:23) with 12 output partitions
[dag-scheduler-event-loop] INFO  org.apache.spark.scheduler.DAGScheduler [] - Final stage: ResultStage 2 (show at DebugAction.java:23)
[dag-scheduler-event-loop] INFO  org.apache.spark.scheduler.DAGScheduler [] - Parents of final stage: List()
[dag-scheduler-event-loop] INFO  org.apache.spark.scheduler.DAGScheduler [] - Missing parents: List()
[dag-scheduler-event-loop] INFO  org.apache.spark.scheduler.DAGScheduler [] - Submitting ResultStage 2 (MapPartitionsRDD[3] at show at DebugAction.java:23), which has no missing parents
[dag-scheduler-event-loop] INFO  org.apache.spark.storage.memory.MemoryStore [] - Block broadcast_2 stored as values in memory (estimated size 33.4 KiB, free 2.1 GiB)
[dag-scheduler-event-loop] INFO  org.apache.spark.storage.memory.MemoryStore [] - Block broadcast_2_piece0 stored as bytes in memory (estimated size 12.9 KiB, free 2.1 GiB)
[dispatcher-BlockManagerMaster] INFO  org.apache.spark.storage.BlockManagerInfo [] - Added broadcast_2_piece0 in memory on 192.168.100.172:46325 (size: 12.9 KiB, free: 2.1 GiB)
[dag-scheduler-event-loop] INFO  org.apache.spark.SparkContext [] - Created broadcast 2 from broadcast at DAGScheduler.scala:1580
[dag-scheduler-event-loop] INFO  org.apache.spark.scheduler.DAGScheduler [] - Submitting 12 missing tasks from ResultStage 2 (MapPartitionsRDD[3] at show at DebugAction.java:23) (first 15 tasks are for partitions Vector(5, 6, 7, 8, 9, 10, 11, 12, 13, 14, 15, 16))
[dag-scheduler-event-loop] INFO  org.apache.spark.scheduler.TaskSchedulerImpl [] - Adding task set 2.0 with 12 tasks resource profile 0
[dispatcher-event-loop-3] INFO  org.apache.spark.scheduler.TaskSetManager [] - Starting task 0.0 in stage 2.0 (TID 5) (192.168.100.172, executor driver, partition 5, ANY, 9529 bytes) 
[dispatcher-event-loop-3] INFO  org.apache.spark.scheduler.TaskSetManager [] - Starting task 1.0 in stage 2.0 (TID 6) (192.168.100.172, executor driver, partition 6, ANY, 9529 bytes) 
[dispatcher-event-loop-3] INFO  org.apache.spark.scheduler.TaskSetManager [] - Starting task 2.0 in stage 2.0 (TID 7) (192.168.100.172, executor driver, partition 7, ANY, 9529 bytes) 
[dispatcher-event-loop-3] INFO  org.apache.spark.scheduler.TaskSetManager [] - Starting task 3.0 in stage 2.0 (TID 8) (192.168.100.172, executor driver, partition 8, ANY, 9525 bytes) 
[dispatcher-event-loop-3] INFO  org.apache.spark.scheduler.TaskSetManager [] - Starting task 4.0 in stage 2.0 (TID 9) (192.168.100.172, executor driver, partition 9, ANY, 9529 bytes) 
[dispatcher-event-loop-3] INFO  org.apache.spark.scheduler.TaskSetManager [] - Starting task 5.0 in stage 2.0 (TID 10) (192.168.100.172, executor driver, partition 10, ANY, 9529 bytes) 
[dispatcher-event-loop-3] INFO  org.apache.spark.scheduler.TaskSetManager [] - Starting task 6.0 in stage 2.0 (TID 11) (192.168.100.172, executor driver, partition 11, ANY, 9529 bytes) 
[dispatcher-event-loop-3] INFO  org.apache.spark.scheduler.TaskSetManager [] - Starting task 7.0 in stage 2.0 (TID 12) (192.168.100.172, executor driver, partition 12, ANY, 9529 bytes) 
[Executor task launch worker for task 1.0 in stage 2.0 (TID 6)] INFO  org.apache.spark.executor.Executor [] - Running task 1.0 in stage 2.0 (TID 6)
[Executor task launch worker for task 0.0 in stage 2.0 (TID 5)] INFO  org.apache.spark.executor.Executor [] - Running task 0.0 in stage 2.0 (TID 5)
[Executor task launch worker for task 3.0 in stage 2.0 (TID 8)] INFO  org.apache.spark.executor.Executor [] - Running task 3.0 in stage 2.0 (TID 8)
[Executor task launch worker for task 2.0 in stage 2.0 (TID 7)] INFO  org.apache.spark.executor.Executor [] - Running task 2.0 in stage 2.0 (TID 7)
[Executor task launch worker for task 4.0 in stage 2.0 (TID 9)] INFO  org.apache.spark.executor.Executor [] - Running task 4.0 in stage 2.0 (TID 9)
[Executor task launch worker for task 5.0 in stage 2.0 (TID 10)] INFO  org.apache.spark.executor.Executor [] - Running task 5.0 in stage 2.0 (TID 10)
[Executor task launch worker for task 7.0 in stage 2.0 (TID 12)] INFO  org.apache.spark.executor.Executor [] - Running task 7.0 in stage 2.0 (TID 12)
[Executor task launch worker for task 6.0 in stage 2.0 (TID 11)] INFO  org.apache.spark.executor.Executor [] - Running task 6.0 in stage 2.0 (TID 11)
[Executor task launch worker for task 4.0 in stage 2.0 (TID 9)] INFO  org.apache.spark.executor.Executor [] - Finished task 4.0 in stage 2.0 (TID 9). 1508 bytes result sent to driver
[dispatcher-event-loop-4] INFO  org.apache.spark.scheduler.TaskSetManager [] - Starting task 8.0 in stage 2.0 (TID 13) (192.168.100.172, executor driver, partition 13, ANY, 9529 bytes) 
[Executor task launch worker for task 8.0 in stage 2.0 (TID 13)] INFO  org.apache.spark.executor.Executor [] - Running task 8.0 in stage 2.0 (TID 13)
[task-result-getter-1] INFO  org.apache.spark.scheduler.TaskSetManager [] - Finished task 4.0 in stage 2.0 (TID 9) in 111 ms on 192.168.100.172 (executor driver) (1/12)
[Executor task launch worker for task 0.0 in stage 2.0 (TID 5)] INFO  org.apache.spark.executor.Executor [] - Finished task 0.0 in stage 2.0 (TID 5). 1551 bytes result sent to driver
[Executor task launch worker for task 5.0 in stage 2.0 (TID 10)] INFO  org.apache.spark.executor.Executor [] - Finished task 5.0 in stage 2.0 (TID 10). 1551 bytes result sent to driver
[Executor task launch worker for task 2.0 in stage 2.0 (TID 7)] INFO  org.apache.spark.executor.Executor [] - Finished task 2.0 in stage 2.0 (TID 7). 1609 bytes result sent to driver
[dispatcher-event-loop-6] INFO  org.apache.spark.scheduler.TaskSetManager [] - Starting task 9.0 in stage 2.0 (TID 14) (192.168.100.172, executor driver, partition 14, ANY, 9529 bytes) 
[Executor task launch worker for task 1.0 in stage 2.0 (TID 6)] INFO  org.apache.spark.executor.Executor [] - Finished task 1.0 in stage 2.0 (TID 6). 1609 bytes result sent to driver
[Executor task launch worker for task 3.0 in stage 2.0 (TID 8)] INFO  org.apache.spark.executor.Executor [] - Finished task 3.0 in stage 2.0 (TID 8). 1609 bytes result sent to driver
[Executor task launch worker for task 9.0 in stage 2.0 (TID 14)] INFO  org.apache.spark.executor.Executor [] - Running task 9.0 in stage 2.0 (TID 14)
[dispatcher-event-loop-6] INFO  org.apache.spark.scheduler.TaskSetManager [] - Starting task 10.0 in stage 2.0 (TID 15) (192.168.100.172, executor driver, partition 15, ANY, 9529 bytes) 
[task-result-getter-3] INFO  org.apache.spark.scheduler.TaskSetManager [] - Finished task 5.0 in stage 2.0 (TID 10) in 153 ms on 192.168.100.172 (executor driver) (2/12)
[Executor task launch worker for task 10.0 in stage 2.0 (TID 15)] INFO  org.apache.spark.executor.Executor [] - Running task 10.0 in stage 2.0 (TID 15)
[task-result-getter-0] INFO  org.apache.spark.scheduler.TaskSetManager [] - Finished task 2.0 in stage 2.0 (TID 7) in 159 ms on 192.168.100.172 (executor driver) (3/12)
[task-result-getter-2] INFO  org.apache.spark.scheduler.TaskSetManager [] - Finished task 0.0 in stage 2.0 (TID 5) in 160 ms on 192.168.100.172 (executor driver) (4/12)
[dispatcher-event-loop-6] INFO  org.apache.spark.scheduler.TaskSetManager [] - Starting task 11.0 in stage 2.0 (TID 16) (192.168.100.172, executor driver, partition 16, ANY, 9529 bytes) 
[Executor task launch worker for task 11.0 in stage 2.0 (TID 16)] INFO  org.apache.spark.executor.Executor [] - Running task 11.0 in stage 2.0 (TID 16)
[task-result-getter-0] INFO  org.apache.spark.scheduler.TaskSetManager [] - Finished task 3.0 in stage 2.0 (TID 8) in 170 ms on 192.168.100.172 (executor driver) (5/12)
[Executor task launch worker for task 7.0 in stage 2.0 (TID 12)] INFO  org.apache.spark.executor.Executor [] - Finished task 7.0 in stage 2.0 (TID 12). 1609 bytes result sent to driver
[task-result-getter-1] INFO  org.apache.spark.scheduler.TaskSetManager [] - Finished task 1.0 in stage 2.0 (TID 6) in 175 ms on 192.168.100.172 (executor driver) (6/12)
[task-result-getter-2] INFO  org.apache.spark.scheduler.TaskSetManager [] - Finished task 7.0 in stage 2.0 (TID 12) in 172 ms on 192.168.100.172 (executor driver) (7/12)
[dispatcher-BlockManagerMaster] INFO  org.apache.spark.storage.BlockManagerInfo [] - Removed broadcast_1_piece0 on 192.168.100.172:46325 in memory (size: 12.9 KiB, free: 2.1 GiB)
[Executor task launch worker for task 6.0 in stage 2.0 (TID 11)] INFO  org.apache.spark.executor.Executor [] - Finished task 6.0 in stage 2.0 (TID 11). 1652 bytes result sent to driver
[task-result-getter-3] INFO  org.apache.spark.scheduler.TaskSetManager [] - Finished task 6.0 in stage 2.0 (TID 11) in 177 ms on 192.168.100.172 (executor driver) (8/12)
[dispatcher-BlockManagerMaster] INFO  org.apache.spark.storage.BlockManagerInfo [] - Removed broadcast_0_piece0 on 192.168.100.172:46325 in memory (size: 12.8 KiB, free: 2.1 GiB)
[Executor task launch worker for task 8.0 in stage 2.0 (TID 13)] INFO  org.apache.spark.executor.Executor [] - Finished task 8.0 in stage 2.0 (TID 13). 1566 bytes result sent to driver
[task-result-getter-0] INFO  org.apache.spark.scheduler.TaskSetManager [] - Finished task 8.0 in stage 2.0 (TID 13) in 112 ms on 192.168.100.172 (executor driver) (9/12)
[Executor task launch worker for task 10.0 in stage 2.0 (TID 15)] INFO  org.apache.spark.executor.Executor [] - Finished task 10.0 in stage 2.0 (TID 15). 1609 bytes result sent to driver
[task-result-getter-1] INFO  org.apache.spark.scheduler.TaskSetManager [] - Finished task 10.0 in stage 2.0 (TID 15) in 74 ms on 192.168.100.172 (executor driver) (10/12)
[Executor task launch worker for task 11.0 in stage 2.0 (TID 16)] INFO  org.apache.spark.executor.Executor [] - Finished task 11.0 in stage 2.0 (TID 16). 1566 bytes result sent to driver
[task-result-getter-2] INFO  org.apache.spark.scheduler.TaskSetManager [] - Finished task 11.0 in stage 2.0 (TID 16) in 64 ms on 192.168.100.172 (executor driver) (11/12)
[Executor task launch worker for task 9.0 in stage 2.0 (TID 14)] INFO  org.apache.spark.executor.Executor [] - Finished task 9.0 in stage 2.0 (TID 14). 1508 bytes result sent to driver
[task-result-getter-3] INFO  org.apache.spark.scheduler.TaskSetManager [] - Finished task 9.0 in stage 2.0 (TID 14) in 98 ms on 192.168.100.172 (executor driver) (12/12)
[task-result-getter-3] INFO  org.apache.spark.scheduler.TaskSchedulerImpl [] - Removed TaskSet 2.0, whose tasks have all completed, from pool 
[dag-scheduler-event-loop] INFO  org.apache.spark.scheduler.DAGScheduler [] - ResultStage 2 (show at DebugAction.java:23) finished in 0.235 s
[dag-scheduler-event-loop] INFO  org.apache.spark.scheduler.DAGScheduler [] - Job 2 is finished. Cancelling potential speculative or zombie tasks for this job
[dag-scheduler-event-loop] INFO  org.apache.spark.scheduler.TaskSchedulerImpl [] - Killing all running tasks in stage 2: Stage finished
[main] INFO  org.apache.spark.scheduler.DAGScheduler [] - Job 2 finished: show at DebugAction.java:23, took 0.238703 s
[main] INFO  org.apache.spark.sql.catalyst.expressions.codegen.CodeGenerator [] - Code generated in 9.134751 ms
[main] INFO  etl.model.transform.task.DebugAction [] - 
+------------------------------------+
|content_uuid                        |
+------------------------------------+
|fdcabf7a-5deb-413b-bd85-6ab0dc57a0b7|
|4260efa5-88f0-41d6-9c9e-58723f48e482|
|a03e7225-a4a7-4b21-b573-69ffd4c03fdb|
|71e82896-8d14-45c6-9127-17615a85c146|
|ebbff1a0-55fb-4500-9f27-d038ca476af2|
|769a1def-2b85-4dac-bd16-e7e885d32719|
|75e4e12d-36f5-40ee-a716-d4bdb8d8a505|
|40fb1b73-2f1f-4ed2-8b2d-2cd2d042205d|
|97873203-6f04-43dd-85a2-aebaa9b8e243|
|17d7f8d8-e881-4584-9e7b-87194b8e4247|
|b949beba-b5bc-4c14-91fc-fac0a31c94e8|
|ee1e3a51-9f05-4352-99dd-20855b45b376|
|c836f409-45bd-444f-9f4b-1332fb20647f|
|fb47e609-1160-499d-bd9e-2f0eaa6f7675|
|2c600b8d-12da-40e4-b5d6-561c9b6d46f5|
|98ecb489-03eb-4266-851d-0aa2b284dc59|
|a0136674-6158-4173-b306-ec8ef251a5ee|
|181a86e1-2afc-454c-9fd6-56aa57bdf20f|
+------------------------------------+


[main] INFO  etl.model.load.Load [] - Loading data
[main] WARN  com.datastax.spark.connector.util.DeprecatedConfigParameter [] - spark.cassandra.connection.local_dc is deprecated (DSE 6.0.0) and has been automatically replaced with parameter spark.cassandra.connection.localDC. 
[main] WARN  com.datastax.spark.connector.util.DeprecatedConfigParameter [] - spark.cassandra.read.timeout_ms is deprecated (DSE 6.0.0) and has been automatically replaced with parameter spark.cassandra.read.timeoutMS. 
[main] WARN  com.datastax.spark.connector.util.DeprecatedConfigParameter [] - spark.cassandra.connection.timeout_ms is deprecated (DSE 6.0.0) and has been automatically replaced with parameter spark.cassandra.connection.timeoutMS. 
[main] INFO  org.apache.spark.sql.execution.datasources.v2.V2ScanRelationPushDown [] - 
Pushing operators to content
Pushed Filters: 
Post-Scan Filters: isnotnull(content_specific_data#4),atleastnnonnulls(1, content_uuid#0, new_state#1, comments#2, content_priority#3, content_specific_data#4, content_type#5, created_date#6L, created_user_id#7, created_user_name#8, digital_content_list#9, expired_date#10L, is_deleted#11, published_by#12, published_date#13, state#14, state_change_note#15, time#16L, title#17, updated_date#18L, updated_user_id#19, updated_user_name#20, user_display_name#21),(instr(content_specific_data#4, usedFor) > 0)
         
[main] INFO  org.apache.spark.sql.execution.datasources.v2.V2ScanRelationPushDown [] - 
Output: content_uuid#0, new_state#1, comments#2, content_priority#3, content_specific_data#4, content_type#5, created_date#6L, created_user_id#7, created_user_name#8, digital_content_list#9, expired_date#10L, is_deleted#11, published_by#12, published_date#13, state#14, state_change_note#15, time#16L, title#17, updated_date#18L, updated_user_id#19, updated_user_name#20, user_display_name#21
         
[main] INFO  etl.provider.impl.YamlProvider [] - Updating job aiPromptQuoteInfoClearAiFields status FAILED
[main] INFO  etl.provider.impl.YamlProvider [] - Updated job aiPromptQuoteInfoClearAiFields status FAILED
[shutdown-hook-0] INFO  org.apache.spark.SparkContext [] - Invoking stop() from shutdown hook
[shutdown-hook-0] INFO  org.apache.spark.SparkContext [] - SparkContext is stopping with exitCode 0.
[shutdown-hook-0] INFO  org.sparkproject.jetty.server.AbstractConnector [] - Stopped Spark@74fab04a{HTTP/1.1, (http/1.1)}{0.0.0.0:4040}
[Serial shutdown hooks thread] INFO  com.datastax.spark.connector.cql.CassandraConnector [] - Disconnected from Cassandra cluster.
[Serial shutdown hooks thread] INFO  com.datastax.spark.connector.util.SerialShutdownHooks [] - Successfully executed shutdown hook: Clearing session cache for C* connector
[shutdown-hook-0] INFO  org.apache.spark.ui.SparkUI [] - Stopped Spark web UI at http://192.168.100.172:4040
[dispatcher-event-loop-6] INFO  org.apache.spark.MapOutputTrackerMasterEndpoint [] - MapOutputTrackerMasterEndpoint stopped!
[shutdown-hook-0] INFO  org.apache.spark.storage.memory.MemoryStore [] - MemoryStore cleared
[shutdown-hook-0] INFO  org.apache.spark.storage.BlockManager [] - BlockManager stopped
[shutdown-hook-0] INFO  org.apache.spark.storage.BlockManagerMaster [] - BlockManagerMaster stopped
[dispatcher-event-loop-2] INFO  org.apache.spark.scheduler.OutputCommitCoordinator$OutputCommitCoordinatorEndpoint [] - OutputCommitCoordinator stopped!
[shutdown-hook-0] INFO  org.apache.spark.SparkContext [] - Successfully stopped SparkContext
[shutdown-hook-0] INFO  org.apache.spark.util.ShutdownHookManager [] - Shutdown hook called
[shutdown-hook-0] INFO  org.apache.spark.util.ShutdownHookManager [] - Deleting directory /tmp/spark-dd79f3c6-62b2-4303-86bc-e0d026e8a8c1
[main] INFO  Main [] - Remote spark cluster not found!!! Using standalone
[main] WARN  org.apache.spark.util.Utils [] - Your hostname, Subrat-Devnath resolves to a loopback address: 127.0.1.1; using 192.168.100.172 instead (on interface wlp0s20f3)
[main] WARN  org.apache.spark.util.Utils [] - Set SPARK_LOCAL_IP if you need to bind to another address
[main] INFO  org.apache.spark.SparkContext [] - Running Spark version 3.5.0
[main] INFO  org.apache.spark.SparkContext [] - OS info Linux, 6.8.0-138-generic, amd64
[main] INFO  org.apache.spark.SparkContext [] - Java version 11.0.32
[main] WARN  org.apache.hadoop.util.NativeCodeLoader [] - Unable to load native-hadoop library for your platform... using builtin-java classes where applicable
[main] INFO  org.apache.spark.resource.ResourceUtils [] - ==============================================================
[main] INFO  org.apache.spark.resource.ResourceUtils [] - No custom resources configured for spark.driver.
[main] INFO  org.apache.spark.resource.ResourceUtils [] - ==============================================================
[main] INFO  org.apache.spark.SparkContext [] - Submitted application: c5327898-6a0f-45db-a78f-60e6ad408dc1
[main] INFO  org.apache.spark.resource.ResourceProfile [] - Default ResourceProfile created, executor resources: Map(cores -> name: cores, amount: 1, script: , vendor: , memory -> name: memory, amount: 1024, script: , vendor: , offHeap -> name: offHeap, amount: 0, script: , vendor: ), task resources: Map(cpus -> name: cpus, amount: 1.0)
[main] INFO  org.apache.spark.resource.ResourceProfile [] - Limiting resource is cpu
[main] INFO  org.apache.spark.resource.ResourceProfileManager [] - Added ResourceProfile id: 0
[main] INFO  org.apache.spark.SecurityManager [] - Changing view acls to: subratd
[main] INFO  org.apache.spark.SecurityManager [] - Changing modify acls to: subratd
[main] INFO  org.apache.spark.SecurityManager [] - Changing view acls groups to: 
[main] INFO  org.apache.spark.SecurityManager [] - Changing modify acls groups to: 
[main] INFO  org.apache.spark.SecurityManager [] - SecurityManager: authentication disabled; ui acls disabled; users with view permissions: subratd; groups with view permissions: EMPTY; users with modify permissions: subratd; groups with modify permissions: EMPTY
[main] INFO  org.apache.spark.util.Utils [] - Successfully started service 'sparkDriver' on port 36487.
[main] INFO  org.apache.spark.SparkEnv [] - Registering MapOutputTracker
[main] INFO  org.apache.spark.SparkEnv [] - Registering BlockManagerMaster
[main] INFO  org.apache.spark.storage.BlockManagerMasterEndpoint [] - Using org.apache.spark.storage.DefaultTopologyMapper for getting topology information
[main] INFO  org.apache.spark.storage.BlockManagerMasterEndpoint [] - BlockManagerMasterEndpoint up
[main] INFO  org.apache.spark.SparkEnv [] - Registering BlockManagerMasterHeartbeat
[main] INFO  org.apache.spark.storage.DiskBlockManager [] - Created local directory at /tmp/blockmgr-16b3e017-469d-404d-9efb-6f89b4d6c30d
[main] INFO  org.apache.spark.storage.memory.MemoryStore [] - MemoryStore started with capacity 2.1 GiB
[main] INFO  org.apache.spark.SparkEnv [] - Registering OutputCommitCoordinator
[main] INFO  org.sparkproject.jetty.util.log [] - Logging initialized @2100ms to org.sparkproject.jetty.util.log.Slf4jLog
[main] INFO  org.apache.spark.ui.JettyUtils [] - Start Jetty 0.0.0.0:4040 for SparkUI
[main] INFO  org.sparkproject.jetty.server.Server [] - jetty-9.4.52.v20230823; built: 2023-08-23T19:29:37.669Z; git: abdcda73818a1a2c705da276edb0bf6581e7997e; jvm 11.0.32+9-post-1ubuntu1-22.04-Ubuntu
[main] INFO  org.sparkproject.jetty.server.Server [] - Started @2185ms
[main] INFO  org.sparkproject.jetty.server.AbstractConnector [] - Started ServerConnector@267dc982{HTTP/1.1, (http/1.1)}{0.0.0.0:4040}
[main] INFO  org.apache.spark.util.Utils [] - Successfully started service 'SparkUI' on port 4040.
[main] INFO  org.sparkproject.jetty.server.handler.ContextHandler [] - Started o.s.j.s.ServletContextHandler@57272109{/,null,AVAILABLE,@Spark}
[main] INFO  org.apache.spark.executor.Executor [] - Starting executor ID driver on host 192.168.100.172
[main] INFO  org.apache.spark.executor.Executor [] - OS info Linux, 6.8.0-138-generic, amd64
[main] INFO  org.apache.spark.executor.Executor [] - Java version 11.0.32
[main] INFO  org.apache.spark.executor.Executor [] - Starting executor with user classpath (userClassPathFirst = false): ''
[main] INFO  org.apache.spark.executor.Executor [] - Created or updated repl class loader org.apache.spark.util.MutableURLClassLoader@7d7cac8 for default.
[main] INFO  org.apache.spark.util.Utils [] - Successfully started service 'org.apache.spark.network.netty.NettyBlockTransferService' on port 43833.
[main] INFO  org.apache.spark.network.netty.NettyBlockTransferService [] - Server created on 192.168.100.172:43833
[main] INFO  org.apache.spark.storage.BlockManager [] - Using org.apache.spark.storage.RandomBlockReplicationPolicy for block replication policy
[main] INFO  org.apache.spark.storage.BlockManagerMaster [] - Registering BlockManager BlockManagerId(driver, 192.168.100.172, 43833, None)
[dispatcher-BlockManagerMaster] INFO  org.apache.spark.storage.BlockManagerMasterEndpoint [] - Registering block manager 192.168.100.172:43833 with 2.1 GiB RAM, BlockManagerId(driver, 192.168.100.172, 43833, None)
[main] INFO  org.apache.spark.storage.BlockManagerMaster [] - Registered BlockManager BlockManagerId(driver, 192.168.100.172, 43833, None)
[main] INFO  org.apache.spark.storage.BlockManager [] - Initialized BlockManager: BlockManagerId(driver, 192.168.100.172, 43833, None)
[main] INFO  org.sparkproject.jetty.server.handler.ContextHandler [] - Stopped o.s.j.s.ServletContextHandler@57272109{/,null,STOPPED,@Spark}
[main] INFO  org.sparkproject.jetty.server.handler.ContextHandler [] - Started o.s.j.s.ServletContextHandler@430b2699{/jobs,null,AVAILABLE,@Spark}
[main] INFO  org.sparkproject.jetty.server.handler.ContextHandler [] - Started o.s.j.s.ServletContextHandler@6413d7e7{/jobs/json,null,AVAILABLE,@Spark}
[main] INFO  org.sparkproject.jetty.server.handler.ContextHandler [] - Started o.s.j.s.ServletContextHandler@111d5c97{/jobs/job,null,AVAILABLE,@Spark}
[main] INFO  org.sparkproject.jetty.server.handler.ContextHandler [] - Started o.s.j.s.ServletContextHandler@250a9031{/jobs/job/json,null,AVAILABLE,@Spark}
[main] INFO  org.sparkproject.jetty.server.handler.ContextHandler [] - Started o.s.j.s.ServletContextHandler@6d67f5eb{/stages,null,AVAILABLE,@Spark}
[main] INFO  org.sparkproject.jetty.server.handler.ContextHandler [] - Started o.s.j.s.ServletContextHandler@3e1fd62b{/stages/json,null,AVAILABLE,@Spark}
[main] INFO  org.sparkproject.jetty.server.handler.ContextHandler [] - Started o.s.j.s.ServletContextHandler@7134b8a7{/stages/stage,null,AVAILABLE,@Spark}
[main] INFO  org.sparkproject.jetty.server.handler.ContextHandler [] - Started o.s.j.s.ServletContextHandler@40de8f93{/stages/stage/json,null,AVAILABLE,@Spark}
[main] INFO  org.sparkproject.jetty.server.handler.ContextHandler [] - Started o.s.j.s.ServletContextHandler@3b55dd15{/stages/pool,null,AVAILABLE,@Spark}
[main] INFO  org.sparkproject.jetty.server.handler.ContextHandler [] - Started o.s.j.s.ServletContextHandler@3ba3d4b6{/stages/pool/json,null,AVAILABLE,@Spark}
[main] INFO  org.sparkproject.jetty.server.handler.ContextHandler [] - Started o.s.j.s.ServletContextHandler@441fbe89{/storage,null,AVAILABLE,@Spark}
[main] INFO  org.sparkproject.jetty.server.handler.ContextHandler [] - Started o.s.j.s.ServletContextHandler@45ab3bdd{/storage/json,null,AVAILABLE,@Spark}
[main] INFO  org.sparkproject.jetty.server.handler.ContextHandler [] - Started o.s.j.s.ServletContextHandler@1642eeae{/storage/rdd,null,AVAILABLE,@Spark}
[main] INFO  org.sparkproject.jetty.server.handler.ContextHandler [] - Started o.s.j.s.ServletContextHandler@28a9494b{/storage/rdd/json,null,AVAILABLE,@Spark}
[main] INFO  org.sparkproject.jetty.server.handler.ContextHandler [] - Started o.s.j.s.ServletContextHandler@1163a27{/environment,null,AVAILABLE,@Spark}
[main] INFO  org.sparkproject.jetty.server.handler.ContextHandler [] - Started o.s.j.s.ServletContextHandler@502a4156{/environment/json,null,AVAILABLE,@Spark}
[main] INFO  org.sparkproject.jetty.server.handler.ContextHandler [] - Started o.s.j.s.ServletContextHandler@64e1377c{/executors,null,AVAILABLE,@Spark}
[main] INFO  org.sparkproject.jetty.server.handler.ContextHandler [] - Started o.s.j.s.ServletContextHandler@92d1782{/executors/json,null,AVAILABLE,@Spark}
[main] INFO  org.sparkproject.jetty.server.handler.ContextHandler [] - Started o.s.j.s.ServletContextHandler@72976b4{/executors/threadDump,null,AVAILABLE,@Spark}
[main] INFO  org.sparkproject.jetty.server.handler.ContextHandler [] - Started o.s.j.s.ServletContextHandler@1319bc2a{/executors/threadDump/json,null,AVAILABLE,@Spark}
[main] INFO  org.sparkproject.jetty.server.handler.ContextHandler [] - Started o.s.j.s.ServletContextHandler@42f85fa4{/executors/heapHistogram,null,AVAILABLE,@Spark}
[main] INFO  org.sparkproject.jetty.server.handler.ContextHandler [] - Started o.s.j.s.ServletContextHandler@27abb6ca{/executors/heapHistogram/json,null,AVAILABLE,@Spark}
[main] INFO  org.sparkproject.jetty.server.handler.ContextHandler [] - Started o.s.j.s.ServletContextHandler@6968c1d6{/static,null,AVAILABLE,@Spark}
[main] INFO  org.sparkproject.jetty.server.handler.ContextHandler [] - Started o.s.j.s.ServletContextHandler@68dd39d2{/,null,AVAILABLE,@Spark}
[main] INFO  org.sparkproject.jetty.server.handler.ContextHandler [] - Started o.s.j.s.ServletContextHandler@60e3c26e{/api,null,AVAILABLE,@Spark}
[main] INFO  org.sparkproject.jetty.server.handler.ContextHandler [] - Started o.s.j.s.ServletContextHandler@26ca61bf{/jobs/job/kill,null,AVAILABLE,@Spark}
[main] INFO  org.sparkproject.jetty.server.handler.ContextHandler [] - Started o.s.j.s.ServletContextHandler@fa5f81c{/stages/stage/kill,null,AVAILABLE,@Spark}
[main] INFO  org.sparkproject.jetty.server.handler.ContextHandler [] - Started o.s.j.s.ServletContextHandler@5b47731f{/metrics/json,null,AVAILABLE,@Spark}
[main] INFO  org.apache.spark.sql.internal.SharedState [] - Setting hive.metastore.warehouse.dir ('null') to the value of spark.sql.warehouse.dir.
[main] INFO  org.apache.spark.sql.internal.SharedState [] - Warehouse path is 'file:/home/subratd/Documents/etl/spark-warehouse'.
[main] INFO  org.sparkproject.jetty.server.handler.ContextHandler [] - Started o.s.j.s.ServletContextHandler@75b38c36{/SQL,null,AVAILABLE,@Spark}
[main] INFO  org.sparkproject.jetty.server.handler.ContextHandler [] - Started o.s.j.s.ServletContextHandler@2349f14d{/SQL/json,null,AVAILABLE,@Spark}
[main] INFO  org.sparkproject.jetty.server.handler.ContextHandler [] - Started o.s.j.s.ServletContextHandler@628b819d{/SQL/execution,null,AVAILABLE,@Spark}
[main] INFO  org.sparkproject.jetty.server.handler.ContextHandler [] - Started o.s.j.s.ServletContextHandler@2cca611f{/SQL/execution/json,null,AVAILABLE,@Spark}
[main] INFO  org.sparkproject.jetty.server.handler.ContextHandler [] - Started o.s.j.s.ServletContextHandler@609319c3{/static/sql,null,AVAILABLE,@Spark}
[main] WARN  org.apache.spark.sql.catalyst.analysis.SimpleFunctionRegistry [] - The function int replaced a previously registered function.
[main] WARN  org.apache.spark.sql.catalyst.analysis.SimpleFunctionRegistry [] - The function boolean replaced a previously registered function.
[main] WARN  org.apache.spark.sql.catalyst.analysis.SimpleFunctionRegistry [] - The function double replaced a previously registered function.
[main] WARN  org.apache.spark.sql.catalyst.analysis.SimpleFunctionRegistry [] - The function binary replaced a previously registered function.
[main] WARN  org.apache.spark.sql.catalyst.analysis.SimpleFunctionRegistry [] - The function date replaced a previously registered function.
[main] WARN  org.apache.spark.sql.catalyst.analysis.SimpleFunctionRegistry [] - The function timestamp replaced a previously registered function.
[main] WARN  org.apache.spark.sql.catalyst.analysis.SimpleFunctionRegistry [] - The function now replaced a previously registered function.
[main] WARN  org.apache.spark.sql.catalyst.analysis.SimpleFunctionRegistry [] - The function uuid replaced a previously registered function.
[main] WARN  org.apache.spark.sql.catalyst.analysis.SimpleFunctionRegistry [] - The function replace replaced a previously registered function.
[main] WARN  org.apache.spark.sql.catalyst.analysis.SimpleFunctionRegistry [] - The function split replaced a previously registered function.
[main] INFO  etl.provider.impl.YamlProvider [] - Loading Job - job.yml
[main] INFO  etl.ETLJob [] - Start processing job aiPromptQuoteInfoClearAiFields
[main] INFO  etl.provider.impl.YamlProvider [] - Updating job aiPromptQuoteInfoClearAiFields status PROCESSING
[main] INFO  etl.provider.impl.YamlProvider [] - Updated job aiPromptQuoteInfoClearAiFields status PROCESSING
[main] INFO  etl.model.extract.Extract [] - Extracting org.apache.spark.sql.cassandra to data
[main] INFO  etl.model.extract.Extract [] - Options {keyspace=subrat_main, table=content}
[main] WARN  com.datastax.spark.connector.util.DeprecatedConfigParameter [] - spark.cassandra.connection.local_dc is deprecated (DSE 6.0.0) and has been automatically replaced with parameter spark.cassandra.connection.localDC. 
[main] WARN  com.datastax.spark.connector.util.DeprecatedConfigParameter [] - spark.cassandra.read.timeout_ms is deprecated (DSE 6.0.0) and has been automatically replaced with parameter spark.cassandra.read.timeoutMS. 
[main] WARN  com.datastax.spark.connector.util.DeprecatedConfigParameter [] - spark.cassandra.connection.timeout_ms is deprecated (DSE 6.0.0) and has been automatically replaced with parameter spark.cassandra.connection.timeoutMS. 
[main] INFO  com.datastax.oss.driver.internal.core.DefaultMavenCoordinates [] - DataStax Java driver for Apache Cassandra(R) (com.datastax.oss:java-driver-core-shaded) version 4.13.0
[s0-admin-0] INFO  com.datastax.oss.driver.internal.core.time.Clock [] - Using native clock for microsecond precision
[main] INFO  com.datastax.spark.connector.cql.CassandraConnector [] - Connected to Cassandra cluster.
[main] WARN  com.datastax.spark.connector.util.DeprecatedConfigParameter [] - spark.cassandra.connection.local_dc is deprecated (DSE 6.0.0) and has been automatically replaced with parameter spark.cassandra.connection.localDC. 
[main] WARN  com.datastax.spark.connector.util.DeprecatedConfigParameter [] - spark.cassandra.read.timeout_ms is deprecated (DSE 6.0.0) and has been automatically replaced with parameter spark.cassandra.read.timeoutMS. 
[main] WARN  com.datastax.spark.connector.util.DeprecatedConfigParameter [] - spark.cassandra.connection.timeout_ms is deprecated (DSE 6.0.0) and has been automatically replaced with parameter spark.cassandra.connection.timeoutMS. 
[main] INFO  etl.model.transform.Transform [] - Transforming data to data with filter_expression
[main] INFO  etl.model.transform.Transform [] - Transforming data to data with select
[main] INFO  etl.model.transform.Transform [] - Transforming data to data with debug
[main] WARN  com.datastax.spark.connector.util.DeprecatedConfigParameter [] - spark.cassandra.connection.local_dc is deprecated (DSE 6.0.0) and has been automatically replaced with parameter spark.cassandra.connection.localDC. 
[main] WARN  com.datastax.spark.connector.util.DeprecatedConfigParameter [] - spark.cassandra.read.timeout_ms is deprecated (DSE 6.0.0) and has been automatically replaced with parameter spark.cassandra.read.timeoutMS. 
[main] WARN  com.datastax.spark.connector.util.DeprecatedConfigParameter [] - spark.cassandra.connection.timeout_ms is deprecated (DSE 6.0.0) and has been automatically replaced with parameter spark.cassandra.connection.timeoutMS. 
[main] INFO  org.apache.spark.sql.execution.datasources.v2.V2ScanRelationPushDown [] - 
Pushing operators to content
Pushed Filters: 
Post-Scan Filters: isnotnull(content_specific_data#4),atleastnnonnulls(1, content_uuid#0, new_state#1, comments#2, content_priority#3, content_specific_data#4, content_type#5, created_date#6L, created_user_id#7, created_user_name#8, digital_content_list#9, expired_date#10L, is_deleted#11, published_by#12, published_date#13, state#14, state_change_note#15, time#16L, title#17, updated_date#18L, updated_user_id#19, updated_user_name#20, user_display_name#21),(instr(content_specific_data#4, usedFor) > 0)
         
[main] INFO  org.apache.spark.sql.execution.datasources.v2.V2ScanRelationPushDown [] - 
Output: content_uuid#0, new_state#1, comments#2, content_priority#3, content_specific_data#4, content_type#5, created_date#6L, created_user_id#7, created_user_name#8, digital_content_list#9, expired_date#10L, is_deleted#11, published_by#12, published_date#13, state#14, state_change_note#15, time#16L, title#17, updated_date#18L, updated_user_id#19, updated_user_name#20, user_display_name#21
         
[main] INFO  org.apache.spark.sql.catalyst.expressions.codegen.CodeGenerator [] - Code generated in 164.942397 ms
[main] INFO  org.apache.spark.SparkContext [] - Starting job: show at DebugAction.java:23
[dag-scheduler-event-loop] INFO  org.apache.spark.scheduler.DAGScheduler [] - Got job 0 (show at DebugAction.java:23) with 1 output partitions
[dag-scheduler-event-loop] INFO  org.apache.spark.scheduler.DAGScheduler [] - Final stage: ResultStage 0 (show at DebugAction.java:23)
[dag-scheduler-event-loop] INFO  org.apache.spark.scheduler.DAGScheduler [] - Parents of final stage: List()
[dag-scheduler-event-loop] INFO  org.apache.spark.scheduler.DAGScheduler [] - Missing parents: List()
[dag-scheduler-event-loop] INFO  org.apache.spark.scheduler.DAGScheduler [] - Submitting ResultStage 0 (MapPartitionsRDD[3] at show at DebugAction.java:23), which has no missing parents
[dag-scheduler-event-loop] INFO  org.apache.spark.storage.memory.MemoryStore [] - Block broadcast_0 stored as values in memory (estimated size 33.4 KiB, free 2.1 GiB)
[dag-scheduler-event-loop] INFO  org.apache.spark.storage.memory.MemoryStore [] - Block broadcast_0_piece0 stored as bytes in memory (estimated size 12.8 KiB, free 2.1 GiB)
[dispatcher-BlockManagerMaster] INFO  org.apache.spark.storage.BlockManagerInfo [] - Added broadcast_0_piece0 in memory on 192.168.100.172:43833 (size: 12.8 KiB, free: 2.1 GiB)
[dag-scheduler-event-loop] INFO  org.apache.spark.SparkContext [] - Created broadcast 0 from broadcast at DAGScheduler.scala:1580
[dag-scheduler-event-loop] INFO  org.apache.spark.scheduler.DAGScheduler [] - Submitting 1 missing tasks from ResultStage 0 (MapPartitionsRDD[3] at show at DebugAction.java:23) (first 15 tasks are for partitions Vector(0))
[dag-scheduler-event-loop] INFO  org.apache.spark.scheduler.TaskSchedulerImpl [] - Adding task set 0.0 with 1 tasks resource profile 0
[dispatcher-event-loop-6] INFO  org.apache.spark.scheduler.TaskSetManager [] - Starting task 0.0 in stage 0.0 (TID 0) (192.168.100.172, executor driver, partition 0, ANY, 9529 bytes) 
[Executor task launch worker for task 0.0 in stage 0.0 (TID 0)] INFO  org.apache.spark.executor.Executor [] - Running task 0.0 in stage 0.0 (TID 0)
[Executor task launch worker for task 0.0 in stage 0.0 (TID 0)] INFO  org.apache.spark.sql.catalyst.expressions.codegen.CodeGenerator [] - Code generated in 21.744812 ms
[Executor task launch worker for task 0.0 in stage 0.0 (TID 0)] INFO  org.apache.spark.sql.catalyst.expressions.codegen.CodeGenerator [] - Code generated in 22.188105 ms
[Executor task launch worker for task 0.0 in stage 0.0 (TID 0)] INFO  org.apache.spark.executor.Executor [] - Finished task 0.0 in stage 0.0 (TID 0). 1609 bytes result sent to driver
[task-result-getter-0] INFO  org.apache.spark.scheduler.TaskSetManager [] - Finished task 0.0 in stage 0.0 (TID 0) in 304 ms on 192.168.100.172 (executor driver) (1/1)
[task-result-getter-0] INFO  org.apache.spark.scheduler.TaskSchedulerImpl [] - Removed TaskSet 0.0, whose tasks have all completed, from pool 
[dag-scheduler-event-loop] INFO  org.apache.spark.scheduler.DAGScheduler [] - ResultStage 0 (show at DebugAction.java:23) finished in 0.471 s
[dag-scheduler-event-loop] INFO  org.apache.spark.scheduler.DAGScheduler [] - Job 0 is finished. Cancelling potential speculative or zombie tasks for this job
[dag-scheduler-event-loop] INFO  org.apache.spark.scheduler.TaskSchedulerImpl [] - Killing all running tasks in stage 0: Stage finished
[main] INFO  org.apache.spark.scheduler.DAGScheduler [] - Job 0 finished: show at DebugAction.java:23, took 0.499799 s
[main] INFO  org.apache.spark.SparkContext [] - Starting job: show at DebugAction.java:23
[dag-scheduler-event-loop] INFO  org.apache.spark.scheduler.DAGScheduler [] - Got job 1 (show at DebugAction.java:23) with 4 output partitions
[dag-scheduler-event-loop] INFO  org.apache.spark.scheduler.DAGScheduler [] - Final stage: ResultStage 1 (show at DebugAction.java:23)
[dag-scheduler-event-loop] INFO  org.apache.spark.scheduler.DAGScheduler [] - Parents of final stage: List()
[dag-scheduler-event-loop] INFO  org.apache.spark.scheduler.DAGScheduler [] - Missing parents: List()
[dag-scheduler-event-loop] INFO  org.apache.spark.scheduler.DAGScheduler [] - Submitting ResultStage 1 (MapPartitionsRDD[3] at show at DebugAction.java:23), which has no missing parents
[dag-scheduler-event-loop] INFO  org.apache.spark.storage.memory.MemoryStore [] - Block broadcast_1 stored as values in memory (estimated size 33.4 KiB, free 2.1 GiB)
[dag-scheduler-event-loop] INFO  org.apache.spark.storage.memory.MemoryStore [] - Block broadcast_1_piece0 stored as bytes in memory (estimated size 12.9 KiB, free 2.1 GiB)
[dispatcher-BlockManagerMaster] INFO  org.apache.spark.storage.BlockManagerInfo [] - Added broadcast_1_piece0 in memory on 192.168.100.172:43833 (size: 12.9 KiB, free: 2.1 GiB)
[dag-scheduler-event-loop] INFO  org.apache.spark.SparkContext [] - Created broadcast 1 from broadcast at DAGScheduler.scala:1580
[dag-scheduler-event-loop] INFO  org.apache.spark.scheduler.DAGScheduler [] - Submitting 4 missing tasks from ResultStage 1 (MapPartitionsRDD[3] at show at DebugAction.java:23) (first 15 tasks are for partitions Vector(1, 2, 3, 4))
[dag-scheduler-event-loop] INFO  org.apache.spark.scheduler.TaskSchedulerImpl [] - Adding task set 1.0 with 4 tasks resource profile 0
[dispatcher-event-loop-1] INFO  org.apache.spark.scheduler.TaskSetManager [] - Starting task 0.0 in stage 1.0 (TID 1) (192.168.100.172, executor driver, partition 1, ANY, 9529 bytes) 
[dispatcher-event-loop-1] INFO  org.apache.spark.scheduler.TaskSetManager [] - Starting task 1.0 in stage 1.0 (TID 2) (192.168.100.172, executor driver, partition 2, ANY, 9525 bytes) 
[dispatcher-event-loop-1] INFO  org.apache.spark.scheduler.TaskSetManager [] - Starting task 2.0 in stage 1.0 (TID 3) (192.168.100.172, executor driver, partition 3, ANY, 9529 bytes) 
[dispatcher-event-loop-1] INFO  org.apache.spark.scheduler.TaskSetManager [] - Starting task 3.0 in stage 1.0 (TID 4) (192.168.100.172, executor driver, partition 4, ANY, 9529 bytes) 
[Executor task launch worker for task 0.0 in stage 1.0 (TID 1)] INFO  org.apache.spark.executor.Executor [] - Running task 0.0 in stage 1.0 (TID 1)
[Executor task launch worker for task 1.0 in stage 1.0 (TID 2)] INFO  org.apache.spark.executor.Executor [] - Running task 1.0 in stage 1.0 (TID 2)
[Executor task launch worker for task 2.0 in stage 1.0 (TID 3)] INFO  org.apache.spark.executor.Executor [] - Running task 2.0 in stage 1.0 (TID 3)
[Executor task launch worker for task 3.0 in stage 1.0 (TID 4)] INFO  org.apache.spark.executor.Executor [] - Running task 3.0 in stage 1.0 (TID 4)
[Executor task launch worker for task 0.0 in stage 1.0 (TID 1)] INFO  org.apache.spark.executor.Executor [] - Finished task 0.0 in stage 1.0 (TID 1). 1609 bytes result sent to driver
[Executor task launch worker for task 2.0 in stage 1.0 (TID 3)] INFO  org.apache.spark.executor.Executor [] - Finished task 2.0 in stage 1.0 (TID 3). 1566 bytes result sent to driver
[task-result-getter-1] INFO  org.apache.spark.scheduler.TaskSetManager [] - Finished task 0.0 in stage 1.0 (TID 1) in 58 ms on 192.168.100.172 (executor driver) (1/4)
[task-result-getter-2] INFO  org.apache.spark.scheduler.TaskSetManager [] - Finished task 2.0 in stage 1.0 (TID 3) in 58 ms on 192.168.100.172 (executor driver) (2/4)
[Executor task launch worker for task 3.0 in stage 1.0 (TID 4)] INFO  org.apache.spark.executor.Executor [] - Finished task 3.0 in stage 1.0 (TID 4). 1508 bytes result sent to driver
[task-result-getter-3] INFO  org.apache.spark.scheduler.TaskSetManager [] - Finished task 3.0 in stage 1.0 (TID 4) in 82 ms on 192.168.100.172 (executor driver) (3/4)
[Executor task launch worker for task 1.0 in stage 1.0 (TID 2)] INFO  org.apache.spark.executor.Executor [] - Finished task 1.0 in stage 1.0 (TID 2). 1609 bytes result sent to driver
[task-result-getter-0] INFO  org.apache.spark.scheduler.TaskSetManager [] - Finished task 1.0 in stage 1.0 (TID 2) in 87 ms on 192.168.100.172 (executor driver) (4/4)
[task-result-getter-0] INFO  org.apache.spark.scheduler.TaskSchedulerImpl [] - Removed TaskSet 1.0, whose tasks have all completed, from pool 
[dag-scheduler-event-loop] INFO  org.apache.spark.scheduler.DAGScheduler [] - ResultStage 1 (show at DebugAction.java:23) finished in 0.096 s
[dag-scheduler-event-loop] INFO  org.apache.spark.scheduler.DAGScheduler [] - Job 1 is finished. Cancelling potential speculative or zombie tasks for this job
[dag-scheduler-event-loop] INFO  org.apache.spark.scheduler.TaskSchedulerImpl [] - Killing all running tasks in stage 1: Stage finished
[main] INFO  org.apache.spark.scheduler.DAGScheduler [] - Job 1 finished: show at DebugAction.java:23, took 0.100496 s
[dispatcher-BlockManagerMaster] INFO  org.apache.spark.storage.BlockManagerInfo [] - Removed broadcast_0_piece0 on 192.168.100.172:43833 in memory (size: 12.8 KiB, free: 2.1 GiB)
[main] INFO  org.apache.spark.SparkContext [] - Starting job: show at DebugAction.java:23
[dag-scheduler-event-loop] INFO  org.apache.spark.scheduler.DAGScheduler [] - Got job 2 (show at DebugAction.java:23) with 12 output partitions
[dag-scheduler-event-loop] INFO  org.apache.spark.scheduler.DAGScheduler [] - Final stage: ResultStage 2 (show at DebugAction.java:23)
[dag-scheduler-event-loop] INFO  org.apache.spark.scheduler.DAGScheduler [] - Parents of final stage: List()
[dag-scheduler-event-loop] INFO  org.apache.spark.scheduler.DAGScheduler [] - Missing parents: List()
[dag-scheduler-event-loop] INFO  org.apache.spark.scheduler.DAGScheduler [] - Submitting ResultStage 2 (MapPartitionsRDD[3] at show at DebugAction.java:23), which has no missing parents
[dag-scheduler-event-loop] INFO  org.apache.spark.storage.memory.MemoryStore [] - Block broadcast_2 stored as values in memory (estimated size 33.4 KiB, free 2.1 GiB)
[dag-scheduler-event-loop] INFO  org.apache.spark.storage.memory.MemoryStore [] - Block broadcast_2_piece0 stored as bytes in memory (estimated size 12.9 KiB, free 2.1 GiB)
[dispatcher-BlockManagerMaster] INFO  org.apache.spark.storage.BlockManagerInfo [] - Added broadcast_2_piece0 in memory on 192.168.100.172:43833 (size: 12.9 KiB, free: 2.1 GiB)
[dag-scheduler-event-loop] INFO  org.apache.spark.SparkContext [] - Created broadcast 2 from broadcast at DAGScheduler.scala:1580
[dag-scheduler-event-loop] INFO  org.apache.spark.scheduler.DAGScheduler [] - Submitting 12 missing tasks from ResultStage 2 (MapPartitionsRDD[3] at show at DebugAction.java:23) (first 15 tasks are for partitions Vector(5, 6, 7, 8, 9, 10, 11, 12, 13, 14, 15, 16))
[dag-scheduler-event-loop] INFO  org.apache.spark.scheduler.TaskSchedulerImpl [] - Adding task set 2.0 with 12 tasks resource profile 0
[dispatcher-event-loop-3] INFO  org.apache.spark.scheduler.TaskSetManager [] - Starting task 0.0 in stage 2.0 (TID 5) (192.168.100.172, executor driver, partition 5, ANY, 9529 bytes) 
[dispatcher-event-loop-3] INFO  org.apache.spark.scheduler.TaskSetManager [] - Starting task 1.0 in stage 2.0 (TID 6) (192.168.100.172, executor driver, partition 6, ANY, 9529 bytes) 
[dispatcher-event-loop-3] INFO  org.apache.spark.scheduler.TaskSetManager [] - Starting task 2.0 in stage 2.0 (TID 7) (192.168.100.172, executor driver, partition 7, ANY, 9529 bytes) 
[dispatcher-event-loop-3] INFO  org.apache.spark.scheduler.TaskSetManager [] - Starting task 3.0 in stage 2.0 (TID 8) (192.168.100.172, executor driver, partition 8, ANY, 9649 bytes) 
[dispatcher-event-loop-3] INFO  org.apache.spark.scheduler.TaskSetManager [] - Starting task 4.0 in stage 2.0 (TID 9) (192.168.100.172, executor driver, partition 9, ANY, 9529 bytes) 
[dispatcher-event-loop-3] INFO  org.apache.spark.scheduler.TaskSetManager [] - Starting task 5.0 in stage 2.0 (TID 10) (192.168.100.172, executor driver, partition 10, ANY, 9529 bytes) 
[dispatcher-event-loop-3] INFO  org.apache.spark.scheduler.TaskSetManager [] - Starting task 6.0 in stage 2.0 (TID 11) (192.168.100.172, executor driver, partition 11, ANY, 9529 bytes) 
[dispatcher-event-loop-3] INFO  org.apache.spark.scheduler.TaskSetManager [] - Starting task 7.0 in stage 2.0 (TID 12) (192.168.100.172, executor driver, partition 12, ANY, 9529 bytes) 
[Executor task launch worker for task 0.0 in stage 2.0 (TID 5)] INFO  org.apache.spark.executor.Executor [] - Running task 0.0 in stage 2.0 (TID 5)
[Executor task launch worker for task 1.0 in stage 2.0 (TID 6)] INFO  org.apache.spark.executor.Executor [] - Running task 1.0 in stage 2.0 (TID 6)
[Executor task launch worker for task 3.0 in stage 2.0 (TID 8)] INFO  org.apache.spark.executor.Executor [] - Running task 3.0 in stage 2.0 (TID 8)
[Executor task launch worker for task 2.0 in stage 2.0 (TID 7)] INFO  org.apache.spark.executor.Executor [] - Running task 2.0 in stage 2.0 (TID 7)
[Executor task launch worker for task 4.0 in stage 2.0 (TID 9)] INFO  org.apache.spark.executor.Executor [] - Running task 4.0 in stage 2.0 (TID 9)
[Executor task launch worker for task 7.0 in stage 2.0 (TID 12)] INFO  org.apache.spark.executor.Executor [] - Running task 7.0 in stage 2.0 (TID 12)
[Executor task launch worker for task 5.0 in stage 2.0 (TID 10)] INFO  org.apache.spark.executor.Executor [] - Running task 5.0 in stage 2.0 (TID 10)
[Executor task launch worker for task 6.0 in stage 2.0 (TID 11)] INFO  org.apache.spark.executor.Executor [] - Running task 6.0 in stage 2.0 (TID 11)
[Executor task launch worker for task 7.0 in stage 2.0 (TID 12)] INFO  org.apache.spark.executor.Executor [] - Finished task 7.0 in stage 2.0 (TID 12). 1609 bytes result sent to driver
[dispatcher-event-loop-4] INFO  org.apache.spark.scheduler.TaskSetManager [] - Starting task 8.0 in stage 2.0 (TID 13) (192.168.100.172, executor driver, partition 13, ANY, 9529 bytes) 
[task-result-getter-1] INFO  org.apache.spark.scheduler.TaskSetManager [] - Finished task 7.0 in stage 2.0 (TID 12) in 85 ms on 192.168.100.172 (executor driver) (1/12)
[Executor task launch worker for task 8.0 in stage 2.0 (TID 13)] INFO  org.apache.spark.executor.Executor [] - Running task 8.0 in stage 2.0 (TID 13)
[Executor task launch worker for task 5.0 in stage 2.0 (TID 10)] INFO  org.apache.spark.executor.Executor [] - Finished task 5.0 in stage 2.0 (TID 10). 1508 bytes result sent to driver
[Executor task launch worker for task 2.0 in stage 2.0 (TID 7)] INFO  org.apache.spark.executor.Executor [] - Finished task 2.0 in stage 2.0 (TID 7). 1609 bytes result sent to driver
[dispatcher-event-loop-5] INFO  org.apache.spark.scheduler.TaskSetManager [] - Starting task 9.0 in stage 2.0 (TID 14) (192.168.100.172, executor driver, partition 14, ANY, 9529 bytes) 
[Executor task launch worker for task 9.0 in stage 2.0 (TID 14)] INFO  org.apache.spark.executor.Executor [] - Running task 9.0 in stage 2.0 (TID 14)
[dispatcher-event-loop-5] INFO  org.apache.spark.scheduler.TaskSetManager [] - Starting task 10.0 in stage 2.0 (TID 15) (192.168.100.172, executor driver, partition 15, ANY, 9529 bytes) 
[task-result-getter-2] INFO  org.apache.spark.scheduler.TaskSetManager [] - Finished task 5.0 in stage 2.0 (TID 10) in 105 ms on 192.168.100.172 (executor driver) (2/12)
[Executor task launch worker for task 10.0 in stage 2.0 (TID 15)] INFO  org.apache.spark.executor.Executor [] - Running task 10.0 in stage 2.0 (TID 15)
[task-result-getter-3] INFO  org.apache.spark.scheduler.TaskSetManager [] - Finished task 2.0 in stage 2.0 (TID 7) in 109 ms on 192.168.100.172 (executor driver) (3/12)
[Executor task launch worker for task 6.0 in stage 2.0 (TID 11)] INFO  org.apache.spark.executor.Executor [] - Finished task 6.0 in stage 2.0 (TID 11). 1508 bytes result sent to driver
[Executor task launch worker for task 4.0 in stage 2.0 (TID 9)] INFO  org.apache.spark.executor.Executor [] - Finished task 4.0 in stage 2.0 (TID 9). 1609 bytes result sent to driver
[Executor task launch worker for task 3.0 in stage 2.0 (TID 8)] INFO  org.apache.spark.executor.Executor [] - Finished task 3.0 in stage 2.0 (TID 8). 1566 bytes result sent to driver
[Executor task launch worker for task 1.0 in stage 2.0 (TID 6)] INFO  org.apache.spark.executor.Executor [] - Finished task 1.0 in stage 2.0 (TID 6). 1566 bytes result sent to driver
[Executor task launch worker for task 0.0 in stage 2.0 (TID 5)] INFO  org.apache.spark.executor.Executor [] - Finished task 0.0 in stage 2.0 (TID 5). 1566 bytes result sent to driver
[dispatcher-event-loop-5] INFO  org.apache.spark.scheduler.TaskSetManager [] - Starting task 11.0 in stage 2.0 (TID 16) (192.168.100.172, executor driver, partition 16, ANY, 9529 bytes) 
[Executor task launch worker for task 11.0 in stage 2.0 (TID 16)] INFO  org.apache.spark.executor.Executor [] - Running task 11.0 in stage 2.0 (TID 16)
[task-result-getter-2] INFO  org.apache.spark.scheduler.TaskSetManager [] - Finished task 3.0 in stage 2.0 (TID 8) in 122 ms on 192.168.100.172 (executor driver) (4/12)
[task-result-getter-2] INFO  org.apache.spark.scheduler.TaskSetManager [] - Finished task 0.0 in stage 2.0 (TID 5) in 124 ms on 192.168.100.172 (executor driver) (5/12)
[task-result-getter-3] INFO  org.apache.spark.scheduler.TaskSetManager [] - Finished task 1.0 in stage 2.0 (TID 6) in 124 ms on 192.168.100.172 (executor driver) (6/12)
[task-result-getter-1] INFO  org.apache.spark.scheduler.TaskSetManager [] - Finished task 4.0 in stage 2.0 (TID 9) in 125 ms on 192.168.100.172 (executor driver) (7/12)
[task-result-getter-0] INFO  org.apache.spark.scheduler.TaskSetManager [] - Finished task 6.0 in stage 2.0 (TID 11) in 125 ms on 192.168.100.172 (executor driver) (8/12)
[Executor task launch worker for task 8.0 in stage 2.0 (TID 13)] INFO  org.apache.spark.executor.Executor [] - Finished task 8.0 in stage 2.0 (TID 13). 1566 bytes result sent to driver
[task-result-getter-2] INFO  org.apache.spark.scheduler.TaskSetManager [] - Finished task 8.0 in stage 2.0 (TID 13) in 77 ms on 192.168.100.172 (executor driver) (9/12)
[Executor task launch worker for task 9.0 in stage 2.0 (TID 14)] INFO  org.apache.spark.executor.Executor [] - Finished task 9.0 in stage 2.0 (TID 14). 1609 bytes result sent to driver
[task-result-getter-3] INFO  org.apache.spark.scheduler.TaskSetManager [] - Finished task 9.0 in stage 2.0 (TID 14) in 55 ms on 192.168.100.172 (executor driver) (10/12)
[Executor task launch worker for task 10.0 in stage 2.0 (TID 15)] INFO  org.apache.spark.executor.Executor [] - Finished task 10.0 in stage 2.0 (TID 15). 1508 bytes result sent to driver
[task-result-getter-1] INFO  org.apache.spark.scheduler.TaskSetManager [] - Finished task 10.0 in stage 2.0 (TID 15) in 62 ms on 192.168.100.172 (executor driver) (11/12)
[Executor task launch worker for task 11.0 in stage 2.0 (TID 16)] INFO  org.apache.spark.executor.Executor [] - Finished task 11.0 in stage 2.0 (TID 16). 1566 bytes result sent to driver
[task-result-getter-0] INFO  org.apache.spark.scheduler.TaskSetManager [] - Finished task 11.0 in stage 2.0 (TID 16) in 54 ms on 192.168.100.172 (executor driver) (12/12)
[task-result-getter-0] INFO  org.apache.spark.scheduler.TaskSchedulerImpl [] - Removed TaskSet 2.0, whose tasks have all completed, from pool 
[dag-scheduler-event-loop] INFO  org.apache.spark.scheduler.DAGScheduler [] - ResultStage 2 (show at DebugAction.java:23) finished in 0.179 s
[dag-scheduler-event-loop] INFO  org.apache.spark.scheduler.DAGScheduler [] - Job 2 is finished. Cancelling potential speculative or zombie tasks for this job
[dag-scheduler-event-loop] INFO  org.apache.spark.scheduler.TaskSchedulerImpl [] - Killing all running tasks in stage 2: Stage finished
[main] INFO  org.apache.spark.scheduler.DAGScheduler [] - Job 2 finished: show at DebugAction.java:23, took 0.182201 s
[main] INFO  org.apache.spark.sql.catalyst.expressions.codegen.CodeGenerator [] - Code generated in 7.741242 ms
[main] INFO  etl.model.transform.task.DebugAction [] - 
+------------------------------------+
|content_uuid                        |
+------------------------------------+
|181a86e1-2afc-454c-9fd6-56aa57bdf20f|
|75e4e12d-36f5-40ee-a716-d4bdb8d8a505|
|40fb1b73-2f1f-4ed2-8b2d-2cd2d042205d|
|b949beba-b5bc-4c14-91fc-fac0a31c94e8|
|17d7f8d8-e881-4584-9e7b-87194b8e4247|
|fb47e609-1160-499d-bd9e-2f0eaa6f7675|
|2c600b8d-12da-40e4-b5d6-561c9b6d46f5|
|4260efa5-88f0-41d6-9c9e-58723f48e482|
|a03e7225-a4a7-4b21-b573-69ffd4c03fdb|
|97873203-6f04-43dd-85a2-aebaa9b8e243|
|ee1e3a51-9f05-4352-99dd-20855b45b376|
|c836f409-45bd-444f-9f4b-1332fb20647f|
|98ecb489-03eb-4266-851d-0aa2b284dc59|
|a0136674-6158-4173-b306-ec8ef251a5ee|
|769a1def-2b85-4dac-bd16-e7e885d32719|
|71e82896-8d14-45c6-9127-17615a85c146|
|ebbff1a0-55fb-4500-9f27-d038ca476af2|
|fdcabf7a-5deb-413b-bd85-6ab0dc57a0b7|
+------------------------------------+


[main] INFO  etl.model.load.Load [] - Loading data
[main] WARN  com.datastax.spark.connector.util.DeprecatedConfigParameter [] - spark.cassandra.connection.local_dc is deprecated (DSE 6.0.0) and has been automatically replaced with parameter spark.cassandra.connection.localDC. 
[main] WARN  com.datastax.spark.connector.util.DeprecatedConfigParameter [] - spark.cassandra.read.timeout_ms is deprecated (DSE 6.0.0) and has been automatically replaced with parameter spark.cassandra.read.timeoutMS. 
[main] WARN  com.datastax.spark.connector.util.DeprecatedConfigParameter [] - spark.cassandra.connection.timeout_ms is deprecated (DSE 6.0.0) and has been automatically replaced with parameter spark.cassandra.connection.timeoutMS. 
[main] INFO  org.apache.spark.sql.execution.datasources.v2.V2ScanRelationPushDown [] - 
Pushing operators to content
Pushed Filters: 
Post-Scan Filters: isnotnull(content_specific_data#4),atleastnnonnulls(1, content_uuid#0, new_state#1, comments#2, content_priority#3, content_specific_data#4, content_type#5, created_date#6L, created_user_id#7, created_user_name#8, digital_content_list#9, expired_date#10L, is_deleted#11, published_by#12, published_date#13, state#14, state_change_note#15, time#16L, title#17, updated_date#18L, updated_user_id#19, updated_user_name#20, user_display_name#21),(instr(content_specific_data#4, usedFor) > 0)
         
[main] INFO  org.apache.spark.sql.execution.datasources.v2.V2ScanRelationPushDown [] - 
Output: content_uuid#0, new_state#1, comments#2, content_priority#3, content_specific_data#4, content_type#5, created_date#6L, created_user_id#7, created_user_name#8, digital_content_list#9, expired_date#10L, is_deleted#11, published_by#12, published_date#13, state#14, state_change_note#15, time#16L, title#17, updated_date#18L, updated_user_id#19, updated_user_name#20, user_display_name#21
         
[main] INFO  etl.provider.impl.YamlProvider [] - Updating job aiPromptQuoteInfoClearAiFields status FAILED
[main] INFO  etl.provider.impl.YamlProvider [] - Updated job aiPromptQuoteInfoClearAiFields status FAILED
[shutdown-hook-0] INFO  org.apache.spark.SparkContext [] - Invoking stop() from shutdown hook
[shutdown-hook-0] INFO  org.apache.spark.SparkContext [] - SparkContext is stopping with exitCode 0.
[shutdown-hook-0] INFO  org.sparkproject.jetty.server.AbstractConnector [] - Stopped Spark@267dc982{HTTP/1.1, (http/1.1)}{0.0.0.0:4040}
[Serial shutdown hooks thread] INFO  com.datastax.spark.connector.cql.CassandraConnector [] - Disconnected from Cassandra cluster.
[Serial shutdown hooks thread] INFO  com.datastax.spark.connector.util.SerialShutdownHooks [] - Successfully executed shutdown hook: Clearing session cache for C* connector
[shutdown-hook-0] INFO  org.apache.spark.ui.SparkUI [] - Stopped Spark web UI at http://192.168.100.172:4040
[dispatcher-event-loop-3] INFO  org.apache.spark.MapOutputTrackerMasterEndpoint [] - MapOutputTrackerMasterEndpoint stopped!
[shutdown-hook-0] INFO  org.apache.spark.storage.memory.MemoryStore [] - MemoryStore cleared
[shutdown-hook-0] INFO  org.apache.spark.storage.BlockManager [] - BlockManager stopped
[shutdown-hook-0] INFO  org.apache.spark.storage.BlockManagerMaster [] - BlockManagerMaster stopped
[dispatcher-event-loop-2] INFO  org.apache.spark.scheduler.OutputCommitCoordinator$OutputCommitCoordinatorEndpoint [] - OutputCommitCoordinator stopped!
[shutdown-hook-0] INFO  org.apache.spark.SparkContext [] - Successfully stopped SparkContext
[shutdown-hook-0] INFO  org.apache.spark.util.ShutdownHookManager [] - Shutdown hook called
[shutdown-hook-0] INFO  org.apache.spark.util.ShutdownHookManager [] - Deleting directory /tmp/spark-7a3b2b03-42b5-4f15-9bc9-9a6a38282ada
[main] INFO  Main [] - Remote spark cluster not found!!! Using standalone
[main] WARN  org.apache.spark.util.Utils [] - Your hostname, Subrat-Devnath resolves to a loopback address: 127.0.1.1; using 192.168.1.41 instead (on interface wlp0s20f3)
[main] WARN  org.apache.spark.util.Utils [] - Set SPARK_LOCAL_IP if you need to bind to another address
[main] INFO  org.apache.spark.SparkContext [] - Running Spark version 3.5.0
[main] INFO  org.apache.spark.SparkContext [] - OS info Linux, 6.8.0-138-generic, amd64
[main] INFO  org.apache.spark.SparkContext [] - Java version 11.0.32
[main] WARN  org.apache.hadoop.util.NativeCodeLoader [] - Unable to load native-hadoop library for your platform... using builtin-java classes where applicable
[main] INFO  org.apache.spark.resource.ResourceUtils [] - ==============================================================
[main] INFO  org.apache.spark.resource.ResourceUtils [] - No custom resources configured for spark.driver.
[main] INFO  org.apache.spark.resource.ResourceUtils [] - ==============================================================
[main] INFO  org.apache.spark.SparkContext [] - Submitted application: 004bb2cc-932d-4740-a78e-23fcedaeff81
[main] INFO  org.apache.spark.resource.ResourceProfile [] - Default ResourceProfile created, executor resources: Map(cores -> name: cores, amount: 1, script: , vendor: , memory -> name: memory, amount: 1024, script: , vendor: , offHeap -> name: offHeap, amount: 0, script: , vendor: ), task resources: Map(cpus -> name: cpus, amount: 1.0)
[main] INFO  org.apache.spark.resource.ResourceProfile [] - Limiting resource is cpu
[main] INFO  org.apache.spark.resource.ResourceProfileManager [] - Added ResourceProfile id: 0
[main] INFO  org.apache.spark.SecurityManager [] - Changing view acls to: subratd
[main] INFO  org.apache.spark.SecurityManager [] - Changing modify acls to: subratd
[main] INFO  org.apache.spark.SecurityManager [] - Changing view acls groups to: 
[main] INFO  org.apache.spark.SecurityManager [] - Changing modify acls groups to: 
[main] INFO  org.apache.spark.SecurityManager [] - SecurityManager: authentication disabled; ui acls disabled; users with view permissions: subratd; groups with view permissions: EMPTY; users with modify permissions: subratd; groups with modify permissions: EMPTY
[main] INFO  org.apache.spark.util.Utils [] - Successfully started service 'sparkDriver' on port 37847.
[main] INFO  org.apache.spark.SparkEnv [] - Registering MapOutputTracker
[main] INFO  org.apache.spark.SparkEnv [] - Registering BlockManagerMaster
[main] INFO  org.apache.spark.storage.BlockManagerMasterEndpoint [] - Using org.apache.spark.storage.DefaultTopologyMapper for getting topology information
[main] INFO  org.apache.spark.storage.BlockManagerMasterEndpoint [] - BlockManagerMasterEndpoint up
[main] INFO  org.apache.spark.SparkEnv [] - Registering BlockManagerMasterHeartbeat
[main] INFO  org.apache.spark.storage.DiskBlockManager [] - Created local directory at /tmp/blockmgr-76521eac-04bf-4a70-94b8-8f2e6b359b8b
[main] INFO  org.apache.spark.storage.memory.MemoryStore [] - MemoryStore started with capacity 2.1 GiB
[main] INFO  org.apache.spark.SparkEnv [] - Registering OutputCommitCoordinator
[main] INFO  org.sparkproject.jetty.util.log [] - Logging initialized @4796ms to org.sparkproject.jetty.util.log.Slf4jLog
[main] INFO  org.apache.spark.ui.JettyUtils [] - Start Jetty 0.0.0.0:4040 for SparkUI
[main] INFO  org.sparkproject.jetty.server.Server [] - jetty-9.4.52.v20230823; built: 2023-08-23T19:29:37.669Z; git: abdcda73818a1a2c705da276edb0bf6581e7997e; jvm 11.0.32+9-post-1ubuntu1-22.04-Ubuntu
[main] INFO  org.sparkproject.jetty.server.Server [] - Started @4964ms
[main] INFO  org.sparkproject.jetty.server.AbstractConnector [] - Started ServerConnector@7b66322e{HTTP/1.1, (http/1.1)}{0.0.0.0:4040}
[main] INFO  org.apache.spark.util.Utils [] - Successfully started service 'SparkUI' on port 4040.
[main] INFO  org.sparkproject.jetty.server.handler.ContextHandler [] - Started o.s.j.s.ServletContextHandler@490c7a83{/,null,AVAILABLE,@Spark}
[main] INFO  org.apache.spark.executor.Executor [] - Starting executor ID driver on host 192.168.1.41
[main] INFO  org.apache.spark.executor.Executor [] - OS info Linux, 6.8.0-138-generic, amd64
[main] INFO  org.apache.spark.executor.Executor [] - Java version 11.0.32
[main] INFO  org.apache.spark.executor.Executor [] - Starting executor with user classpath (userClassPathFirst = false): ''
[main] INFO  org.apache.spark.executor.Executor [] - Created or updated repl class loader org.apache.spark.util.MutableURLClassLoader@64f981e2 for default.
[main] INFO  org.apache.spark.util.Utils [] - Successfully started service 'org.apache.spark.network.netty.NettyBlockTransferService' on port 35411.
[main] INFO  org.apache.spark.network.netty.NettyBlockTransferService [] - Server created on 192.168.1.41:35411
[main] INFO  org.apache.spark.storage.BlockManager [] - Using org.apache.spark.storage.RandomBlockReplicationPolicy for block replication policy
[main] INFO  org.apache.spark.storage.BlockManagerMaster [] - Registering BlockManager BlockManagerId(driver, 192.168.1.41, 35411, None)
[dispatcher-BlockManagerMaster] INFO  org.apache.spark.storage.BlockManagerMasterEndpoint [] - Registering block manager 192.168.1.41:35411 with 2.1 GiB RAM, BlockManagerId(driver, 192.168.1.41, 35411, None)
[main] INFO  org.apache.spark.storage.BlockManagerMaster [] - Registered BlockManager BlockManagerId(driver, 192.168.1.41, 35411, None)
[main] INFO  org.apache.spark.storage.BlockManager [] - Initialized BlockManager: BlockManagerId(driver, 192.168.1.41, 35411, None)
[main] INFO  org.sparkproject.jetty.server.handler.ContextHandler [] - Stopped o.s.j.s.ServletContextHandler@490c7a83{/,null,STOPPED,@Spark}
[main] INFO  org.sparkproject.jetty.server.handler.ContextHandler [] - Started o.s.j.s.ServletContextHandler@9dada78{/jobs,null,AVAILABLE,@Spark}
[main] INFO  org.sparkproject.jetty.server.handler.ContextHandler [] - Started o.s.j.s.ServletContextHandler@2c829dbc{/jobs/json,null,AVAILABLE,@Spark}
[main] INFO  org.sparkproject.jetty.server.handler.ContextHandler [] - Started o.s.j.s.ServletContextHandler@67cffead{/jobs/job,null,AVAILABLE,@Spark}
[main] INFO  org.sparkproject.jetty.server.handler.ContextHandler [] - Started o.s.j.s.ServletContextHandler@1ff15a50{/jobs/job/json,null,AVAILABLE,@Spark}
[main] INFO  org.sparkproject.jetty.server.handler.ContextHandler [] - Started o.s.j.s.ServletContextHandler@39de9bda{/stages,null,AVAILABLE,@Spark}
[main] INFO  org.sparkproject.jetty.server.handler.ContextHandler [] - Started o.s.j.s.ServletContextHandler@52226e57{/stages/json,null,AVAILABLE,@Spark}
[main] INFO  org.sparkproject.jetty.server.handler.ContextHandler [] - Started o.s.j.s.ServletContextHandler@5af64ce0{/stages/stage,null,AVAILABLE,@Spark}
[main] INFO  org.sparkproject.jetty.server.handler.ContextHandler [] - Started o.s.j.s.ServletContextHandler@17229821{/stages/stage/json,null,AVAILABLE,@Spark}
[main] INFO  org.sparkproject.jetty.server.handler.ContextHandler [] - Started o.s.j.s.ServletContextHandler@66fb45e5{/stages/pool,null,AVAILABLE,@Spark}
[main] INFO  org.sparkproject.jetty.server.handler.ContextHandler [] - Started o.s.j.s.ServletContextHandler@6f5e16cf{/stages/pool/json,null,AVAILABLE,@Spark}
[main] INFO  org.sparkproject.jetty.server.handler.ContextHandler [] - Started o.s.j.s.ServletContextHandler@49e2b3c5{/storage,null,AVAILABLE,@Spark}
[main] INFO  org.sparkproject.jetty.server.handler.ContextHandler [] - Started o.s.j.s.ServletContextHandler@49f3ff41{/storage/json,null,AVAILABLE,@Spark}
[main] INFO  org.sparkproject.jetty.server.handler.ContextHandler [] - Started o.s.j.s.ServletContextHandler@30db5536{/storage/rdd,null,AVAILABLE,@Spark}
[main] INFO  org.sparkproject.jetty.server.handler.ContextHandler [] - Started o.s.j.s.ServletContextHandler@136ccbfe{/storage/rdd/json,null,AVAILABLE,@Spark}
[main] INFO  org.sparkproject.jetty.server.handler.ContextHandler [] - Started o.s.j.s.ServletContextHandler@484149eb{/environment,null,AVAILABLE,@Spark}
[main] INFO  org.sparkproject.jetty.server.handler.ContextHandler [] - Started o.s.j.s.ServletContextHandler@61874b9d{/environment/json,null,AVAILABLE,@Spark}
[main] INFO  org.sparkproject.jetty.server.handler.ContextHandler [] - Started o.s.j.s.ServletContextHandler@4f2d014a{/executors,null,AVAILABLE,@Spark}
[main] INFO  org.sparkproject.jetty.server.handler.ContextHandler [] - Started o.s.j.s.ServletContextHandler@a7cf42f{/executors/json,null,AVAILABLE,@Spark}
[main] INFO  org.sparkproject.jetty.server.handler.ContextHandler [] - Started o.s.j.s.ServletContextHandler@28e0e464{/executors/threadDump,null,AVAILABLE,@Spark}
[main] INFO  org.sparkproject.jetty.server.handler.ContextHandler [] - Started o.s.j.s.ServletContextHandler@70a898b0{/executors/threadDump/json,null,AVAILABLE,@Spark}
[main] INFO  org.sparkproject.jetty.server.handler.ContextHandler [] - Started o.s.j.s.ServletContextHandler@54336976{/executors/heapHistogram,null,AVAILABLE,@Spark}
[main] INFO  org.sparkproject.jetty.server.handler.ContextHandler [] - Started o.s.j.s.ServletContextHandler@3b7c80c6{/executors/heapHistogram/json,null,AVAILABLE,@Spark}
[main] INFO  org.sparkproject.jetty.server.handler.ContextHandler [] - Started o.s.j.s.ServletContextHandler@7499eac7{/static,null,AVAILABLE,@Spark}
[main] INFO  org.sparkproject.jetty.server.handler.ContextHandler [] - Started o.s.j.s.ServletContextHandler@17043b04{/,null,AVAILABLE,@Spark}
[main] INFO  org.sparkproject.jetty.server.handler.ContextHandler [] - Started o.s.j.s.ServletContextHandler@31f295b6{/api,null,AVAILABLE,@Spark}
[main] INFO  org.sparkproject.jetty.server.handler.ContextHandler [] - Started o.s.j.s.ServletContextHandler@32f5ecc4{/jobs/job/kill,null,AVAILABLE,@Spark}
[main] INFO  org.sparkproject.jetty.server.handler.ContextHandler [] - Started o.s.j.s.ServletContextHandler@1ba467c2{/stages/stage/kill,null,AVAILABLE,@Spark}
[main] INFO  org.sparkproject.jetty.server.handler.ContextHandler [] - Started o.s.j.s.ServletContextHandler@468e8565{/metrics/json,null,AVAILABLE,@Spark}
[main] INFO  org.apache.spark.sql.internal.SharedState [] - Setting hive.metastore.warehouse.dir ('null') to the value of spark.sql.warehouse.dir.
[main] INFO  org.apache.spark.sql.internal.SharedState [] - Warehouse path is 'file:/home/subratd/Documents/etl/spark-warehouse'.
[main] INFO  org.sparkproject.jetty.server.handler.ContextHandler [] - Started o.s.j.s.ServletContextHandler@202898d7{/SQL,null,AVAILABLE,@Spark}
[main] INFO  org.sparkproject.jetty.server.handler.ContextHandler [] - Started o.s.j.s.ServletContextHandler@2c719bd4{/SQL/json,null,AVAILABLE,@Spark}
[main] INFO  org.sparkproject.jetty.server.handler.ContextHandler [] - Started o.s.j.s.ServletContextHandler@6048e26a{/SQL/execution,null,AVAILABLE,@Spark}
[main] INFO  org.sparkproject.jetty.server.handler.ContextHandler [] - Started o.s.j.s.ServletContextHandler@44286963{/SQL/execution/json,null,AVAILABLE,@Spark}
[main] INFO  org.sparkproject.jetty.server.handler.ContextHandler [] - Started o.s.j.s.ServletContextHandler@8f40022{/static/sql,null,AVAILABLE,@Spark}
[main] WARN  org.apache.spark.sql.catalyst.analysis.SimpleFunctionRegistry [] - The function int replaced a previously registered function.
[main] WARN  org.apache.spark.sql.catalyst.analysis.SimpleFunctionRegistry [] - The function boolean replaced a previously registered function.
[main] WARN  org.apache.spark.sql.catalyst.analysis.SimpleFunctionRegistry [] - The function double replaced a previously registered function.
[main] WARN  org.apache.spark.sql.catalyst.analysis.SimpleFunctionRegistry [] - The function binary replaced a previously registered function.
[main] WARN  org.apache.spark.sql.catalyst.analysis.SimpleFunctionRegistry [] - The function date replaced a previously registered function.
[main] WARN  org.apache.spark.sql.catalyst.analysis.SimpleFunctionRegistry [] - The function timestamp replaced a previously registered function.
[main] WARN  org.apache.spark.sql.catalyst.analysis.SimpleFunctionRegistry [] - The function now replaced a previously registered function.
[main] WARN  org.apache.spark.sql.catalyst.analysis.SimpleFunctionRegistry [] - The function uuid replaced a previously registered function.
[main] WARN  org.apache.spark.sql.catalyst.analysis.SimpleFunctionRegistry [] - The function replace replaced a previously registered function.
[main] WARN  org.apache.spark.sql.catalyst.analysis.SimpleFunctionRegistry [] - The function split replaced a previously registered function.
[main] INFO  etl.provider.impl.YamlProvider [] - Loading Job - job.yml
[main] INFO  etl.ETLJob [] - Start processing job aiPromptQuoteInfoClearAiFields
[main] INFO  etl.provider.impl.YamlProvider [] - Updating job aiPromptQuoteInfoClearAiFields status PROCESSING
[main] INFO  etl.provider.impl.YamlProvider [] - Updated job aiPromptQuoteInfoClearAiFields status PROCESSING
[main] INFO  etl.model.extract.Extract [] - Extracting org.apache.spark.sql.cassandra to data
[main] INFO  etl.model.extract.Extract [] - Options {keyspace=subrat_main, table=content}
[main] WARN  com.datastax.spark.connector.util.DeprecatedConfigParameter [] - spark.cassandra.connection.timeout_ms is deprecated (DSE 6.0.0) and has been automatically replaced with parameter spark.cassandra.connection.timeoutMS. 
[main] WARN  com.datastax.spark.connector.util.DeprecatedConfigParameter [] - spark.cassandra.connection.local_dc is deprecated (DSE 6.0.0) and has been automatically replaced with parameter spark.cassandra.connection.localDC. 
[main] WARN  com.datastax.spark.connector.util.DeprecatedConfigParameter [] - spark.cassandra.read.timeout_ms is deprecated (DSE 6.0.0) and has been automatically replaced with parameter spark.cassandra.read.timeoutMS. 
[main] ERROR com.datastax.spark.connector.cql.CassandraConnectorConf [] - Unknown host 'devcass5.yagnaiq.in'
java.net.UnknownHostException: devcass5.yagnaiq.in: Name or service not known
	at java.net.Inet6AddressImpl.lookupAllHostAddr(Native Method) ~[?:?]
	at java.net.InetAddress$PlatformNameService.lookupAllHostAddr(InetAddress.java:930) ~[?:?]
	at java.net.InetAddress.getAddressesFromNameService(InetAddress.java:1543) ~[?:?]
	at java.net.InetAddress$NameServiceAddresses.get(InetAddress.java:848) ~[?:?]
	at java.net.InetAddress.getAllByName0(InetAddress.java:1533) ~[?:?]
	at java.net.InetAddress.getAllByName(InetAddress.java:1386) ~[?:?]
	at java.net.InetAddress.getAllByName(InetAddress.java:1307) ~[?:?]
	at java.net.InetAddress.getByName(InetAddress.java:1257) ~[?:?]
	at com.datastax.spark.connector.cql.CassandraConnectorConf$.maybeResolveHostAndPort(CassandraConnectorConf.scala:346) ~[spark-cassandra-connector_2.12-3.5.0.jar:3.5.0]
	at com.datastax.spark.connector.cql.CassandraConnectorConf$.$anonfun$getIpBasedContactInfoFromSparkConf$1(CassandraConnectorConf.scala:379) ~[spark-cassandra-connector_2.12-3.5.0.jar:3.5.0]
	at scala.collection.TraversableLike.$anonfun$flatMap$1(TraversableLike.scala:293) ~[scala-library-2.12.18.jar:?]
	at scala.collection.immutable.Set$Set1.foreach(Set.scala:141) ~[scala-library-2.12.18.jar:?]
	at scala.collection.TraversableLike.flatMap(TraversableLike.scala:293) ~[scala-library-2.12.18.jar:?]
	at scala.collection.TraversableLike.flatMap$(TraversableLike.scala:290) ~[scala-library-2.12.18.jar:?]
	at scala.collection.AbstractTraversable.flatMap(Traversable.scala:108) ~[scala-library-2.12.18.jar:?]
	at com.datastax.spark.connector.cql.CassandraConnectorConf$.getIpBasedContactInfoFromSparkConf(CassandraConnectorConf.scala:378) ~[spark-cassandra-connector_2.12-3.5.0.jar:3.5.0]
	at com.datastax.spark.connector.cql.CassandraConnectorConf$.getContactInfoFromSparkConf(CassandraConnectorConf.scala:368) ~[spark-cassandra-connector_2.12-3.5.0.jar:3.5.0]
	at com.datastax.spark.connector.cql.CassandraConnectorConf$.fromSparkConf(CassandraConnectorConf.scala:433) ~[spark-cassandra-connector_2.12-3.5.0.jar:3.5.0]
	at com.datastax.spark.connector.cql.CassandraConnectorConf$.apply(CassandraConnectorConf.scala:358) ~[spark-cassandra-connector_2.12-3.5.0.jar:3.5.0]
	at com.datastax.spark.connector.cql.CassandraConnector$.apply(CassandraConnector.scala:225) ~[spark-cassandra-connector_2.12-3.5.0.jar:3.5.0]
	at org.apache.spark.sql.cassandra.DefaultSource.getTable(DefaultSource.scala:61) ~[spark-cassandra-connector_2.12-3.5.0.jar:3.5.0]
	at org.apache.spark.sql.cassandra.DefaultSource.inferSchema(DefaultSource.scala:67) ~[spark-cassandra-connector_2.12-3.5.0.jar:3.5.0]
	at org.apache.spark.sql.execution.datasources.v2.DataSourceV2Utils$.getTableFromProvider(DataSourceV2Utils.scala:90) ~[spark-sql_2.12-3.5.0.jar:3.5.0]
	at org.apache.spark.sql.execution.datasources.v2.DataSourceV2Utils$.loadV2Source(DataSourceV2Utils.scala:140) ~[spark-sql_2.12-3.5.0.jar:3.5.0]
	at org.apache.spark.sql.DataFrameReader.$anonfun$load$1(DataFrameReader.scala:210) ~[spark-sql_2.12-3.5.0.jar:3.5.0]
	at scala.Option.flatMap(Option.scala:271) ~[scala-library-2.12.18.jar:?]
	at org.apache.spark.sql.DataFrameReader.load(DataFrameReader.scala:208) ~[spark-sql_2.12-3.5.0.jar:3.5.0]
	at org.apache.spark.sql.DataFrameReader.load(DataFrameReader.scala:172) ~[spark-sql_2.12-3.5.0.jar:3.5.0]
	at etl.model.extract.Extract.execute(Extract.java:84) ~[classes/:?]
	at etl.ETLJob.lambda$extract$0(ETLJob.java:74) ~[classes/:?]
	at java.util.ArrayList.forEach(ArrayList.java:1541) [?:?]
	at etl.ETLJob.extract(ETLJob.java:74) [classes/:?]
	at etl.ETLJob.processJob(ETLJob.java:47) [classes/:?]
	at etl.ETLJob.run(ETLJob.java:33) [classes/:?]
	at jdk.internal.reflect.NativeMethodAccessorImpl.invoke0(Native Method) ~[?:?]
	at jdk.internal.reflect.NativeMethodAccessorImpl.invoke(NativeMethodAccessorImpl.java:62) ~[?:?]
	at jdk.internal.reflect.DelegatingMethodAccessorImpl.invoke(DelegatingMethodAccessorImpl.java:43) ~[?:?]
	at java.lang.reflect.Method.invoke(Method.java:566) ~[?:?]
	at Main.executeJob(Main.java:76) [classes/:?]
	at Main.main(Main.java:28) [classes/:?]
[main] INFO  com.datastax.oss.driver.internal.core.DefaultMavenCoordinates [] - DataStax Java driver for Apache Cassandra(R) (com.datastax.oss:java-driver-core-shaded) version 4.13.0
[s0-admin-0] INFO  com.datastax.oss.driver.internal.core.time.Clock [] - Using native clock for microsecond precision
[s0-admin-0] INFO  com.datastax.oss.driver.internal.core.metadata.MetadataManager [] - [s0] No contact points provided, defaulting to /127.0.0.1:9042
[s0-admin-1] WARN  com.datastax.oss.driver.internal.core.control.ControlConnection [] - [s0] Error connecting to Node(endPoint=/127.0.0.1:9042, hostId=null, hashCode=1cb34c83), trying next node (ConnectionInitException: [s0|control|connecting...] Protocol initialization request, step 1 (OPTIONS): failed to send request (com.datastax.oss.driver.shaded.netty.channel.StacklessClosedChannelException))
[main] INFO  etl.provider.impl.YamlProvider [] - Updating job aiPromptQuoteInfoClearAiFields status FAILED
[main] INFO  etl.provider.impl.YamlProvider [] - Updated job aiPromptQuoteInfoClearAiFields status FAILED
[Serial shutdown hooks thread] INFO  com.datastax.spark.connector.util.SerialShutdownHooks [] - Successfully executed shutdown hook: Clearing session cache for C* connector
[shutdown-hook-0] INFO  org.apache.spark.SparkContext [] - Invoking stop() from shutdown hook
[shutdown-hook-0] INFO  org.apache.spark.SparkContext [] - SparkContext is stopping with exitCode 0.
[shutdown-hook-0] INFO  org.sparkproject.jetty.server.AbstractConnector [] - Stopped Spark@7b66322e{HTTP/1.1, (http/1.1)}{0.0.0.0:4040}
[shutdown-hook-0] INFO  org.apache.spark.ui.SparkUI [] - Stopped Spark web UI at http://192.168.1.41:4040
[dispatcher-event-loop-0] INFO  org.apache.spark.MapOutputTrackerMasterEndpoint [] - MapOutputTrackerMasterEndpoint stopped!
[shutdown-hook-0] INFO  org.apache.spark.storage.memory.MemoryStore [] - MemoryStore cleared
[shutdown-hook-0] INFO  org.apache.spark.storage.BlockManager [] - BlockManager stopped
[shutdown-hook-0] INFO  org.apache.spark.storage.BlockManagerMaster [] - BlockManagerMaster stopped
[dispatcher-event-loop-4] INFO  org.apache.spark.scheduler.OutputCommitCoordinator$OutputCommitCoordinatorEndpoint [] - OutputCommitCoordinator stopped!
[shutdown-hook-0] INFO  org.apache.spark.SparkContext [] - Successfully stopped SparkContext
[shutdown-hook-0] INFO  org.apache.spark.util.ShutdownHookManager [] - Shutdown hook called
[shutdown-hook-0] INFO  org.apache.spark.util.ShutdownHookManager [] - Deleting directory /tmp/spark-d9a004c4-f51e-4b87-be62-7db7e48f09dc
[main] INFO  Main [] - Remote spark cluster not found!!! Using standalone
[main] WARN  org.apache.spark.util.Utils [] - Your hostname, Subrat-Devnath resolves to a loopback address: 127.0.1.1; using 192.168.1.41 instead (on interface wlp0s20f3)
[main] WARN  org.apache.spark.util.Utils [] - Set SPARK_LOCAL_IP if you need to bind to another address
[main] INFO  org.apache.spark.SparkContext [] - Running Spark version 3.5.0
[main] INFO  org.apache.spark.SparkContext [] - OS info Linux, 6.8.0-138-generic, amd64
[main] INFO  org.apache.spark.SparkContext [] - Java version 11.0.32
[main] WARN  org.apache.hadoop.util.NativeCodeLoader [] - Unable to load native-hadoop library for your platform... using builtin-java classes where applicable
[main] INFO  org.apache.spark.resource.ResourceUtils [] - ==============================================================
[main] INFO  org.apache.spark.resource.ResourceUtils [] - No custom resources configured for spark.driver.
[main] INFO  org.apache.spark.resource.ResourceUtils [] - ==============================================================
[main] INFO  org.apache.spark.SparkContext [] - Submitted application: 2fce4907-b6ad-44eb-8bce-ca442361357d
[main] INFO  org.apache.spark.resource.ResourceProfile [] - Default ResourceProfile created, executor resources: Map(cores -> name: cores, amount: 1, script: , vendor: , memory -> name: memory, amount: 1024, script: , vendor: , offHeap -> name: offHeap, amount: 0, script: , vendor: ), task resources: Map(cpus -> name: cpus, amount: 1.0)
[main] INFO  org.apache.spark.resource.ResourceProfile [] - Limiting resource is cpu
[main] INFO  org.apache.spark.resource.ResourceProfileManager [] - Added ResourceProfile id: 0
[main] INFO  org.apache.spark.SecurityManager [] - Changing view acls to: subratd
[main] INFO  org.apache.spark.SecurityManager [] - Changing modify acls to: subratd
[main] INFO  org.apache.spark.SecurityManager [] - Changing view acls groups to: 
[main] INFO  org.apache.spark.SecurityManager [] - Changing modify acls groups to: 
[main] INFO  org.apache.spark.SecurityManager [] - SecurityManager: authentication disabled; ui acls disabled; users with view permissions: subratd; groups with view permissions: EMPTY; users with modify permissions: subratd; groups with modify permissions: EMPTY
[main] INFO  org.apache.spark.util.Utils [] - Successfully started service 'sparkDriver' on port 34525.
[main] INFO  org.apache.spark.SparkEnv [] - Registering MapOutputTracker
[main] INFO  org.apache.spark.SparkEnv [] - Registering BlockManagerMaster
[main] INFO  org.apache.spark.storage.BlockManagerMasterEndpoint [] - Using org.apache.spark.storage.DefaultTopologyMapper for getting topology information
[main] INFO  org.apache.spark.storage.BlockManagerMasterEndpoint [] - BlockManagerMasterEndpoint up
[main] INFO  org.apache.spark.SparkEnv [] - Registering BlockManagerMasterHeartbeat
[main] INFO  org.apache.spark.storage.DiskBlockManager [] - Created local directory at /tmp/blockmgr-d811c470-983f-4abb-b809-02ee1ad86ff6
[main] INFO  org.apache.spark.storage.memory.MemoryStore [] - MemoryStore started with capacity 2.1 GiB
[main] INFO  org.apache.spark.SparkEnv [] - Registering OutputCommitCoordinator
[main] INFO  org.sparkproject.jetty.util.log [] - Logging initialized @3587ms to org.sparkproject.jetty.util.log.Slf4jLog
[main] INFO  org.apache.spark.ui.JettyUtils [] - Start Jetty 0.0.0.0:4040 for SparkUI
[main] INFO  org.sparkproject.jetty.server.Server [] - jetty-9.4.52.v20230823; built: 2023-08-23T19:29:37.669Z; git: abdcda73818a1a2c705da276edb0bf6581e7997e; jvm 11.0.32+9-post-1ubuntu1-22.04-Ubuntu
[main] INFO  org.sparkproject.jetty.server.Server [] - Started @3778ms
[main] INFO  org.sparkproject.jetty.server.AbstractConnector [] - Started ServerConnector@5dc59b09{HTTP/1.1, (http/1.1)}{0.0.0.0:4040}
[main] INFO  org.apache.spark.util.Utils [] - Successfully started service 'SparkUI' on port 4040.
[main] INFO  org.sparkproject.jetty.server.handler.ContextHandler [] - Started o.s.j.s.ServletContextHandler@39e69ea7{/,null,AVAILABLE,@Spark}
[main] INFO  org.apache.spark.executor.Executor [] - Starting executor ID driver on host 192.168.1.41
[main] INFO  org.apache.spark.executor.Executor [] - OS info Linux, 6.8.0-138-generic, amd64
[main] INFO  org.apache.spark.executor.Executor [] - Java version 11.0.32
[main] INFO  org.apache.spark.executor.Executor [] - Starting executor with user classpath (userClassPathFirst = false): ''
[main] INFO  org.apache.spark.executor.Executor [] - Created or updated repl class loader org.apache.spark.util.MutableURLClassLoader@46f902e0 for default.
[main] INFO  org.apache.spark.util.Utils [] - Successfully started service 'org.apache.spark.network.netty.NettyBlockTransferService' on port 44271.
[main] INFO  org.apache.spark.network.netty.NettyBlockTransferService [] - Server created on 192.168.1.41:44271
[main] INFO  org.apache.spark.storage.BlockManager [] - Using org.apache.spark.storage.RandomBlockReplicationPolicy for block replication policy
[main] INFO  org.apache.spark.storage.BlockManagerMaster [] - Registering BlockManager BlockManagerId(driver, 192.168.1.41, 44271, None)
[dispatcher-BlockManagerMaster] INFO  org.apache.spark.storage.BlockManagerMasterEndpoint [] - Registering block manager 192.168.1.41:44271 with 2.1 GiB RAM, BlockManagerId(driver, 192.168.1.41, 44271, None)
[main] INFO  org.apache.spark.storage.BlockManagerMaster [] - Registered BlockManager BlockManagerId(driver, 192.168.1.41, 44271, None)
[main] INFO  org.apache.spark.storage.BlockManager [] - Initialized BlockManager: BlockManagerId(driver, 192.168.1.41, 44271, None)
[main] INFO  org.sparkproject.jetty.server.handler.ContextHandler [] - Stopped o.s.j.s.ServletContextHandler@39e69ea7{/,null,STOPPED,@Spark}
[main] INFO  org.sparkproject.jetty.server.handler.ContextHandler [] - Started o.s.j.s.ServletContextHandler@4f169009{/jobs,null,AVAILABLE,@Spark}
[main] INFO  org.sparkproject.jetty.server.handler.ContextHandler [] - Started o.s.j.s.ServletContextHandler@4207852d{/jobs/json,null,AVAILABLE,@Spark}
[main] INFO  org.sparkproject.jetty.server.handler.ContextHandler [] - Started o.s.j.s.ServletContextHandler@4e3e11b9{/jobs/job,null,AVAILABLE,@Spark}
[main] INFO  org.sparkproject.jetty.server.handler.ContextHandler [] - Started o.s.j.s.ServletContextHandler@214beff9{/jobs/job/json,null,AVAILABLE,@Spark}
[main] INFO  org.sparkproject.jetty.server.handler.ContextHandler [] - Started o.s.j.s.ServletContextHandler@217c23ce{/stages,null,AVAILABLE,@Spark}
[main] INFO  org.sparkproject.jetty.server.handler.ContextHandler [] - Started o.s.j.s.ServletContextHandler@47148f3f{/stages/json,null,AVAILABLE,@Spark}
[main] INFO  org.sparkproject.jetty.server.handler.ContextHandler [] - Started o.s.j.s.ServletContextHandler@6dee8ae6{/stages/stage,null,AVAILABLE,@Spark}
[main] INFO  org.sparkproject.jetty.server.handler.ContextHandler [] - Started o.s.j.s.ServletContextHandler@7e7e962d{/stages/stage/json,null,AVAILABLE,@Spark}
[main] INFO  org.sparkproject.jetty.server.handler.ContextHandler [] - Started o.s.j.s.ServletContextHandler@e829999{/stages/pool,null,AVAILABLE,@Spark}
[main] INFO  org.sparkproject.jetty.server.handler.ContextHandler [] - Started o.s.j.s.ServletContextHandler@6cbe68e9{/stages/pool/json,null,AVAILABLE,@Spark}
[main] INFO  org.sparkproject.jetty.server.handler.ContextHandler [] - Started o.s.j.s.ServletContextHandler@750a04ec{/storage,null,AVAILABLE,@Spark}
[main] INFO  org.sparkproject.jetty.server.handler.ContextHandler [] - Started o.s.j.s.ServletContextHandler@56846330{/storage/json,null,AVAILABLE,@Spark}
[main] INFO  org.sparkproject.jetty.server.handler.ContextHandler [] - Started o.s.j.s.ServletContextHandler@6cfbbff7{/storage/rdd,null,AVAILABLE,@Spark}
[main] INFO  org.sparkproject.jetty.server.handler.ContextHandler [] - Started o.s.j.s.ServletContextHandler@45b32dfe{/storage/rdd/json,null,AVAILABLE,@Spark}
[main] INFO  org.sparkproject.jetty.server.handler.ContextHandler [] - Started o.s.j.s.ServletContextHandler@22d9ca63{/environment,null,AVAILABLE,@Spark}
[main] INFO  org.sparkproject.jetty.server.handler.ContextHandler [] - Started o.s.j.s.ServletContextHandler@14c141c0{/environment/json,null,AVAILABLE,@Spark}
[main] INFO  org.sparkproject.jetty.server.handler.ContextHandler [] - Started o.s.j.s.ServletContextHandler@d611f1c{/executors,null,AVAILABLE,@Spark}
[main] INFO  org.sparkproject.jetty.server.handler.ContextHandler [] - Started o.s.j.s.ServletContextHandler@51fc862e{/executors/json,null,AVAILABLE,@Spark}
[main] INFO  org.sparkproject.jetty.server.handler.ContextHandler [] - Started o.s.j.s.ServletContextHandler@fe09383{/executors/threadDump,null,AVAILABLE,@Spark}
[main] INFO  org.sparkproject.jetty.server.handler.ContextHandler [] - Started o.s.j.s.ServletContextHandler@1d98daa0{/executors/threadDump/json,null,AVAILABLE,@Spark}
[main] INFO  org.sparkproject.jetty.server.handler.ContextHandler [] - Started o.s.j.s.ServletContextHandler@7bdf61ad{/executors/heapHistogram,null,AVAILABLE,@Spark}
[main] INFO  org.sparkproject.jetty.server.handler.ContextHandler [] - Started o.s.j.s.ServletContextHandler@f25f48a{/executors/heapHistogram/json,null,AVAILABLE,@Spark}
[main] INFO  org.sparkproject.jetty.server.handler.ContextHandler [] - Started o.s.j.s.ServletContextHandler@3b2e5c0d{/static,null,AVAILABLE,@Spark}
[main] INFO  org.sparkproject.jetty.server.handler.ContextHandler [] - Started o.s.j.s.ServletContextHandler@ca8ef3a{/,null,AVAILABLE,@Spark}
[main] INFO  org.sparkproject.jetty.server.handler.ContextHandler [] - Started o.s.j.s.ServletContextHandler@511f5b1d{/api,null,AVAILABLE,@Spark}
[main] INFO  org.sparkproject.jetty.server.handler.ContextHandler [] - Started o.s.j.s.ServletContextHandler@a6e4897{/jobs/job/kill,null,AVAILABLE,@Spark}
[main] INFO  org.sparkproject.jetty.server.handler.ContextHandler [] - Started o.s.j.s.ServletContextHandler@19bedeb8{/stages/stage/kill,null,AVAILABLE,@Spark}
[main] INFO  org.sparkproject.jetty.server.handler.ContextHandler [] - Started o.s.j.s.ServletContextHandler@4cc7d00d{/metrics/json,null,AVAILABLE,@Spark}
[main] INFO  org.apache.spark.sql.internal.SharedState [] - Setting hive.metastore.warehouse.dir ('null') to the value of spark.sql.warehouse.dir.
[main] INFO  org.apache.spark.sql.internal.SharedState [] - Warehouse path is 'file:/home/subratd/Documents/etl/spark-warehouse'.
[main] INFO  org.sparkproject.jetty.server.handler.ContextHandler [] - Started o.s.j.s.ServletContextHandler@62b3a2f6{/SQL,null,AVAILABLE,@Spark}
[main] INFO  org.sparkproject.jetty.server.handler.ContextHandler [] - Started o.s.j.s.ServletContextHandler@317890ea{/SQL/json,null,AVAILABLE,@Spark}
[main] INFO  org.sparkproject.jetty.server.handler.ContextHandler [] - Started o.s.j.s.ServletContextHandler@62a54948{/SQL/execution,null,AVAILABLE,@Spark}
[main] INFO  org.sparkproject.jetty.server.handler.ContextHandler [] - Started o.s.j.s.ServletContextHandler@50b93353{/SQL/execution/json,null,AVAILABLE,@Spark}
[main] INFO  org.sparkproject.jetty.server.handler.ContextHandler [] - Started o.s.j.s.ServletContextHandler@75d366c2{/static/sql,null,AVAILABLE,@Spark}
[main] WARN  org.apache.spark.sql.catalyst.analysis.SimpleFunctionRegistry [] - The function int replaced a previously registered function.
[main] WARN  org.apache.spark.sql.catalyst.analysis.SimpleFunctionRegistry [] - The function boolean replaced a previously registered function.
[main] WARN  org.apache.spark.sql.catalyst.analysis.SimpleFunctionRegistry [] - The function double replaced a previously registered function.
[main] WARN  org.apache.spark.sql.catalyst.analysis.SimpleFunctionRegistry [] - The function binary replaced a previously registered function.
[main] WARN  org.apache.spark.sql.catalyst.analysis.SimpleFunctionRegistry [] - The function date replaced a previously registered function.
[main] WARN  org.apache.spark.sql.catalyst.analysis.SimpleFunctionRegistry [] - The function timestamp replaced a previously registered function.
[main] WARN  org.apache.spark.sql.catalyst.analysis.SimpleFunctionRegistry [] - The function now replaced a previously registered function.
[main] WARN  org.apache.spark.sql.catalyst.analysis.SimpleFunctionRegistry [] - The function uuid replaced a previously registered function.
[main] WARN  org.apache.spark.sql.catalyst.analysis.SimpleFunctionRegistry [] - The function replace replaced a previously registered function.
[main] WARN  org.apache.spark.sql.catalyst.analysis.SimpleFunctionRegistry [] - The function split replaced a previously registered function.
[main] INFO  etl.provider.impl.YamlProvider [] - Loading Job - job.yml
[main] INFO  etl.ETLJob [] - Start processing job aiPromptQuoteInfoClearAiFields
[main] INFO  etl.provider.impl.YamlProvider [] - Updating job aiPromptQuoteInfoClearAiFields status PROCESSING
[main] INFO  etl.provider.impl.YamlProvider [] - Updated job aiPromptQuoteInfoClearAiFields status PROCESSING
[main] INFO  etl.model.extract.Extract [] - Extracting org.apache.spark.sql.cassandra to data
[main] INFO  etl.model.extract.Extract [] - Options {keyspace=subrat_main, table=content}
[main] WARN  com.datastax.spark.connector.util.DeprecatedConfigParameter [] - spark.cassandra.connection.local_dc is deprecated (DSE 6.0.0) and has been automatically replaced with parameter spark.cassandra.connection.localDC. 
[main] WARN  com.datastax.spark.connector.util.DeprecatedConfigParameter [] - spark.cassandra.read.timeout_ms is deprecated (DSE 6.0.0) and has been automatically replaced with parameter spark.cassandra.read.timeoutMS. 
[main] WARN  com.datastax.spark.connector.util.DeprecatedConfigParameter [] - spark.cassandra.connection.timeout_ms is deprecated (DSE 6.0.0) and has been automatically replaced with parameter spark.cassandra.connection.timeoutMS. 
[main] ERROR com.datastax.spark.connector.cql.CassandraConnectorConf [] - Unknown host 'devcass5.yagnaiq.in'
java.net.UnknownHostException: devcass5.yagnaiq.in: Name or service not known
	at java.net.Inet6AddressImpl.lookupAllHostAddr(Native Method) ~[?:?]
	at java.net.InetAddress$PlatformNameService.lookupAllHostAddr(InetAddress.java:930) ~[?:?]
	at java.net.InetAddress.getAddressesFromNameService(InetAddress.java:1543) ~[?:?]
	at java.net.InetAddress$NameServiceAddresses.get(InetAddress.java:848) ~[?:?]
	at java.net.InetAddress.getAllByName0(InetAddress.java:1533) ~[?:?]
	at java.net.InetAddress.getAllByName(InetAddress.java:1386) ~[?:?]
	at java.net.InetAddress.getAllByName(InetAddress.java:1307) ~[?:?]
	at java.net.InetAddress.getByName(InetAddress.java:1257) ~[?:?]
	at com.datastax.spark.connector.cql.CassandraConnectorConf$.maybeResolveHostAndPort(CassandraConnectorConf.scala:346) ~[spark-cassandra-connector_2.12-3.5.0.jar:3.5.0]
	at com.datastax.spark.connector.cql.CassandraConnectorConf$.$anonfun$getIpBasedContactInfoFromSparkConf$1(CassandraConnectorConf.scala:379) ~[spark-cassandra-connector_2.12-3.5.0.jar:3.5.0]
	at scala.collection.TraversableLike.$anonfun$flatMap$1(TraversableLike.scala:293) ~[scala-library-2.12.18.jar:?]
	at scala.collection.immutable.Set$Set1.foreach(Set.scala:141) ~[scala-library-2.12.18.jar:?]
	at scala.collection.TraversableLike.flatMap(TraversableLike.scala:293) ~[scala-library-2.12.18.jar:?]
	at scala.collection.TraversableLike.flatMap$(TraversableLike.scala:290) ~[scala-library-2.12.18.jar:?]
	at scala.collection.AbstractTraversable.flatMap(Traversable.scala:108) ~[scala-library-2.12.18.jar:?]
	at com.datastax.spark.connector.cql.CassandraConnectorConf$.getIpBasedContactInfoFromSparkConf(CassandraConnectorConf.scala:378) ~[spark-cassandra-connector_2.12-3.5.0.jar:3.5.0]
	at com.datastax.spark.connector.cql.CassandraConnectorConf$.getContactInfoFromSparkConf(CassandraConnectorConf.scala:368) ~[spark-cassandra-connector_2.12-3.5.0.jar:3.5.0]
	at com.datastax.spark.connector.cql.CassandraConnectorConf$.fromSparkConf(CassandraConnectorConf.scala:433) ~[spark-cassandra-connector_2.12-3.5.0.jar:3.5.0]
	at com.datastax.spark.connector.cql.CassandraConnectorConf$.apply(CassandraConnectorConf.scala:358) ~[spark-cassandra-connector_2.12-3.5.0.jar:3.5.0]
	at com.datastax.spark.connector.cql.CassandraConnector$.apply(CassandraConnector.scala:225) ~[spark-cassandra-connector_2.12-3.5.0.jar:3.5.0]
	at org.apache.spark.sql.cassandra.DefaultSource.getTable(DefaultSource.scala:61) ~[spark-cassandra-connector_2.12-3.5.0.jar:3.5.0]
	at org.apache.spark.sql.cassandra.DefaultSource.inferSchema(DefaultSource.scala:67) ~[spark-cassandra-connector_2.12-3.5.0.jar:3.5.0]
	at org.apache.spark.sql.execution.datasources.v2.DataSourceV2Utils$.getTableFromProvider(DataSourceV2Utils.scala:90) ~[spark-sql_2.12-3.5.0.jar:3.5.0]
	at org.apache.spark.sql.execution.datasources.v2.DataSourceV2Utils$.loadV2Source(DataSourceV2Utils.scala:140) ~[spark-sql_2.12-3.5.0.jar:3.5.0]
	at org.apache.spark.sql.DataFrameReader.$anonfun$load$1(DataFrameReader.scala:210) ~[spark-sql_2.12-3.5.0.jar:3.5.0]
	at scala.Option.flatMap(Option.scala:271) ~[scala-library-2.12.18.jar:?]
	at org.apache.spark.sql.DataFrameReader.load(DataFrameReader.scala:208) ~[spark-sql_2.12-3.5.0.jar:3.5.0]
	at org.apache.spark.sql.DataFrameReader.load(DataFrameReader.scala:172) ~[spark-sql_2.12-3.5.0.jar:3.5.0]
	at etl.model.extract.Extract.execute(Extract.java:84) ~[classes/:?]
	at etl.ETLJob.lambda$extract$0(ETLJob.java:74) ~[classes/:?]
	at java.util.ArrayList.forEach(ArrayList.java:1541) [?:?]
	at etl.ETLJob.extract(ETLJob.java:74) [classes/:?]
	at etl.ETLJob.processJob(ETLJob.java:47) [classes/:?]
	at etl.ETLJob.run(ETLJob.java:33) [classes/:?]
	at jdk.internal.reflect.NativeMethodAccessorImpl.invoke0(Native Method) ~[?:?]
	at jdk.internal.reflect.NativeMethodAccessorImpl.invoke(NativeMethodAccessorImpl.java:62) ~[?:?]
	at jdk.internal.reflect.DelegatingMethodAccessorImpl.invoke(DelegatingMethodAccessorImpl.java:43) ~[?:?]
	at java.lang.reflect.Method.invoke(Method.java:566) ~[?:?]
	at Main.executeJob(Main.java:76) [classes/:?]
	at Main.main(Main.java:28) [classes/:?]
[main] INFO  com.datastax.oss.driver.internal.core.DefaultMavenCoordinates [] - DataStax Java driver for Apache Cassandra(R) (com.datastax.oss:java-driver-core-shaded) version 4.13.0
[s0-admin-0] INFO  com.datastax.oss.driver.internal.core.time.Clock [] - Using native clock for microsecond precision
[s0-admin-0] INFO  com.datastax.oss.driver.internal.core.metadata.MetadataManager [] - [s0] No contact points provided, defaulting to /127.0.0.1:9042
[s0-admin-1] WARN  com.datastax.oss.driver.internal.core.control.ControlConnection [] - [s0] Error connecting to Node(endPoint=/127.0.0.1:9042, hostId=null, hashCode=48a812ac), trying next node (ConnectionInitException: [s0|control|connecting...] Protocol initialization request, step 1 (OPTIONS): failed to send request (com.datastax.oss.driver.shaded.netty.channel.StacklessClosedChannelException))
[main] INFO  etl.provider.impl.YamlProvider [] - Updating job aiPromptQuoteInfoClearAiFields status FAILED
[main] INFO  etl.provider.impl.YamlProvider [] - Updated job aiPromptQuoteInfoClearAiFields status FAILED
[Serial shutdown hooks thread] INFO  com.datastax.spark.connector.util.SerialShutdownHooks [] - Successfully executed shutdown hook: Clearing session cache for C* connector
[shutdown-hook-0] INFO  org.apache.spark.SparkContext [] - Invoking stop() from shutdown hook
[shutdown-hook-0] INFO  org.apache.spark.SparkContext [] - SparkContext is stopping with exitCode 0.
[shutdown-hook-0] INFO  org.sparkproject.jetty.server.AbstractConnector [] - Stopped Spark@5dc59b09{HTTP/1.1, (http/1.1)}{0.0.0.0:4040}
[shutdown-hook-0] INFO  org.apache.spark.ui.SparkUI [] - Stopped Spark web UI at http://192.168.1.41:4040
[dispatcher-event-loop-3] INFO  org.apache.spark.MapOutputTrackerMasterEndpoint [] - MapOutputTrackerMasterEndpoint stopped!
[shutdown-hook-0] INFO  org.apache.spark.storage.memory.MemoryStore [] - MemoryStore cleared
[shutdown-hook-0] INFO  org.apache.spark.storage.BlockManager [] - BlockManager stopped
[shutdown-hook-0] INFO  org.apache.spark.storage.BlockManagerMaster [] - BlockManagerMaster stopped
[dispatcher-event-loop-7] INFO  org.apache.spark.scheduler.OutputCommitCoordinator$OutputCommitCoordinatorEndpoint [] - OutputCommitCoordinator stopped!
[shutdown-hook-0] INFO  org.apache.spark.SparkContext [] - Successfully stopped SparkContext
[shutdown-hook-0] INFO  org.apache.spark.util.ShutdownHookManager [] - Shutdown hook called
[shutdown-hook-0] INFO  org.apache.spark.util.ShutdownHookManager [] - Deleting directory /tmp/spark-c41cdbee-7bd6-4bf6-9792-a3b66baa4ca5
[main] INFO  Main [] - Remote spark cluster not found!!! Using standalone
[main] INFO  Main [] - Remote spark cluster not found!!! Using standalone
[main] WARN  org.apache.spark.util.Utils [] - Your hostname, Subrat-Devnath resolves to a loopback address: 127.0.1.1; using 192.168.1.41 instead (on interface wlp0s20f3)
[main] WARN  org.apache.spark.util.Utils [] - Set SPARK_LOCAL_IP if you need to bind to another address
[main] INFO  org.apache.spark.SparkContext [] - Running Spark version 3.5.0
[main] INFO  org.apache.spark.SparkContext [] - OS info Linux, 6.8.0-138-generic, amd64
[main] INFO  org.apache.spark.SparkContext [] - Java version 11.0.32.1
[main] WARN  org.apache.hadoop.util.NativeCodeLoader [] - Unable to load native-hadoop library for your platform... using builtin-java classes where applicable
[main] INFO  org.apache.spark.resource.ResourceUtils [] - ==============================================================
[main] INFO  org.apache.spark.resource.ResourceUtils [] - No custom resources configured for spark.driver.
[main] INFO  org.apache.spark.resource.ResourceUtils [] - ==============================================================
[main] INFO  org.apache.spark.SparkContext [] - Submitted application: 17067651-6ee8-4509-a449-3f3b5ffbc1fc
[main] INFO  org.apache.spark.resource.ResourceProfile [] - Default ResourceProfile created, executor resources: Map(cores -> name: cores, amount: 1, script: , vendor: , memory -> name: memory, amount: 1024, script: , vendor: , offHeap -> name: offHeap, amount: 0, script: , vendor: ), task resources: Map(cpus -> name: cpus, amount: 1.0)
[main] INFO  org.apache.spark.resource.ResourceProfile [] - Limiting resource is cpu
[main] INFO  org.apache.spark.resource.ResourceProfileManager [] - Added ResourceProfile id: 0
[main] INFO  org.apache.spark.SecurityManager [] - Changing view acls to: subratd
[main] INFO  org.apache.spark.SecurityManager [] - Changing modify acls to: subratd
[main] INFO  org.apache.spark.SecurityManager [] - Changing view acls groups to: 
[main] INFO  org.apache.spark.SecurityManager [] - Changing modify acls groups to: 
[main] INFO  org.apache.spark.SecurityManager [] - SecurityManager: authentication disabled; ui acls disabled; users with view permissions: subratd; groups with view permissions: EMPTY; users with modify permissions: subratd; groups with modify permissions: EMPTY
[main] INFO  org.apache.spark.util.Utils [] - Successfully started service 'sparkDriver' on port 43697.
[main] INFO  org.apache.spark.SparkEnv [] - Registering MapOutputTracker
[main] INFO  org.apache.spark.SparkEnv [] - Registering BlockManagerMaster
[main] INFO  org.apache.spark.storage.BlockManagerMasterEndpoint [] - Using org.apache.spark.storage.DefaultTopologyMapper for getting topology information
[main] INFO  org.apache.spark.storage.BlockManagerMasterEndpoint [] - BlockManagerMasterEndpoint up
[main] INFO  org.apache.spark.SparkEnv [] - Registering BlockManagerMasterHeartbeat
[main] INFO  org.apache.spark.storage.DiskBlockManager [] - Created local directory at /tmp/blockmgr-44af8c95-79b2-4a68-942e-52d480c2370a
[main] INFO  org.apache.spark.storage.memory.MemoryStore [] - MemoryStore started with capacity 2.1 GiB
[main] INFO  org.apache.spark.SparkEnv [] - Registering OutputCommitCoordinator
[main] INFO  org.sparkproject.jetty.util.log [] - Logging initialized @3792ms to org.sparkproject.jetty.util.log.Slf4jLog
[main] INFO  org.apache.spark.ui.JettyUtils [] - Start Jetty 0.0.0.0:4040 for SparkUI
[main] INFO  org.sparkproject.jetty.server.Server [] - jetty-9.4.52.v20230823; built: 2023-08-23T19:29:37.669Z; git: abdcda73818a1a2c705da276edb0bf6581e7997e; jvm 11.0.32.1+1-post-1ubuntu1-22.04-Ubuntu
[main] INFO  org.sparkproject.jetty.server.Server [] - Started @3985ms
[main] INFO  org.sparkproject.jetty.server.AbstractConnector [] - Started ServerConnector@7b66322e{HTTP/1.1, (http/1.1)}{0.0.0.0:4040}
[main] INFO  org.apache.spark.util.Utils [] - Successfully started service 'SparkUI' on port 4040.
[main] INFO  org.sparkproject.jetty.server.handler.ContextHandler [] - Started o.s.j.s.ServletContextHandler@490c7a83{/,null,AVAILABLE,@Spark}
[main] INFO  org.apache.spark.executor.Executor [] - Starting executor ID driver on host 192.168.1.41
[main] INFO  org.apache.spark.executor.Executor [] - OS info Linux, 6.8.0-138-generic, amd64
[main] INFO  org.apache.spark.executor.Executor [] - Java version 11.0.32.1
[main] INFO  org.apache.spark.executor.Executor [] - Starting executor with user classpath (userClassPathFirst = false): ''
[main] INFO  org.apache.spark.executor.Executor [] - Created or updated repl class loader org.apache.spark.util.MutableURLClassLoader@64f981e2 for default.
[main] INFO  org.apache.spark.util.Utils [] - Successfully started service 'org.apache.spark.network.netty.NettyBlockTransferService' on port 34517.
[main] INFO  org.apache.spark.network.netty.NettyBlockTransferService [] - Server created on 192.168.1.41:34517
[main] INFO  org.apache.spark.storage.BlockManager [] - Using org.apache.spark.storage.RandomBlockReplicationPolicy for block replication policy
[main] INFO  org.apache.spark.storage.BlockManagerMaster [] - Registering BlockManager BlockManagerId(driver, 192.168.1.41, 34517, None)
[dispatcher-BlockManagerMaster] INFO  org.apache.spark.storage.BlockManagerMasterEndpoint [] - Registering block manager 192.168.1.41:34517 with 2.1 GiB RAM, BlockManagerId(driver, 192.168.1.41, 34517, None)
[main] INFO  org.apache.spark.storage.BlockManagerMaster [] - Registered BlockManager BlockManagerId(driver, 192.168.1.41, 34517, None)
[main] INFO  org.apache.spark.storage.BlockManager [] - Initialized BlockManager: BlockManagerId(driver, 192.168.1.41, 34517, None)
[main] INFO  org.sparkproject.jetty.server.handler.ContextHandler [] - Stopped o.s.j.s.ServletContextHandler@490c7a83{/,null,STOPPED,@Spark}
[main] INFO  org.sparkproject.jetty.server.handler.ContextHandler [] - Started o.s.j.s.ServletContextHandler@9dada78{/jobs,null,AVAILABLE,@Spark}
[main] INFO  org.sparkproject.jetty.server.handler.ContextHandler [] - Started o.s.j.s.ServletContextHandler@2c829dbc{/jobs/json,null,AVAILABLE,@Spark}
[main] INFO  org.sparkproject.jetty.server.handler.ContextHandler [] - Started o.s.j.s.ServletContextHandler@67cffead{/jobs/job,null,AVAILABLE,@Spark}
[main] INFO  org.sparkproject.jetty.server.handler.ContextHandler [] - Started o.s.j.s.ServletContextHandler@1ff15a50{/jobs/job/json,null,AVAILABLE,@Spark}
[main] INFO  org.sparkproject.jetty.server.handler.ContextHandler [] - Started o.s.j.s.ServletContextHandler@39de9bda{/stages,null,AVAILABLE,@Spark}
[main] INFO  org.sparkproject.jetty.server.handler.ContextHandler [] - Started o.s.j.s.ServletContextHandler@52226e57{/stages/json,null,AVAILABLE,@Spark}
[main] INFO  org.sparkproject.jetty.server.handler.ContextHandler [] - Started o.s.j.s.ServletContextHandler@5af64ce0{/stages/stage,null,AVAILABLE,@Spark}
[main] INFO  org.sparkproject.jetty.server.handler.ContextHandler [] - Started o.s.j.s.ServletContextHandler@17229821{/stages/stage/json,null,AVAILABLE,@Spark}
[main] INFO  org.sparkproject.jetty.server.handler.ContextHandler [] - Started o.s.j.s.ServletContextHandler@66fb45e5{/stages/pool,null,AVAILABLE,@Spark}
[main] INFO  org.sparkproject.jetty.server.handler.ContextHandler [] - Started o.s.j.s.ServletContextHandler@6f5e16cf{/stages/pool/json,null,AVAILABLE,@Spark}
[main] INFO  org.sparkproject.jetty.server.handler.ContextHandler [] - Started o.s.j.s.ServletContextHandler@49e2b3c5{/storage,null,AVAILABLE,@Spark}
[main] INFO  org.sparkproject.jetty.server.handler.ContextHandler [] - Started o.s.j.s.ServletContextHandler@49f3ff41{/storage/json,null,AVAILABLE,@Spark}
[main] INFO  org.sparkproject.jetty.server.handler.ContextHandler [] - Started o.s.j.s.ServletContextHandler@30db5536{/storage/rdd,null,AVAILABLE,@Spark}
[main] INFO  org.sparkproject.jetty.server.handler.ContextHandler [] - Started o.s.j.s.ServletContextHandler@136ccbfe{/storage/rdd/json,null,AVAILABLE,@Spark}
[main] INFO  org.sparkproject.jetty.server.handler.ContextHandler [] - Started o.s.j.s.ServletContextHandler@484149eb{/environment,null,AVAILABLE,@Spark}
[main] INFO  org.sparkproject.jetty.server.handler.ContextHandler [] - Started o.s.j.s.ServletContextHandler@61874b9d{/environment/json,null,AVAILABLE,@Spark}
[main] INFO  org.sparkproject.jetty.server.handler.ContextHandler [] - Started o.s.j.s.ServletContextHandler@4f2d014a{/executors,null,AVAILABLE,@Spark}
[main] INFO  org.sparkproject.jetty.server.handler.ContextHandler [] - Started o.s.j.s.ServletContextHandler@a7cf42f{/executors/json,null,AVAILABLE,@Spark}
[main] INFO  org.sparkproject.jetty.server.handler.ContextHandler [] - Started o.s.j.s.ServletContextHandler@28e0e464{/executors/threadDump,null,AVAILABLE,@Spark}
[main] INFO  org.sparkproject.jetty.server.handler.ContextHandler [] - Started o.s.j.s.ServletContextHandler@70a898b0{/executors/threadDump/json,null,AVAILABLE,@Spark}
[main] INFO  org.sparkproject.jetty.server.handler.ContextHandler [] - Started o.s.j.s.ServletContextHandler@54336976{/executors/heapHistogram,null,AVAILABLE,@Spark}
[main] INFO  org.sparkproject.jetty.server.handler.ContextHandler [] - Started o.s.j.s.ServletContextHandler@3b7c80c6{/executors/heapHistogram/json,null,AVAILABLE,@Spark}
[main] INFO  org.sparkproject.jetty.server.handler.ContextHandler [] - Started o.s.j.s.ServletContextHandler@7499eac7{/static,null,AVAILABLE,@Spark}
[main] INFO  org.sparkproject.jetty.server.handler.ContextHandler [] - Started o.s.j.s.ServletContextHandler@17043b04{/,null,AVAILABLE,@Spark}
[main] INFO  org.sparkproject.jetty.server.handler.ContextHandler [] - Started o.s.j.s.ServletContextHandler@31f295b6{/api,null,AVAILABLE,@Spark}
[main] INFO  org.sparkproject.jetty.server.handler.ContextHandler [] - Started o.s.j.s.ServletContextHandler@32f5ecc4{/jobs/job/kill,null,AVAILABLE,@Spark}
[main] INFO  org.sparkproject.jetty.server.handler.ContextHandler [] - Started o.s.j.s.ServletContextHandler@1ba467c2{/stages/stage/kill,null,AVAILABLE,@Spark}
[main] INFO  org.sparkproject.jetty.server.handler.ContextHandler [] - Started o.s.j.s.ServletContextHandler@468e8565{/metrics/json,null,AVAILABLE,@Spark}
[main] INFO  org.apache.spark.sql.internal.SharedState [] - Setting hive.metastore.warehouse.dir ('null') to the value of spark.sql.warehouse.dir.
[main] INFO  org.apache.spark.sql.internal.SharedState [] - Warehouse path is 'file:/home/subratd/Documents/etl/spark-warehouse'.
[main] INFO  org.sparkproject.jetty.server.handler.ContextHandler [] - Started o.s.j.s.ServletContextHandler@202898d7{/SQL,null,AVAILABLE,@Spark}
[main] INFO  org.sparkproject.jetty.server.handler.ContextHandler [] - Started o.s.j.s.ServletContextHandler@2c719bd4{/SQL/json,null,AVAILABLE,@Spark}
[main] INFO  org.sparkproject.jetty.server.handler.ContextHandler [] - Started o.s.j.s.ServletContextHandler@6048e26a{/SQL/execution,null,AVAILABLE,@Spark}
[main] INFO  org.sparkproject.jetty.server.handler.ContextHandler [] - Started o.s.j.s.ServletContextHandler@44286963{/SQL/execution/json,null,AVAILABLE,@Spark}
[main] INFO  org.sparkproject.jetty.server.handler.ContextHandler [] - Started o.s.j.s.ServletContextHandler@8f40022{/static/sql,null,AVAILABLE,@Spark}
[main] WARN  org.apache.spark.sql.catalyst.analysis.SimpleFunctionRegistry [] - The function int replaced a previously registered function.
[main] WARN  org.apache.spark.sql.catalyst.analysis.SimpleFunctionRegistry [] - The function boolean replaced a previously registered function.
[main] WARN  org.apache.spark.sql.catalyst.analysis.SimpleFunctionRegistry [] - The function double replaced a previously registered function.
[main] WARN  org.apache.spark.sql.catalyst.analysis.SimpleFunctionRegistry [] - The function binary replaced a previously registered function.
[main] WARN  org.apache.spark.sql.catalyst.analysis.SimpleFunctionRegistry [] - The function date replaced a previously registered function.
[main] WARN  org.apache.spark.sql.catalyst.analysis.SimpleFunctionRegistry [] - The function timestamp replaced a previously registered function.
[main] WARN  org.apache.spark.sql.catalyst.analysis.SimpleFunctionRegistry [] - The function now replaced a previously registered function.
[main] WARN  org.apache.spark.sql.catalyst.analysis.SimpleFunctionRegistry [] - The function uuid replaced a previously registered function.
[main] WARN  org.apache.spark.sql.catalyst.analysis.SimpleFunctionRegistry [] - The function replace replaced a previously registered function.
[main] WARN  org.apache.spark.sql.catalyst.analysis.SimpleFunctionRegistry [] - The function split replaced a previously registered function.
[main] INFO  etl.provider.impl.YamlProvider [] - Loading Job - job.yml
[main] INFO  etl.ETLJob [] - Start processing job aiPromptQuoteInfoClearAiFields
[main] INFO  etl.provider.impl.YamlProvider [] - Updating job aiPromptQuoteInfoClearAiFields status PROCESSING
[main] INFO  etl.provider.impl.YamlProvider [] - Updated job aiPromptQuoteInfoClearAiFields status PROCESSING
[main] INFO  etl.model.extract.Extract [] - Extracting org.apache.spark.sql.cassandra to data
[main] INFO  etl.model.extract.Extract [] - Options {keyspace=subrat_main, table=content}
[main] WARN  com.datastax.spark.connector.util.DeprecatedConfigParameter [] - spark.cassandra.connection.timeout_ms is deprecated (DSE 6.0.0) and has been automatically replaced with parameter spark.cassandra.connection.timeoutMS. 
[main] WARN  com.datastax.spark.connector.util.DeprecatedConfigParameter [] - spark.cassandra.read.timeout_ms is deprecated (DSE 6.0.0) and has been automatically replaced with parameter spark.cassandra.read.timeoutMS. 
[main] WARN  com.datastax.spark.connector.util.DeprecatedConfigParameter [] - spark.cassandra.connection.local_dc is deprecated (DSE 6.0.0) and has been automatically replaced with parameter spark.cassandra.connection.localDC. 
[main] INFO  com.datastax.oss.driver.internal.core.DefaultMavenCoordinates [] - DataStax Java driver for Apache Cassandra(R) (com.datastax.oss:java-driver-core-shaded) version 4.13.0
[s0-admin-0] INFO  com.datastax.oss.driver.internal.core.time.Clock [] - Using native clock for microsecond precision
[main] INFO  com.datastax.spark.connector.cql.CassandraConnector [] - Connected to Cassandra cluster.
[main] WARN  com.datastax.spark.connector.util.DeprecatedConfigParameter [] - spark.cassandra.connection.timeout_ms is deprecated (DSE 6.0.0) and has been automatically replaced with parameter spark.cassandra.connection.timeoutMS. 
[main] WARN  com.datastax.spark.connector.util.DeprecatedConfigParameter [] - spark.cassandra.read.timeout_ms is deprecated (DSE 6.0.0) and has been automatically replaced with parameter spark.cassandra.read.timeoutMS. 
[main] WARN  com.datastax.spark.connector.util.DeprecatedConfigParameter [] - spark.cassandra.connection.local_dc is deprecated (DSE 6.0.0) and has been automatically replaced with parameter spark.cassandra.connection.localDC. 
[main] INFO  etl.model.transform.Transform [] - Transforming data to data with filter_expression
[main] INFO  etl.model.transform.Transform [] - Transforming data to data with add
[main] INFO  etl.model.transform.Transform [] - Transforming data to data with select
[main] INFO  etl.model.transform.Transform [] - Transforming data to data with debug
[main] WARN  com.datastax.spark.connector.util.DeprecatedConfigParameter [] - spark.cassandra.connection.timeout_ms is deprecated (DSE 6.0.0) and has been automatically replaced with parameter spark.cassandra.connection.timeoutMS. 
[main] WARN  com.datastax.spark.connector.util.DeprecatedConfigParameter [] - spark.cassandra.read.timeout_ms is deprecated (DSE 6.0.0) and has been automatically replaced with parameter spark.cassandra.read.timeoutMS. 
[main] WARN  com.datastax.spark.connector.util.DeprecatedConfigParameter [] - spark.cassandra.connection.local_dc is deprecated (DSE 6.0.0) and has been automatically replaced with parameter spark.cassandra.connection.localDC. 
[main] INFO  org.apache.spark.sql.execution.datasources.v2.V2ScanRelationPushDown [] - 
Pushing operators to content
Pushed Filters: 
Post-Scan Filters: isnotnull(content_specific_data#4),atleastnnonnulls(1, content_uuid#0, new_state#1, comments#2, content_priority#3, content_specific_data#4, content_type#5, created_date#6L, created_user_id#7, created_user_name#8, digital_content_list#9, expired_date#10L, is_deleted#11, published_by#12, published_date#13, state#14, state_change_note#15, time#16L, title#17, updated_date#18L, updated_user_id#19, updated_user_name#20, user_display_name#21),(instr(content_specific_data#4, usedFor) > 0)
         
[main] INFO  org.apache.spark.sql.execution.datasources.v2.V2ScanRelationPushDown [] - 
Output: content_uuid#0, new_state#1, comments#2, content_priority#3, content_specific_data#4, content_type#5, created_date#6L, created_user_id#7, created_user_name#8, digital_content_list#9, expired_date#10L, is_deleted#11, published_by#12, published_date#13, state#14, state_change_note#15, time#16L, title#17, updated_date#18L, updated_user_id#19, updated_user_name#20, user_display_name#21
         
[main] INFO  org.apache.spark.sql.catalyst.expressions.codegen.CodeGenerator [] - Code generated in 345.764146 ms
[main] INFO  org.apache.spark.SparkContext [] - Starting job: show at DebugAction.java:23
[dag-scheduler-event-loop] INFO  org.apache.spark.scheduler.DAGScheduler [] - Got job 0 (show at DebugAction.java:23) with 1 output partitions
[dag-scheduler-event-loop] INFO  org.apache.spark.scheduler.DAGScheduler [] - Final stage: ResultStage 0 (show at DebugAction.java:23)
[dag-scheduler-event-loop] INFO  org.apache.spark.scheduler.DAGScheduler [] - Parents of final stage: List()
[dag-scheduler-event-loop] INFO  org.apache.spark.scheduler.DAGScheduler [] - Missing parents: List()
[dag-scheduler-event-loop] INFO  org.apache.spark.scheduler.DAGScheduler [] - Submitting ResultStage 0 (MapPartitionsRDD[3] at show at DebugAction.java:23), which has no missing parents
[dag-scheduler-event-loop] INFO  org.apache.spark.storage.memory.MemoryStore [] - Block broadcast_0 stored as values in memory (estimated size 33.4 KiB, free 2.1 GiB)
[dag-scheduler-event-loop] INFO  org.apache.spark.storage.memory.MemoryStore [] - Block broadcast_0_piece0 stored as bytes in memory (estimated size 12.8 KiB, free 2.1 GiB)
[dispatcher-BlockManagerMaster] INFO  org.apache.spark.storage.BlockManagerInfo [] - Added broadcast_0_piece0 in memory on 192.168.1.41:34517 (size: 12.8 KiB, free: 2.1 GiB)
[dag-scheduler-event-loop] INFO  org.apache.spark.SparkContext [] - Created broadcast 0 from broadcast at DAGScheduler.scala:1580
[dag-scheduler-event-loop] INFO  org.apache.spark.scheduler.DAGScheduler [] - Submitting 1 missing tasks from ResultStage 0 (MapPartitionsRDD[3] at show at DebugAction.java:23) (first 15 tasks are for partitions Vector(0))
[dag-scheduler-event-loop] INFO  org.apache.spark.scheduler.TaskSchedulerImpl [] - Adding task set 0.0 with 1 tasks resource profile 0
[dispatcher-event-loop-0] INFO  org.apache.spark.scheduler.TaskSetManager [] - Starting task 0.0 in stage 0.0 (TID 0) (192.168.1.41, executor driver, partition 0, ANY, 9529 bytes) 
[Executor task launch worker for task 0.0 in stage 0.0 (TID 0)] INFO  org.apache.spark.executor.Executor [] - Running task 0.0 in stage 0.0 (TID 0)
[Executor task launch worker for task 0.0 in stage 0.0 (TID 0)] INFO  org.apache.spark.sql.catalyst.expressions.codegen.CodeGenerator [] - Code generated in 45.792893 ms
[Executor task launch worker for task 0.0 in stage 0.0 (TID 0)] INFO  org.apache.spark.sql.catalyst.expressions.codegen.CodeGenerator [] - Code generated in 68.873213 ms
[Executor task launch worker for task 0.0 in stage 0.0 (TID 0)] INFO  org.apache.spark.executor.Executor [] - Finished task 0.0 in stage 0.0 (TID 0). 1551 bytes result sent to driver
[task-result-getter-0] INFO  org.apache.spark.scheduler.TaskSetManager [] - Finished task 0.0 in stage 0.0 (TID 0) in 835 ms on 192.168.1.41 (executor driver) (1/1)
[task-result-getter-0] INFO  org.apache.spark.scheduler.TaskSchedulerImpl [] - Removed TaskSet 0.0, whose tasks have all completed, from pool 
[dag-scheduler-event-loop] INFO  org.apache.spark.scheduler.DAGScheduler [] - ResultStage 0 (show at DebugAction.java:23) finished in 1.229 s
[dag-scheduler-event-loop] INFO  org.apache.spark.scheduler.DAGScheduler [] - Job 0 is finished. Cancelling potential speculative or zombie tasks for this job
[dag-scheduler-event-loop] INFO  org.apache.spark.scheduler.TaskSchedulerImpl [] - Killing all running tasks in stage 0: Stage finished
[main] INFO  org.apache.spark.scheduler.DAGScheduler [] - Job 0 finished: show at DebugAction.java:23, took 1.305150 s
[main] INFO  org.apache.spark.SparkContext [] - Starting job: show at DebugAction.java:23
[dag-scheduler-event-loop] INFO  org.apache.spark.scheduler.DAGScheduler [] - Got job 1 (show at DebugAction.java:23) with 4 output partitions
[dag-scheduler-event-loop] INFO  org.apache.spark.scheduler.DAGScheduler [] - Final stage: ResultStage 1 (show at DebugAction.java:23)
[dag-scheduler-event-loop] INFO  org.apache.spark.scheduler.DAGScheduler [] - Parents of final stage: List()
[dag-scheduler-event-loop] INFO  org.apache.spark.scheduler.DAGScheduler [] - Missing parents: List()
[dag-scheduler-event-loop] INFO  org.apache.spark.scheduler.DAGScheduler [] - Submitting ResultStage 1 (MapPartitionsRDD[3] at show at DebugAction.java:23), which has no missing parents
[dag-scheduler-event-loop] INFO  org.apache.spark.storage.memory.MemoryStore [] - Block broadcast_1 stored as values in memory (estimated size 33.4 KiB, free 2.1 GiB)
[dag-scheduler-event-loop] INFO  org.apache.spark.storage.memory.MemoryStore [] - Block broadcast_1_piece0 stored as bytes in memory (estimated size 12.9 KiB, free 2.1 GiB)
[dispatcher-BlockManagerMaster] INFO  org.apache.spark.storage.BlockManagerInfo [] - Added broadcast_1_piece0 in memory on 192.168.1.41:34517 (size: 12.9 KiB, free: 2.1 GiB)
[dag-scheduler-event-loop] INFO  org.apache.spark.SparkContext [] - Created broadcast 1 from broadcast at DAGScheduler.scala:1580
[dag-scheduler-event-loop] INFO  org.apache.spark.scheduler.DAGScheduler [] - Submitting 4 missing tasks from ResultStage 1 (MapPartitionsRDD[3] at show at DebugAction.java:23) (first 15 tasks are for partitions Vector(1, 2, 3, 4))
[dag-scheduler-event-loop] INFO  org.apache.spark.scheduler.TaskSchedulerImpl [] - Adding task set 1.0 with 4 tasks resource profile 0
[dispatcher-event-loop-3] INFO  org.apache.spark.scheduler.TaskSetManager [] - Starting task 0.0 in stage 1.0 (TID 1) (192.168.1.41, executor driver, partition 1, ANY, 9525 bytes) 
[dispatcher-event-loop-3] INFO  org.apache.spark.scheduler.TaskSetManager [] - Starting task 1.0 in stage 1.0 (TID 2) (192.168.1.41, executor driver, partition 2, ANY, 9529 bytes) 
[dispatcher-event-loop-3] INFO  org.apache.spark.scheduler.TaskSetManager [] - Starting task 2.0 in stage 1.0 (TID 3) (192.168.1.41, executor driver, partition 3, ANY, 9529 bytes) 
[dispatcher-event-loop-3] INFO  org.apache.spark.scheduler.TaskSetManager [] - Starting task 3.0 in stage 1.0 (TID 4) (192.168.1.41, executor driver, partition 4, ANY, 9529 bytes) 
[Executor task launch worker for task 0.0 in stage 1.0 (TID 1)] INFO  org.apache.spark.executor.Executor [] - Running task 0.0 in stage 1.0 (TID 1)
[Executor task launch worker for task 3.0 in stage 1.0 (TID 4)] INFO  org.apache.spark.executor.Executor [] - Running task 3.0 in stage 1.0 (TID 4)
[Executor task launch worker for task 2.0 in stage 1.0 (TID 3)] INFO  org.apache.spark.executor.Executor [] - Running task 2.0 in stage 1.0 (TID 3)
[Executor task launch worker for task 1.0 in stage 1.0 (TID 2)] INFO  org.apache.spark.executor.Executor [] - Running task 1.0 in stage 1.0 (TID 2)
[Executor task launch worker for task 2.0 in stage 1.0 (TID 3)] INFO  org.apache.spark.executor.Executor [] - Finished task 2.0 in stage 1.0 (TID 3). 1551 bytes result sent to driver
[task-result-getter-1] INFO  org.apache.spark.scheduler.TaskSetManager [] - Finished task 2.0 in stage 1.0 (TID 3) in 148 ms on 192.168.1.41 (executor driver) (1/4)
[Executor task launch worker for task 1.0 in stage 1.0 (TID 2)] INFO  org.apache.spark.executor.Executor [] - Finished task 1.0 in stage 1.0 (TID 2). 1566 bytes result sent to driver
[task-result-getter-2] INFO  org.apache.spark.scheduler.TaskSetManager [] - Finished task 1.0 in stage 1.0 (TID 2) in 170 ms on 192.168.1.41 (executor driver) (2/4)
[Executor task launch worker for task 3.0 in stage 1.0 (TID 4)] INFO  org.apache.spark.executor.Executor [] - Finished task 3.0 in stage 1.0 (TID 4). 1609 bytes result sent to driver
[task-result-getter-3] INFO  org.apache.spark.scheduler.TaskSetManager [] - Finished task 3.0 in stage 1.0 (TID 4) in 237 ms on 192.168.1.41 (executor driver) (3/4)
[Executor task launch worker for task 0.0 in stage 1.0 (TID 1)] INFO  org.apache.spark.executor.Executor [] - Finished task 0.0 in stage 1.0 (TID 1). 1566 bytes result sent to driver
[task-result-getter-0] INFO  org.apache.spark.scheduler.TaskSetManager [] - Finished task 0.0 in stage 1.0 (TID 1) in 291 ms on 192.168.1.41 (executor driver) (4/4)
[task-result-getter-0] INFO  org.apache.spark.scheduler.TaskSchedulerImpl [] - Removed TaskSet 1.0, whose tasks have all completed, from pool 
[dag-scheduler-event-loop] INFO  org.apache.spark.scheduler.DAGScheduler [] - ResultStage 1 (show at DebugAction.java:23) finished in 0.302 s
[dag-scheduler-event-loop] INFO  org.apache.spark.scheduler.DAGScheduler [] - Job 1 is finished. Cancelling potential speculative or zombie tasks for this job
[dag-scheduler-event-loop] INFO  org.apache.spark.scheduler.TaskSchedulerImpl [] - Killing all running tasks in stage 1: Stage finished
[main] INFO  org.apache.spark.scheduler.DAGScheduler [] - Job 1 finished: show at DebugAction.java:23, took 0.308956 s
[main] INFO  org.apache.spark.SparkContext [] - Starting job: show at DebugAction.java:23
[dag-scheduler-event-loop] INFO  org.apache.spark.scheduler.DAGScheduler [] - Got job 2 (show at DebugAction.java:23) with 12 output partitions
[dag-scheduler-event-loop] INFO  org.apache.spark.scheduler.DAGScheduler [] - Final stage: ResultStage 2 (show at DebugAction.java:23)
[dag-scheduler-event-loop] INFO  org.apache.spark.scheduler.DAGScheduler [] - Parents of final stage: List()
[dag-scheduler-event-loop] INFO  org.apache.spark.scheduler.DAGScheduler [] - Missing parents: List()
[dag-scheduler-event-loop] INFO  org.apache.spark.scheduler.DAGScheduler [] - Submitting ResultStage 2 (MapPartitionsRDD[3] at show at DebugAction.java:23), which has no missing parents
[dag-scheduler-event-loop] INFO  org.apache.spark.storage.memory.MemoryStore [] - Block broadcast_2 stored as values in memory (estimated size 33.4 KiB, free 2.1 GiB)
[dag-scheduler-event-loop] INFO  org.apache.spark.storage.memory.MemoryStore [] - Block broadcast_2_piece0 stored as bytes in memory (estimated size 12.9 KiB, free 2.1 GiB)
[dispatcher-BlockManagerMaster] INFO  org.apache.spark.storage.BlockManagerInfo [] - Added broadcast_2_piece0 in memory on 192.168.1.41:34517 (size: 12.9 KiB, free: 2.1 GiB)
[dag-scheduler-event-loop] INFO  org.apache.spark.SparkContext [] - Created broadcast 2 from broadcast at DAGScheduler.scala:1580
[dag-scheduler-event-loop] INFO  org.apache.spark.scheduler.DAGScheduler [] - Submitting 12 missing tasks from ResultStage 2 (MapPartitionsRDD[3] at show at DebugAction.java:23) (first 15 tasks are for partitions Vector(5, 6, 7, 8, 9, 10, 11, 12, 13, 14, 15, 16))
[dag-scheduler-event-loop] INFO  org.apache.spark.scheduler.TaskSchedulerImpl [] - Adding task set 2.0 with 12 tasks resource profile 0
[dispatcher-event-loop-4] INFO  org.apache.spark.scheduler.TaskSetManager [] - Starting task 0.0 in stage 2.0 (TID 5) (192.168.1.41, executor driver, partition 5, ANY, 9649 bytes) 
[dispatcher-event-loop-4] INFO  org.apache.spark.scheduler.TaskSetManager [] - Starting task 1.0 in stage 2.0 (TID 6) (192.168.1.41, executor driver, partition 6, ANY, 9529 bytes) 
[dispatcher-event-loop-4] INFO  org.apache.spark.scheduler.TaskSetManager [] - Starting task 2.0 in stage 2.0 (TID 7) (192.168.1.41, executor driver, partition 7, ANY, 9529 bytes) 
[dispatcher-event-loop-4] INFO  org.apache.spark.scheduler.TaskSetManager [] - Starting task 3.0 in stage 2.0 (TID 8) (192.168.1.41, executor driver, partition 8, ANY, 9529 bytes) 
[dispatcher-event-loop-4] INFO  org.apache.spark.scheduler.TaskSetManager [] - Starting task 4.0 in stage 2.0 (TID 9) (192.168.1.41, executor driver, partition 9, ANY, 9529 bytes) 
[dispatcher-event-loop-4] INFO  org.apache.spark.scheduler.TaskSetManager [] - Starting task 5.0 in stage 2.0 (TID 10) (192.168.1.41, executor driver, partition 10, ANY, 9529 bytes) 
[dispatcher-event-loop-4] INFO  org.apache.spark.scheduler.TaskSetManager [] - Starting task 6.0 in stage 2.0 (TID 11) (192.168.1.41, executor driver, partition 11, ANY, 9529 bytes) 
[dispatcher-event-loop-4] INFO  org.apache.spark.scheduler.TaskSetManager [] - Starting task 7.0 in stage 2.0 (TID 12) (192.168.1.41, executor driver, partition 12, ANY, 9529 bytes) 
[Executor task launch worker for task 2.0 in stage 2.0 (TID 7)] INFO  org.apache.spark.executor.Executor [] - Running task 2.0 in stage 2.0 (TID 7)
[Executor task launch worker for task 1.0 in stage 2.0 (TID 6)] INFO  org.apache.spark.executor.Executor [] - Running task 1.0 in stage 2.0 (TID 6)
[Executor task launch worker for task 0.0 in stage 2.0 (TID 5)] INFO  org.apache.spark.executor.Executor [] - Running task 0.0 in stage 2.0 (TID 5)
[Executor task launch worker for task 3.0 in stage 2.0 (TID 8)] INFO  org.apache.spark.executor.Executor [] - Running task 3.0 in stage 2.0 (TID 8)
[Executor task launch worker for task 4.0 in stage 2.0 (TID 9)] INFO  org.apache.spark.executor.Executor [] - Running task 4.0 in stage 2.0 (TID 9)
[Executor task launch worker for task 6.0 in stage 2.0 (TID 11)] INFO  org.apache.spark.executor.Executor [] - Running task 6.0 in stage 2.0 (TID 11)
[Executor task launch worker for task 7.0 in stage 2.0 (TID 12)] INFO  org.apache.spark.executor.Executor [] - Running task 7.0 in stage 2.0 (TID 12)
[Executor task launch worker for task 5.0 in stage 2.0 (TID 10)] INFO  org.apache.spark.executor.Executor [] - Running task 5.0 in stage 2.0 (TID 10)
[Executor task launch worker for task 1.0 in stage 2.0 (TID 6)] INFO  org.apache.spark.executor.Executor [] - Finished task 1.0 in stage 2.0 (TID 6). 1609 bytes result sent to driver
[dispatcher-event-loop-6] INFO  org.apache.spark.scheduler.TaskSetManager [] - Starting task 8.0 in stage 2.0 (TID 13) (192.168.1.41, executor driver, partition 13, ANY, 9529 bytes) 
[Executor task launch worker for task 8.0 in stage 2.0 (TID 13)] INFO  org.apache.spark.executor.Executor [] - Running task 8.0 in stage 2.0 (TID 13)
[task-result-getter-1] INFO  org.apache.spark.scheduler.TaskSetManager [] - Finished task 1.0 in stage 2.0 (TID 6) in 111 ms on 192.168.1.41 (executor driver) (1/12)
[Executor task launch worker for task 2.0 in stage 2.0 (TID 7)] INFO  org.apache.spark.executor.Executor [] - Finished task 2.0 in stage 2.0 (TID 7). 1652 bytes result sent to driver
[dispatcher-event-loop-7] INFO  org.apache.spark.scheduler.TaskSetManager [] - Starting task 9.0 in stage 2.0 (TID 14) (192.168.1.41, executor driver, partition 14, ANY, 9529 bytes) 
[Executor task launch worker for task 9.0 in stage 2.0 (TID 14)] INFO  org.apache.spark.executor.Executor [] - Running task 9.0 in stage 2.0 (TID 14)
[task-result-getter-2] INFO  org.apache.spark.scheduler.TaskSetManager [] - Finished task 2.0 in stage 2.0 (TID 7) in 128 ms on 192.168.1.41 (executor driver) (2/12)
[Executor task launch worker for task 6.0 in stage 2.0 (TID 11)] INFO  org.apache.spark.executor.Executor [] - Finished task 6.0 in stage 2.0 (TID 11). 1566 bytes result sent to driver
[dispatcher-event-loop-1] INFO  org.apache.spark.scheduler.TaskSetManager [] - Starting task 10.0 in stage 2.0 (TID 15) (192.168.1.41, executor driver, partition 15, ANY, 9529 bytes) 
[task-result-getter-3] INFO  org.apache.spark.scheduler.TaskSetManager [] - Finished task 6.0 in stage 2.0 (TID 11) in 137 ms on 192.168.1.41 (executor driver) (3/12)
[Executor task launch worker for task 10.0 in stage 2.0 (TID 15)] INFO  org.apache.spark.executor.Executor [] - Running task 10.0 in stage 2.0 (TID 15)
[Executor task launch worker for task 3.0 in stage 2.0 (TID 8)] INFO  org.apache.spark.executor.Executor [] - Finished task 3.0 in stage 2.0 (TID 8). 1508 bytes result sent to driver
[Executor task launch worker for task 4.0 in stage 2.0 (TID 9)] INFO  org.apache.spark.executor.Executor [] - Finished task 4.0 in stage 2.0 (TID 9). 1609 bytes result sent to driver
[dispatcher-event-loop-3] INFO  org.apache.spark.scheduler.TaskSetManager [] - Starting task 11.0 in stage 2.0 (TID 16) (192.168.1.41, executor driver, partition 16, ANY, 9529 bytes) 
[Executor task launch worker for task 11.0 in stage 2.0 (TID 16)] INFO  org.apache.spark.executor.Executor [] - Running task 11.0 in stage 2.0 (TID 16)
[task-result-getter-1] INFO  org.apache.spark.scheduler.TaskSetManager [] - Finished task 4.0 in stage 2.0 (TID 9) in 162 ms on 192.168.1.41 (executor driver) (4/12)
[task-result-getter-0] INFO  org.apache.spark.scheduler.TaskSetManager [] - Finished task 3.0 in stage 2.0 (TID 8) in 165 ms on 192.168.1.41 (executor driver) (5/12)
[Executor task launch worker for task 0.0 in stage 2.0 (TID 5)] INFO  org.apache.spark.executor.Executor [] - Finished task 0.0 in stage 2.0 (TID 5). 1609 bytes result sent to driver
[task-result-getter-2] INFO  org.apache.spark.scheduler.TaskSetManager [] - Finished task 0.0 in stage 2.0 (TID 5) in 181 ms on 192.168.1.41 (executor driver) (6/12)
[Executor task launch worker for task 5.0 in stage 2.0 (TID 10)] INFO  org.apache.spark.executor.Executor [] - Finished task 5.0 in stage 2.0 (TID 10). 1566 bytes result sent to driver
[task-result-getter-3] INFO  org.apache.spark.scheduler.TaskSetManager [] - Finished task 5.0 in stage 2.0 (TID 10) in 187 ms on 192.168.1.41 (executor driver) (7/12)
[Executor task launch worker for task 7.0 in stage 2.0 (TID 12)] INFO  org.apache.spark.executor.Executor [] - Finished task 7.0 in stage 2.0 (TID 12). 1508 bytes result sent to driver
[task-result-getter-1] INFO  org.apache.spark.scheduler.TaskSetManager [] - Finished task 7.0 in stage 2.0 (TID 12) in 193 ms on 192.168.1.41 (executor driver) (8/12)
[Executor task launch worker for task 9.0 in stage 2.0 (TID 14)] INFO  org.apache.spark.executor.Executor [] - Finished task 9.0 in stage 2.0 (TID 14). 1609 bytes result sent to driver
[Executor task launch worker for task 8.0 in stage 2.0 (TID 13)] INFO  org.apache.spark.executor.Executor [] - Finished task 8.0 in stage 2.0 (TID 13). 1652 bytes result sent to driver
[task-result-getter-0] INFO  org.apache.spark.scheduler.TaskSetManager [] - Finished task 9.0 in stage 2.0 (TID 14) in 189 ms on 192.168.1.41 (executor driver) (9/12)
[task-result-getter-0] INFO  org.apache.spark.scheduler.TaskSetManager [] - Finished task 8.0 in stage 2.0 (TID 13) in 208 ms on 192.168.1.41 (executor driver) (10/12)
[Executor task launch worker for task 11.0 in stage 2.0 (TID 16)] INFO  org.apache.spark.executor.Executor [] - Finished task 11.0 in stage 2.0 (TID 16). 1609 bytes result sent to driver
[task-result-getter-3] INFO  org.apache.spark.scheduler.TaskSetManager [] - Finished task 11.0 in stage 2.0 (TID 16) in 172 ms on 192.168.1.41 (executor driver) (11/12)
[dispatcher-BlockManagerMaster] INFO  org.apache.spark.storage.BlockManagerInfo [] - Removed broadcast_1_piece0 on 192.168.1.41:34517 in memory (size: 12.9 KiB, free: 2.1 GiB)
[Executor task launch worker for task 10.0 in stage 2.0 (TID 15)] INFO  org.apache.spark.executor.Executor [] - Finished task 10.0 in stage 2.0 (TID 15). 1652 bytes result sent to driver
[task-result-getter-1] INFO  org.apache.spark.scheduler.TaskSetManager [] - Finished task 10.0 in stage 2.0 (TID 15) in 203 ms on 192.168.1.41 (executor driver) (12/12)
[task-result-getter-1] INFO  org.apache.spark.scheduler.TaskSchedulerImpl [] - Removed TaskSet 2.0, whose tasks have all completed, from pool 
[dag-scheduler-event-loop] INFO  org.apache.spark.scheduler.DAGScheduler [] - ResultStage 2 (show at DebugAction.java:23) finished in 0.353 s
[dag-scheduler-event-loop] INFO  org.apache.spark.scheduler.DAGScheduler [] - Job 2 is finished. Cancelling potential speculative or zombie tasks for this job
[dag-scheduler-event-loop] INFO  org.apache.spark.scheduler.TaskSchedulerImpl [] - Killing all running tasks in stage 2: Stage finished
[main] INFO  org.apache.spark.scheduler.DAGScheduler [] - Job 2 finished: show at DebugAction.java:23, took 0.361964 s
[dispatcher-BlockManagerMaster] INFO  org.apache.spark.storage.BlockManagerInfo [] - Removed broadcast_0_piece0 on 192.168.1.41:34517 in memory (size: 12.8 KiB, free: 2.1 GiB)
[main] INFO  org.apache.spark.sql.catalyst.expressions.codegen.CodeGenerator [] - Code generated in 14.448838 ms
[main] INFO  etl.model.transform.task.DebugAction [] - 
+------------------------------------+
|content_uuid                        |
+------------------------------------+
|b949beba-b5bc-4c14-91fc-fac0a31c94e8|
|fb47e609-1160-499d-bd9e-2f0eaa6f7675|
|2c600b8d-12da-40e4-b5d6-561c9b6d46f5|
|71e82896-8d14-45c6-9127-17615a85c146|
|ebbff1a0-55fb-4500-9f27-d038ca476af2|
|75e4e12d-36f5-40ee-a716-d4bdb8d8a505|
|40fb1b73-2f1f-4ed2-8b2d-2cd2d042205d|
|4260efa5-88f0-41d6-9c9e-58723f48e482|
|a03e7225-a4a7-4b21-b573-69ffd4c03fdb|
|ee1e3a51-9f05-4352-99dd-20855b45b376|
|c836f409-45bd-444f-9f4b-1332fb20647f|
|97873203-6f04-43dd-85a2-aebaa9b8e243|
|fdcabf7a-5deb-413b-bd85-6ab0dc57a0b7|
|769a1def-2b85-4dac-bd16-e7e885d32719|
|17d7f8d8-e881-4584-9e7b-87194b8e4247|
|98ecb489-03eb-4266-851d-0aa2b284dc59|
|a0136674-6158-4173-b306-ec8ef251a5ee|
|181a86e1-2afc-454c-9fd6-56aa57bdf20f|
+------------------------------------+


[main] INFO  etl.model.load.Load [] - Loading data
[main] WARN  com.datastax.spark.connector.util.DeprecatedConfigParameter [] - spark.cassandra.connection.timeout_ms is deprecated (DSE 6.0.0) and has been automatically replaced with parameter spark.cassandra.connection.timeoutMS. 
[main] WARN  com.datastax.spark.connector.util.DeprecatedConfigParameter [] - spark.cassandra.read.timeout_ms is deprecated (DSE 6.0.0) and has been automatically replaced with parameter spark.cassandra.read.timeoutMS. 
[main] WARN  com.datastax.spark.connector.util.DeprecatedConfigParameter [] - spark.cassandra.connection.local_dc is deprecated (DSE 6.0.0) and has been automatically replaced with parameter spark.cassandra.connection.localDC. 
[main] INFO  org.apache.spark.sql.execution.datasources.v2.V2ScanRelationPushDown [] - 
Pushing operators to content
Pushed Filters: 
Post-Scan Filters: isnotnull(content_specific_data#4),atleastnnonnulls(1, content_uuid#0, new_state#1, comments#2, content_priority#3, content_specific_data#4, content_type#5, created_date#6L, created_user_id#7, created_user_name#8, digital_content_list#9, expired_date#10L, is_deleted#11, published_by#12, published_date#13, state#14, state_change_note#15, time#16L, title#17, updated_date#18L, updated_user_id#19, updated_user_name#20, user_display_name#21),(instr(content_specific_data#4, usedFor) > 0)
         
[main] INFO  org.apache.spark.sql.execution.datasources.v2.V2ScanRelationPushDown [] - 
Output: content_uuid#0, new_state#1, comments#2, content_priority#3, content_specific_data#4, content_type#5, created_date#6L, created_user_id#7, created_user_name#8, digital_content_list#9, expired_date#10L, is_deleted#11, published_by#12, published_date#13, state#14, state_change_note#15, time#16L, title#17, updated_date#18L, updated_user_id#19, updated_user_name#20, user_display_name#21
         
[main] INFO  etl.provider.impl.YamlProvider [] - Updating job aiPromptQuoteInfoClearAiFields status FAILED
[main] INFO  etl.provider.impl.YamlProvider [] - Updated job aiPromptQuoteInfoClearAiFields status FAILED
[shutdown-hook-0] INFO  org.apache.spark.SparkContext [] - Invoking stop() from shutdown hook
[shutdown-hook-0] INFO  org.apache.spark.SparkContext [] - SparkContext is stopping with exitCode 0.
[shutdown-hook-0] INFO  org.sparkproject.jetty.server.AbstractConnector [] - Stopped Spark@7b66322e{HTTP/1.1, (http/1.1)}{0.0.0.0:4040}
[shutdown-hook-0] INFO  org.apache.spark.ui.SparkUI [] - Stopped Spark web UI at http://192.168.1.41:4040
[Serial shutdown hooks thread] INFO  com.datastax.spark.connector.cql.CassandraConnector [] - Disconnected from Cassandra cluster.
[Serial shutdown hooks thread] INFO  com.datastax.spark.connector.util.SerialShutdownHooks [] - Successfully executed shutdown hook: Clearing session cache for C* connector
[dispatcher-event-loop-4] INFO  org.apache.spark.MapOutputTrackerMasterEndpoint [] - MapOutputTrackerMasterEndpoint stopped!
[shutdown-hook-0] INFO  org.apache.spark.storage.memory.MemoryStore [] - MemoryStore cleared
[shutdown-hook-0] INFO  org.apache.spark.storage.BlockManager [] - BlockManager stopped
[shutdown-hook-0] INFO  org.apache.spark.storage.BlockManagerMaster [] - BlockManagerMaster stopped
[dispatcher-event-loop-2] INFO  org.apache.spark.scheduler.OutputCommitCoordinator$OutputCommitCoordinatorEndpoint [] - OutputCommitCoordinator stopped!
[shutdown-hook-0] INFO  org.apache.spark.SparkContext [] - Successfully stopped SparkContext
[shutdown-hook-0] INFO  org.apache.spark.util.ShutdownHookManager [] - Shutdown hook called
[shutdown-hook-0] INFO  org.apache.spark.util.ShutdownHookManager [] - Deleting directory /tmp/spark-a5b57fa8-aef1-412e-8252-ab1ec3997b69
[main] INFO  Main [] - Remote spark cluster not found!!! Using standalone
[main] WARN  org.apache.spark.util.Utils [] - Your hostname, Subrat-Devnath resolves to a loopback address: 127.0.1.1; using 192.168.1.41 instead (on interface wlp0s20f3)
[main] WARN  org.apache.spark.util.Utils [] - Set SPARK_LOCAL_IP if you need to bind to another address
[main] INFO  org.apache.spark.SparkContext [] - Running Spark version 3.5.0
[main] INFO  org.apache.spark.SparkContext [] - OS info Linux, 6.8.0-138-generic, amd64
[main] INFO  org.apache.spark.SparkContext [] - Java version 11.0.32.1
[main] WARN  org.apache.hadoop.util.NativeCodeLoader [] - Unable to load native-hadoop library for your platform... using builtin-java classes where applicable
[main] INFO  org.apache.spark.resource.ResourceUtils [] - ==============================================================
[main] INFO  org.apache.spark.resource.ResourceUtils [] - No custom resources configured for spark.driver.
[main] INFO  org.apache.spark.resource.ResourceUtils [] - ==============================================================
[main] INFO  org.apache.spark.SparkContext [] - Submitted application: bfd0e85f-b49f-4fcb-a205-c4724f86f80b
[main] INFO  org.apache.spark.resource.ResourceProfile [] - Default ResourceProfile created, executor resources: Map(cores -> name: cores, amount: 1, script: , vendor: , memory -> name: memory, amount: 1024, script: , vendor: , offHeap -> name: offHeap, amount: 0, script: , vendor: ), task resources: Map(cpus -> name: cpus, amount: 1.0)
[main] INFO  org.apache.spark.resource.ResourceProfile [] - Limiting resource is cpu
[main] INFO  org.apache.spark.resource.ResourceProfileManager [] - Added ResourceProfile id: 0
[main] INFO  org.apache.spark.SecurityManager [] - Changing view acls to: subratd
[main] INFO  org.apache.spark.SecurityManager [] - Changing modify acls to: subratd
[main] INFO  org.apache.spark.SecurityManager [] - Changing view acls groups to: 
[main] INFO  org.apache.spark.SecurityManager [] - Changing modify acls groups to: 
[main] INFO  org.apache.spark.SecurityManager [] - SecurityManager: authentication disabled; ui acls disabled; users with view permissions: subratd; groups with view permissions: EMPTY; users with modify permissions: subratd; groups with modify permissions: EMPTY
[main] INFO  org.apache.spark.util.Utils [] - Successfully started service 'sparkDriver' on port 32971.
[main] INFO  org.apache.spark.SparkEnv [] - Registering MapOutputTracker
[main] INFO  org.apache.spark.SparkEnv [] - Registering BlockManagerMaster
[main] INFO  org.apache.spark.storage.BlockManagerMasterEndpoint [] - Using org.apache.spark.storage.DefaultTopologyMapper for getting topology information
[main] INFO  org.apache.spark.storage.BlockManagerMasterEndpoint [] - BlockManagerMasterEndpoint up
[main] INFO  org.apache.spark.SparkEnv [] - Registering BlockManagerMasterHeartbeat
[main] INFO  org.apache.spark.storage.DiskBlockManager [] - Created local directory at /tmp/blockmgr-1eb1abc5-1932-48e9-a42e-cbf889cfc6ea
[main] INFO  org.apache.spark.storage.memory.MemoryStore [] - MemoryStore started with capacity 2.1 GiB
[main] INFO  org.apache.spark.SparkEnv [] - Registering OutputCommitCoordinator
[main] INFO  org.sparkproject.jetty.util.log [] - Logging initialized @3501ms to org.sparkproject.jetty.util.log.Slf4jLog
[main] INFO  org.apache.spark.ui.JettyUtils [] - Start Jetty 0.0.0.0:4040 for SparkUI
[main] INFO  org.sparkproject.jetty.server.Server [] - jetty-9.4.52.v20230823; built: 2023-08-23T19:29:37.669Z; git: abdcda73818a1a2c705da276edb0bf6581e7997e; jvm 11.0.32.1+1-post-1ubuntu1-22.04-Ubuntu
[main] INFO  org.sparkproject.jetty.server.Server [] - Started @3702ms
[main] INFO  org.sparkproject.jetty.server.AbstractConnector [] - Started ServerConnector@7b66322e{HTTP/1.1, (http/1.1)}{0.0.0.0:4040}
[main] INFO  org.apache.spark.util.Utils [] - Successfully started service 'SparkUI' on port 4040.
[main] INFO  org.sparkproject.jetty.server.handler.ContextHandler [] - Started o.s.j.s.ServletContextHandler@490c7a83{/,null,AVAILABLE,@Spark}
[main] INFO  org.apache.spark.executor.Executor [] - Starting executor ID driver on host 192.168.1.41
[main] INFO  org.apache.spark.executor.Executor [] - OS info Linux, 6.8.0-138-generic, amd64
[main] INFO  org.apache.spark.executor.Executor [] - Java version 11.0.32.1
[main] INFO  org.apache.spark.executor.Executor [] - Starting executor with user classpath (userClassPathFirst = false): ''
[main] INFO  org.apache.spark.executor.Executor [] - Created or updated repl class loader org.apache.spark.util.MutableURLClassLoader@64f981e2 for default.
[main] INFO  org.apache.spark.util.Utils [] - Successfully started service 'org.apache.spark.network.netty.NettyBlockTransferService' on port 38155.
[main] INFO  org.apache.spark.network.netty.NettyBlockTransferService [] - Server created on 192.168.1.41:38155
[main] INFO  org.apache.spark.storage.BlockManager [] - Using org.apache.spark.storage.RandomBlockReplicationPolicy for block replication policy
[main] INFO  org.apache.spark.storage.BlockManagerMaster [] - Registering BlockManager BlockManagerId(driver, 192.168.1.41, 38155, None)
[dispatcher-BlockManagerMaster] INFO  org.apache.spark.storage.BlockManagerMasterEndpoint [] - Registering block manager 192.168.1.41:38155 with 2.1 GiB RAM, BlockManagerId(driver, 192.168.1.41, 38155, None)
[main] INFO  org.apache.spark.storage.BlockManagerMaster [] - Registered BlockManager BlockManagerId(driver, 192.168.1.41, 38155, None)
[main] INFO  org.apache.spark.storage.BlockManager [] - Initialized BlockManager: BlockManagerId(driver, 192.168.1.41, 38155, None)
[main] INFO  org.sparkproject.jetty.server.handler.ContextHandler [] - Stopped o.s.j.s.ServletContextHandler@490c7a83{/,null,STOPPED,@Spark}
[main] INFO  org.sparkproject.jetty.server.handler.ContextHandler [] - Started o.s.j.s.ServletContextHandler@9dada78{/jobs,null,AVAILABLE,@Spark}
[main] INFO  org.sparkproject.jetty.server.handler.ContextHandler [] - Started o.s.j.s.ServletContextHandler@2c829dbc{/jobs/json,null,AVAILABLE,@Spark}
[main] INFO  org.sparkproject.jetty.server.handler.ContextHandler [] - Started o.s.j.s.ServletContextHandler@67cffead{/jobs/job,null,AVAILABLE,@Spark}
[main] INFO  org.sparkproject.jetty.server.handler.ContextHandler [] - Started o.s.j.s.ServletContextHandler@1ff15a50{/jobs/job/json,null,AVAILABLE,@Spark}
[main] INFO  org.sparkproject.jetty.server.handler.ContextHandler [] - Started o.s.j.s.ServletContextHandler@39de9bda{/stages,null,AVAILABLE,@Spark}
[main] INFO  org.sparkproject.jetty.server.handler.ContextHandler [] - Started o.s.j.s.ServletContextHandler@52226e57{/stages/json,null,AVAILABLE,@Spark}
[main] INFO  org.sparkproject.jetty.server.handler.ContextHandler [] - Started o.s.j.s.ServletContextHandler@5af64ce0{/stages/stage,null,AVAILABLE,@Spark}
[main] INFO  org.sparkproject.jetty.server.handler.ContextHandler [] - Started o.s.j.s.ServletContextHandler@17229821{/stages/stage/json,null,AVAILABLE,@Spark}
[main] INFO  org.sparkproject.jetty.server.handler.ContextHandler [] - Started o.s.j.s.ServletContextHandler@66fb45e5{/stages/pool,null,AVAILABLE,@Spark}
[main] INFO  org.sparkproject.jetty.server.handler.ContextHandler [] - Started o.s.j.s.ServletContextHandler@6f5e16cf{/stages/pool/json,null,AVAILABLE,@Spark}
[main] INFO  org.sparkproject.jetty.server.handler.ContextHandler [] - Started o.s.j.s.ServletContextHandler@49e2b3c5{/storage,null,AVAILABLE,@Spark}
[main] INFO  org.sparkproject.jetty.server.handler.ContextHandler [] - Started o.s.j.s.ServletContextHandler@49f3ff41{/storage/json,null,AVAILABLE,@Spark}
[main] INFO  org.sparkproject.jetty.server.handler.ContextHandler [] - Started o.s.j.s.ServletContextHandler@30db5536{/storage/rdd,null,AVAILABLE,@Spark}
[main] INFO  org.sparkproject.jetty.server.handler.ContextHandler [] - Started o.s.j.s.ServletContextHandler@136ccbfe{/storage/rdd/json,null,AVAILABLE,@Spark}
[main] INFO  org.sparkproject.jetty.server.handler.ContextHandler [] - Started o.s.j.s.ServletContextHandler@484149eb{/environment,null,AVAILABLE,@Spark}
[main] INFO  org.sparkproject.jetty.server.handler.ContextHandler [] - Started o.s.j.s.ServletContextHandler@61874b9d{/environment/json,null,AVAILABLE,@Spark}
[main] INFO  org.sparkproject.jetty.server.handler.ContextHandler [] - Started o.s.j.s.ServletContextHandler@4f2d014a{/executors,null,AVAILABLE,@Spark}
[main] INFO  org.sparkproject.jetty.server.handler.ContextHandler [] - Started o.s.j.s.ServletContextHandler@a7cf42f{/executors/json,null,AVAILABLE,@Spark}
[main] INFO  org.sparkproject.jetty.server.handler.ContextHandler [] - Started o.s.j.s.ServletContextHandler@28e0e464{/executors/threadDump,null,AVAILABLE,@Spark}
[main] INFO  org.sparkproject.jetty.server.handler.ContextHandler [] - Started o.s.j.s.ServletContextHandler@70a898b0{/executors/threadDump/json,null,AVAILABLE,@Spark}
[main] INFO  org.sparkproject.jetty.server.handler.ContextHandler [] - Started o.s.j.s.ServletContextHandler@54336976{/executors/heapHistogram,null,AVAILABLE,@Spark}
[main] INFO  org.sparkproject.jetty.server.handler.ContextHandler [] - Started o.s.j.s.ServletContextHandler@3b7c80c6{/executors/heapHistogram/json,null,AVAILABLE,@Spark}
[main] INFO  org.sparkproject.jetty.server.handler.ContextHandler [] - Started o.s.j.s.ServletContextHandler@7499eac7{/static,null,AVAILABLE,@Spark}
[main] INFO  org.sparkproject.jetty.server.handler.ContextHandler [] - Started o.s.j.s.ServletContextHandler@17043b04{/,null,AVAILABLE,@Spark}
[main] INFO  org.sparkproject.jetty.server.handler.ContextHandler [] - Started o.s.j.s.ServletContextHandler@31f295b6{/api,null,AVAILABLE,@Spark}
[main] INFO  org.sparkproject.jetty.server.handler.ContextHandler [] - Started o.s.j.s.ServletContextHandler@32f5ecc4{/jobs/job/kill,null,AVAILABLE,@Spark}
[main] INFO  org.sparkproject.jetty.server.handler.ContextHandler [] - Started o.s.j.s.ServletContextHandler@1ba467c2{/stages/stage/kill,null,AVAILABLE,@Spark}
[main] INFO  org.sparkproject.jetty.server.handler.ContextHandler [] - Started o.s.j.s.ServletContextHandler@468e8565{/metrics/json,null,AVAILABLE,@Spark}
[main] INFO  org.apache.spark.sql.internal.SharedState [] - Setting hive.metastore.warehouse.dir ('null') to the value of spark.sql.warehouse.dir.
[main] INFO  org.apache.spark.sql.internal.SharedState [] - Warehouse path is 'file:/home/subratd/Documents/etl/spark-warehouse'.
[main] INFO  org.sparkproject.jetty.server.handler.ContextHandler [] - Started o.s.j.s.ServletContextHandler@202898d7{/SQL,null,AVAILABLE,@Spark}
[main] INFO  org.sparkproject.jetty.server.handler.ContextHandler [] - Started o.s.j.s.ServletContextHandler@2c719bd4{/SQL/json,null,AVAILABLE,@Spark}
[main] INFO  org.sparkproject.jetty.server.handler.ContextHandler [] - Started o.s.j.s.ServletContextHandler@6048e26a{/SQL/execution,null,AVAILABLE,@Spark}
[main] INFO  org.sparkproject.jetty.server.handler.ContextHandler [] - Started o.s.j.s.ServletContextHandler@44286963{/SQL/execution/json,null,AVAILABLE,@Spark}
[main] INFO  org.sparkproject.jetty.server.handler.ContextHandler [] - Started o.s.j.s.ServletContextHandler@8f40022{/static/sql,null,AVAILABLE,@Spark}
[main] WARN  org.apache.spark.sql.catalyst.analysis.SimpleFunctionRegistry [] - The function int replaced a previously registered function.
[main] WARN  org.apache.spark.sql.catalyst.analysis.SimpleFunctionRegistry [] - The function boolean replaced a previously registered function.
[main] WARN  org.apache.spark.sql.catalyst.analysis.SimpleFunctionRegistry [] - The function double replaced a previously registered function.
[main] WARN  org.apache.spark.sql.catalyst.analysis.SimpleFunctionRegistry [] - The function binary replaced a previously registered function.
[main] WARN  org.apache.spark.sql.catalyst.analysis.SimpleFunctionRegistry [] - The function date replaced a previously registered function.
[main] WARN  org.apache.spark.sql.catalyst.analysis.SimpleFunctionRegistry [] - The function timestamp replaced a previously registered function.
[main] WARN  org.apache.spark.sql.catalyst.analysis.SimpleFunctionRegistry [] - The function now replaced a previously registered function.
[main] WARN  org.apache.spark.sql.catalyst.analysis.SimpleFunctionRegistry [] - The function uuid replaced a previously registered function.
[main] WARN  org.apache.spark.sql.catalyst.analysis.SimpleFunctionRegistry [] - The function replace replaced a previously registered function.
[main] WARN  org.apache.spark.sql.catalyst.analysis.SimpleFunctionRegistry [] - The function split replaced a previously registered function.
[main] INFO  etl.provider.impl.YamlProvider [] - Loading Job - job.yml
[main] INFO  etl.ETLJob [] - Start processing job aiPromptQuoteInfoClearAiFields
[main] INFO  etl.provider.impl.YamlProvider [] - Updating job aiPromptQuoteInfoClearAiFields status PROCESSING
[main] INFO  etl.provider.impl.YamlProvider [] - Updated job aiPromptQuoteInfoClearAiFields status PROCESSING
[main] INFO  etl.model.extract.Extract [] - Extracting org.apache.spark.sql.cassandra to data
[main] INFO  etl.model.extract.Extract [] - Options {keyspace=subrat_main, table=content}
[main] WARN  com.datastax.spark.connector.util.DeprecatedConfigParameter [] - spark.cassandra.connection.timeout_ms is deprecated (DSE 6.0.0) and has been automatically replaced with parameter spark.cassandra.connection.timeoutMS. 
[main] WARN  com.datastax.spark.connector.util.DeprecatedConfigParameter [] - spark.cassandra.read.timeout_ms is deprecated (DSE 6.0.0) and has been automatically replaced with parameter spark.cassandra.read.timeoutMS. 
[main] WARN  com.datastax.spark.connector.util.DeprecatedConfigParameter [] - spark.cassandra.connection.local_dc is deprecated (DSE 6.0.0) and has been automatically replaced with parameter spark.cassandra.connection.localDC. 
[main] INFO  com.datastax.oss.driver.internal.core.DefaultMavenCoordinates [] - DataStax Java driver for Apache Cassandra(R) (com.datastax.oss:java-driver-core-shaded) version 4.13.0
[s0-admin-0] INFO  com.datastax.oss.driver.internal.core.time.Clock [] - Using native clock for microsecond precision
[main] INFO  com.datastax.spark.connector.cql.CassandraConnector [] - Connected to Cassandra cluster.
[main] WARN  com.datastax.spark.connector.util.DeprecatedConfigParameter [] - spark.cassandra.connection.timeout_ms is deprecated (DSE 6.0.0) and has been automatically replaced with parameter spark.cassandra.connection.timeoutMS. 
[main] WARN  com.datastax.spark.connector.util.DeprecatedConfigParameter [] - spark.cassandra.read.timeout_ms is deprecated (DSE 6.0.0) and has been automatically replaced with parameter spark.cassandra.read.timeoutMS. 
[main] WARN  com.datastax.spark.connector.util.DeprecatedConfigParameter [] - spark.cassandra.connection.local_dc is deprecated (DSE 6.0.0) and has been automatically replaced with parameter spark.cassandra.connection.localDC. 
[heartbeat-receiver-event-loop-thread] WARN  org.apache.spark.rpc.netty.NettyRpcEnv [] - Ignored message: HeartbeatResponse(false)
[executor-heartbeater] WARN  org.apache.spark.executor.Executor [] - Issue communicating with driver in heartbeater
org.apache.spark.rpc.RpcTimeoutException: Futures timed out after [10000 milliseconds]. This timeout is controlled by spark.executor.heartbeatInterval
	at org.apache.spark.rpc.RpcTimeout.org$apache$spark$rpc$RpcTimeout$$createRpcTimeoutException(RpcTimeout.scala:47) ~[spark-core_2.12-3.5.0.jar:3.5.0]
	at org.apache.spark.rpc.RpcTimeout$$anonfun$addMessageIfTimeout$1.applyOrElse(RpcTimeout.scala:62) ~[spark-core_2.12-3.5.0.jar:3.5.0]
	at org.apache.spark.rpc.RpcTimeout$$anonfun$addMessageIfTimeout$1.applyOrElse(RpcTimeout.scala:58) ~[spark-core_2.12-3.5.0.jar:3.5.0]
	at scala.runtime.AbstractPartialFunction.apply(AbstractPartialFunction.scala:38) ~[scala-library-2.12.18.jar:?]
	at org.apache.spark.rpc.RpcTimeout.awaitResult(RpcTimeout.scala:76) ~[spark-core_2.12-3.5.0.jar:3.5.0]
	at org.apache.spark.rpc.RpcEndpointRef.askSync(RpcEndpointRef.scala:101) ~[spark-core_2.12-3.5.0.jar:3.5.0]
	at org.apache.spark.executor.Executor.reportHeartBeat(Executor.scala:1219) ~[spark-core_2.12-3.5.0.jar:3.5.0]
	at org.apache.spark.executor.Executor.$anonfun$heartbeater$1(Executor.scala:295) ~[spark-core_2.12-3.5.0.jar:3.5.0]
	at scala.runtime.java8.JFunction0$mcV$sp.apply(JFunction0$mcV$sp.java:23) [scala-library-2.12.18.jar:?]
	at org.apache.spark.util.Utils$.logUncaughtExceptions(Utils.scala:1928) [spark-core_2.12-3.5.0.jar:3.5.0]
	at org.apache.spark.Heartbeater$$anon$1.run(Heartbeater.scala:46) [spark-core_2.12-3.5.0.jar:3.5.0]
	at java.util.concurrent.Executors$RunnableAdapter.call(Executors.java:515) [?:?]
	at java.util.concurrent.FutureTask.runAndReset$$$capture(FutureTask.java:305) [?:?]
	at java.util.concurrent.FutureTask.runAndReset(FutureTask.java) [?:?]
	at java.util.concurrent.ScheduledThreadPoolExecutor$ScheduledFutureTask.run(ScheduledThreadPoolExecutor.java:305) [?:?]
	at java.util.concurrent.ThreadPoolExecutor.runWorker(ThreadPoolExecutor.java:1128) [?:?]
	at java.util.concurrent.ThreadPoolExecutor$Worker.run(ThreadPoolExecutor.java:628) [?:?]
	at java.lang.Thread.run(Thread.java:829) [?:?]
Caused by: java.util.concurrent.TimeoutException: Futures timed out after [10000 milliseconds]
	at scala.concurrent.impl.Promise$DefaultPromise.ready(Promise.scala:259) ~[scala-library-2.12.18.jar:?]
	at scala.concurrent.impl.Promise$DefaultPromise.result(Promise.scala:263) ~[scala-library-2.12.18.jar:?]
	at org.apache.spark.util.SparkThreadUtils$.awaitResult(SparkThreadUtils.scala:48) ~[spark-common-utils_2.12-3.5.0.jar:3.5.0]
	at org.apache.spark.util.ThreadUtils$.awaitResult(ThreadUtils.scala:310) ~[spark-core_2.12-3.5.0.jar:3.5.0]
	at org.apache.spark.rpc.RpcTimeout.awaitResult(RpcTimeout.scala:75) ~[spark-core_2.12-3.5.0.jar:3.5.0]
	... 13 more
[main] INFO  etl.model.transform.Transform [] - Transforming data to data with filter_expression
[main] INFO  etl.model.transform.Transform [] - Transforming data to data with add
[main] INFO  etl.model.transform.Transform [] - Transforming data to data with select
[main] INFO  etl.model.transform.Transform [] - Transforming data to data with debug
[main] WARN  com.datastax.spark.connector.util.DeprecatedConfigParameter [] - spark.cassandra.connection.timeout_ms is deprecated (DSE 6.0.0) and has been automatically replaced with parameter spark.cassandra.connection.timeoutMS. 
[main] WARN  com.datastax.spark.connector.util.DeprecatedConfigParameter [] - spark.cassandra.read.timeout_ms is deprecated (DSE 6.0.0) and has been automatically replaced with parameter spark.cassandra.read.timeoutMS. 
[main] WARN  com.datastax.spark.connector.util.DeprecatedConfigParameter [] - spark.cassandra.connection.local_dc is deprecated (DSE 6.0.0) and has been automatically replaced with parameter spark.cassandra.connection.localDC. 
[main] INFO  org.apache.spark.sql.execution.datasources.v2.V2ScanRelationPushDown [] - 
Pushing operators to content
Pushed Filters: 
Post-Scan Filters: isnotnull(content_specific_data#4),atleastnnonnulls(1, content_uuid#0, new_state#1, comments#2, content_priority#3, content_specific_data#4, content_type#5, created_date#6L, created_user_id#7, created_user_name#8, digital_content_list#9, expired_date#10L, is_deleted#11, published_by#12, published_date#13, state#14, state_change_note#15, time#16L, title#17, updated_date#18L, updated_user_id#19, updated_user_name#20, user_display_name#21),(instr(content_specific_data#4, usedFor) > 0)
         
[main] INFO  org.apache.spark.sql.execution.datasources.v2.V2ScanRelationPushDown [] - 
Output: content_uuid#0, new_state#1, comments#2, content_priority#3, content_specific_data#4, content_type#5, created_date#6L, created_user_id#7, created_user_name#8, digital_content_list#9, expired_date#10L, is_deleted#11, published_by#12, published_date#13, state#14, state_change_note#15, time#16L, title#17, updated_date#18L, updated_user_id#19, updated_user_name#20, user_display_name#21
         
[main] INFO  org.apache.spark.sql.catalyst.expressions.codegen.CodeGenerator [] - Code generated in 270.323726 ms
[main] INFO  org.apache.spark.SparkContext [] - Starting job: show at DebugAction.java:23
[dag-scheduler-event-loop] INFO  org.apache.spark.scheduler.DAGScheduler [] - Got job 0 (show at DebugAction.java:23) with 1 output partitions
[dag-scheduler-event-loop] INFO  org.apache.spark.scheduler.DAGScheduler [] - Final stage: ResultStage 0 (show at DebugAction.java:23)
[dag-scheduler-event-loop] INFO  org.apache.spark.scheduler.DAGScheduler [] - Parents of final stage: List()
[dag-scheduler-event-loop] INFO  org.apache.spark.scheduler.DAGScheduler [] - Missing parents: List()
[dag-scheduler-event-loop] INFO  org.apache.spark.scheduler.DAGScheduler [] - Submitting ResultStage 0 (MapPartitionsRDD[3] at show at DebugAction.java:23), which has no missing parents
[dag-scheduler-event-loop] INFO  org.apache.spark.storage.memory.MemoryStore [] - Block broadcast_0 stored as values in memory (estimated size 33.4 KiB, free 2.1 GiB)
[dag-scheduler-event-loop] INFO  org.apache.spark.storage.memory.MemoryStore [] - Block broadcast_0_piece0 stored as bytes in memory (estimated size 12.8 KiB, free 2.1 GiB)
[dispatcher-BlockManagerMaster] INFO  org.apache.spark.storage.BlockManagerInfo [] - Added broadcast_0_piece0 in memory on 192.168.1.41:38155 (size: 12.8 KiB, free: 2.1 GiB)
[dag-scheduler-event-loop] INFO  org.apache.spark.SparkContext [] - Created broadcast 0 from broadcast at DAGScheduler.scala:1580
[dag-scheduler-event-loop] INFO  org.apache.spark.scheduler.DAGScheduler [] - Submitting 1 missing tasks from ResultStage 0 (MapPartitionsRDD[3] at show at DebugAction.java:23) (first 15 tasks are for partitions Vector(0))
[dag-scheduler-event-loop] INFO  org.apache.spark.scheduler.TaskSchedulerImpl [] - Adding task set 0.0 with 1 tasks resource profile 0
[dispatcher-event-loop-6] INFO  org.apache.spark.scheduler.TaskSetManager [] - Starting task 0.0 in stage 0.0 (TID 0) (192.168.1.41, executor driver, partition 0, ANY, 9529 bytes) 
[Executor task launch worker for task 0.0 in stage 0.0 (TID 0)] INFO  org.apache.spark.executor.Executor [] - Running task 0.0 in stage 0.0 (TID 0)
[Executor task launch worker for task 0.0 in stage 0.0 (TID 0)] INFO  org.apache.spark.sql.catalyst.expressions.codegen.CodeGenerator [] - Code generated in 49.983937 ms
[Executor task launch worker for task 0.0 in stage 0.0 (TID 0)] INFO  org.apache.spark.sql.catalyst.expressions.codegen.CodeGenerator [] - Code generated in 54.333017 ms
[Executor task launch worker for task 0.0 in stage 0.0 (TID 0)] INFO  org.apache.spark.executor.Executor [] - Finished task 0.0 in stage 0.0 (TID 0). 1551 bytes result sent to driver
[task-result-getter-0] INFO  org.apache.spark.scheduler.TaskSetManager [] - Finished task 0.0 in stage 0.0 (TID 0) in 607 ms on 192.168.1.41 (executor driver) (1/1)
[task-result-getter-0] INFO  org.apache.spark.scheduler.TaskSchedulerImpl [] - Removed TaskSet 0.0, whose tasks have all completed, from pool 
[dag-scheduler-event-loop] INFO  org.apache.spark.scheduler.DAGScheduler [] - ResultStage 0 (show at DebugAction.java:23) finished in 0.963 s
[dag-scheduler-event-loop] INFO  org.apache.spark.scheduler.DAGScheduler [] - Job 0 is finished. Cancelling potential speculative or zombie tasks for this job
[dag-scheduler-event-loop] INFO  org.apache.spark.scheduler.TaskSchedulerImpl [] - Killing all running tasks in stage 0: Stage finished
[main] INFO  org.apache.spark.scheduler.DAGScheduler [] - Job 0 finished: show at DebugAction.java:23, took 1.020892 s
[main] INFO  org.apache.spark.SparkContext [] - Starting job: show at DebugAction.java:23
[dag-scheduler-event-loop] INFO  org.apache.spark.scheduler.DAGScheduler [] - Got job 1 (show at DebugAction.java:23) with 4 output partitions
[dag-scheduler-event-loop] INFO  org.apache.spark.scheduler.DAGScheduler [] - Final stage: ResultStage 1 (show at DebugAction.java:23)
[dag-scheduler-event-loop] INFO  org.apache.spark.scheduler.DAGScheduler [] - Parents of final stage: List()
[dag-scheduler-event-loop] INFO  org.apache.spark.scheduler.DAGScheduler [] - Missing parents: List()
[dag-scheduler-event-loop] INFO  org.apache.spark.scheduler.DAGScheduler [] - Submitting ResultStage 1 (MapPartitionsRDD[3] at show at DebugAction.java:23), which has no missing parents
[dag-scheduler-event-loop] INFO  org.apache.spark.storage.memory.MemoryStore [] - Block broadcast_1 stored as values in memory (estimated size 33.4 KiB, free 2.1 GiB)
[dag-scheduler-event-loop] INFO  org.apache.spark.storage.memory.MemoryStore [] - Block broadcast_1_piece0 stored as bytes in memory (estimated size 12.9 KiB, free 2.1 GiB)
[dispatcher-BlockManagerMaster] INFO  org.apache.spark.storage.BlockManagerInfo [] - Added broadcast_1_piece0 in memory on 192.168.1.41:38155 (size: 12.9 KiB, free: 2.1 GiB)
[dag-scheduler-event-loop] INFO  org.apache.spark.SparkContext [] - Created broadcast 1 from broadcast at DAGScheduler.scala:1580
[dag-scheduler-event-loop] INFO  org.apache.spark.scheduler.DAGScheduler [] - Submitting 4 missing tasks from ResultStage 1 (MapPartitionsRDD[3] at show at DebugAction.java:23) (first 15 tasks are for partitions Vector(1, 2, 3, 4))
[dag-scheduler-event-loop] INFO  org.apache.spark.scheduler.TaskSchedulerImpl [] - Adding task set 1.0 with 4 tasks resource profile 0
[dispatcher-event-loop-1] INFO  org.apache.spark.scheduler.TaskSetManager [] - Starting task 0.0 in stage 1.0 (TID 1) (192.168.1.41, executor driver, partition 1, ANY, 9529 bytes) 
[dispatcher-event-loop-1] INFO  org.apache.spark.scheduler.TaskSetManager [] - Starting task 1.0 in stage 1.0 (TID 2) (192.168.1.41, executor driver, partition 2, ANY, 9529 bytes) 
[dispatcher-event-loop-1] INFO  org.apache.spark.scheduler.TaskSetManager [] - Starting task 2.0 in stage 1.0 (TID 3) (192.168.1.41, executor driver, partition 3, ANY, 9529 bytes) 
[dispatcher-event-loop-1] INFO  org.apache.spark.scheduler.TaskSetManager [] - Starting task 3.0 in stage 1.0 (TID 4) (192.168.1.41, executor driver, partition 4, ANY, 9529 bytes) 
[Executor task launch worker for task 0.0 in stage 1.0 (TID 1)] INFO  org.apache.spark.executor.Executor [] - Running task 0.0 in stage 1.0 (TID 1)
[Executor task launch worker for task 1.0 in stage 1.0 (TID 2)] INFO  org.apache.spark.executor.Executor [] - Running task 1.0 in stage 1.0 (TID 2)
[Executor task launch worker for task 3.0 in stage 1.0 (TID 4)] INFO  org.apache.spark.executor.Executor [] - Running task 3.0 in stage 1.0 (TID 4)
[Executor task launch worker for task 2.0 in stage 1.0 (TID 3)] INFO  org.apache.spark.executor.Executor [] - Running task 2.0 in stage 1.0 (TID 3)
[Executor task launch worker for task 0.0 in stage 1.0 (TID 1)] INFO  org.apache.spark.executor.Executor [] - Finished task 0.0 in stage 1.0 (TID 1). 1508 bytes result sent to driver
[Executor task launch worker for task 2.0 in stage 1.0 (TID 3)] INFO  org.apache.spark.executor.Executor [] - Finished task 2.0 in stage 1.0 (TID 3). 1609 bytes result sent to driver
[task-result-getter-1] INFO  org.apache.spark.scheduler.TaskSetManager [] - Finished task 0.0 in stage 1.0 (TID 1) in 160 ms on 192.168.1.41 (executor driver) (1/4)
[task-result-getter-2] INFO  org.apache.spark.scheduler.TaskSetManager [] - Finished task 2.0 in stage 1.0 (TID 3) in 161 ms on 192.168.1.41 (executor driver) (2/4)
[Executor task launch worker for task 3.0 in stage 1.0 (TID 4)] INFO  org.apache.spark.executor.Executor [] - Finished task 3.0 in stage 1.0 (TID 4). 1609 bytes result sent to driver
[Executor task launch worker for task 1.0 in stage 1.0 (TID 2)] INFO  org.apache.spark.executor.Executor [] - Finished task 1.0 in stage 1.0 (TID 2). 1508 bytes result sent to driver
[task-result-getter-3] INFO  org.apache.spark.scheduler.TaskSetManager [] - Finished task 3.0 in stage 1.0 (TID 4) in 172 ms on 192.168.1.41 (executor driver) (3/4)
[task-result-getter-0] INFO  org.apache.spark.scheduler.TaskSetManager [] - Finished task 1.0 in stage 1.0 (TID 2) in 176 ms on 192.168.1.41 (executor driver) (4/4)
[task-result-getter-0] INFO  org.apache.spark.scheduler.TaskSchedulerImpl [] - Removed TaskSet 1.0, whose tasks have all completed, from pool 
[dag-scheduler-event-loop] INFO  org.apache.spark.scheduler.DAGScheduler [] - ResultStage 1 (show at DebugAction.java:23) finished in 0.191 s
[dag-scheduler-event-loop] INFO  org.apache.spark.scheduler.DAGScheduler [] - Job 1 is finished. Cancelling potential speculative or zombie tasks for this job
[dag-scheduler-event-loop] INFO  org.apache.spark.scheduler.TaskSchedulerImpl [] - Killing all running tasks in stage 1: Stage finished
[main] INFO  org.apache.spark.scheduler.DAGScheduler [] - Job 1 finished: show at DebugAction.java:23, took 0.199260 s
[main] INFO  org.apache.spark.SparkContext [] - Starting job: show at DebugAction.java:23
[dag-scheduler-event-loop] INFO  org.apache.spark.scheduler.DAGScheduler [] - Got job 2 (show at DebugAction.java:23) with 13 output partitions
[dag-scheduler-event-loop] INFO  org.apache.spark.scheduler.DAGScheduler [] - Final stage: ResultStage 2 (show at DebugAction.java:23)
[dag-scheduler-event-loop] INFO  org.apache.spark.scheduler.DAGScheduler [] - Parents of final stage: List()
[dag-scheduler-event-loop] INFO  org.apache.spark.scheduler.DAGScheduler [] - Missing parents: List()
[dag-scheduler-event-loop] INFO  org.apache.spark.scheduler.DAGScheduler [] - Submitting ResultStage 2 (MapPartitionsRDD[3] at show at DebugAction.java:23), which has no missing parents
[dag-scheduler-event-loop] INFO  org.apache.spark.storage.memory.MemoryStore [] - Block broadcast_2 stored as values in memory (estimated size 33.4 KiB, free 2.1 GiB)
[dag-scheduler-event-loop] INFO  org.apache.spark.storage.memory.MemoryStore [] - Block broadcast_2_piece0 stored as bytes in memory (estimated size 12.9 KiB, free 2.1 GiB)
[dispatcher-BlockManagerMaster] INFO  org.apache.spark.storage.BlockManagerInfo [] - Added broadcast_2_piece0 in memory on 192.168.1.41:38155 (size: 12.9 KiB, free: 2.1 GiB)
[dag-scheduler-event-loop] INFO  org.apache.spark.SparkContext [] - Created broadcast 2 from broadcast at DAGScheduler.scala:1580
[dag-scheduler-event-loop] INFO  org.apache.spark.scheduler.DAGScheduler [] - Submitting 13 missing tasks from ResultStage 2 (MapPartitionsRDD[3] at show at DebugAction.java:23) (first 15 tasks are for partitions Vector(5, 6, 7, 8, 9, 10, 11, 12, 13, 14, 15, 16, 17))
[dag-scheduler-event-loop] INFO  org.apache.spark.scheduler.TaskSchedulerImpl [] - Adding task set 2.0 with 13 tasks resource profile 0
[dispatcher-event-loop-2] INFO  org.apache.spark.scheduler.TaskSetManager [] - Starting task 0.0 in stage 2.0 (TID 5) (192.168.1.41, executor driver, partition 5, ANY, 9529 bytes) 
[dispatcher-event-loop-2] INFO  org.apache.spark.scheduler.TaskSetManager [] - Starting task 1.0 in stage 2.0 (TID 6) (192.168.1.41, executor driver, partition 6, ANY, 9529 bytes) 
[dispatcher-event-loop-2] INFO  org.apache.spark.scheduler.TaskSetManager [] - Starting task 2.0 in stage 2.0 (TID 7) (192.168.1.41, executor driver, partition 7, ANY, 9529 bytes) 
[dispatcher-event-loop-2] INFO  org.apache.spark.scheduler.TaskSetManager [] - Starting task 3.0 in stage 2.0 (TID 8) (192.168.1.41, executor driver, partition 8, ANY, 9529 bytes) 
[dispatcher-event-loop-2] INFO  org.apache.spark.scheduler.TaskSetManager [] - Starting task 4.0 in stage 2.0 (TID 9) (192.168.1.41, executor driver, partition 9, ANY, 9529 bytes) 
[dispatcher-event-loop-2] INFO  org.apache.spark.scheduler.TaskSetManager [] - Starting task 5.0 in stage 2.0 (TID 10) (192.168.1.41, executor driver, partition 10, ANY, 9529 bytes) 
[dispatcher-event-loop-2] INFO  org.apache.spark.scheduler.TaskSetManager [] - Starting task 6.0 in stage 2.0 (TID 11) (192.168.1.41, executor driver, partition 11, ANY, 9529 bytes) 
[dispatcher-event-loop-2] INFO  org.apache.spark.scheduler.TaskSetManager [] - Starting task 7.0 in stage 2.0 (TID 12) (192.168.1.41, executor driver, partition 12, ANY, 9529 bytes) 
[Executor task launch worker for task 0.0 in stage 2.0 (TID 5)] INFO  org.apache.spark.executor.Executor [] - Running task 0.0 in stage 2.0 (TID 5)
[Executor task launch worker for task 3.0 in stage 2.0 (TID 8)] INFO  org.apache.spark.executor.Executor [] - Running task 3.0 in stage 2.0 (TID 8)
[Executor task launch worker for task 1.0 in stage 2.0 (TID 6)] INFO  org.apache.spark.executor.Executor [] - Running task 1.0 in stage 2.0 (TID 6)
[Executor task launch worker for task 2.0 in stage 2.0 (TID 7)] INFO  org.apache.spark.executor.Executor [] - Running task 2.0 in stage 2.0 (TID 7)
[Executor task launch worker for task 6.0 in stage 2.0 (TID 11)] INFO  org.apache.spark.executor.Executor [] - Running task 6.0 in stage 2.0 (TID 11)
[Executor task launch worker for task 5.0 in stage 2.0 (TID 10)] INFO  org.apache.spark.executor.Executor [] - Running task 5.0 in stage 2.0 (TID 10)
[Executor task launch worker for task 4.0 in stage 2.0 (TID 9)] INFO  org.apache.spark.executor.Executor [] - Running task 4.0 in stage 2.0 (TID 9)
[Executor task launch worker for task 7.0 in stage 2.0 (TID 12)] INFO  org.apache.spark.executor.Executor [] - Running task 7.0 in stage 2.0 (TID 12)
[Executor task launch worker for task 0.0 in stage 2.0 (TID 5)] INFO  org.apache.spark.executor.Executor [] - Finished task 0.0 in stage 2.0 (TID 5). 1609 bytes result sent to driver
[dispatcher-event-loop-3] INFO  org.apache.spark.scheduler.TaskSetManager [] - Starting task 8.0 in stage 2.0 (TID 13) (192.168.1.41, executor driver, partition 13, ANY, 9529 bytes) 
[Executor task launch worker for task 8.0 in stage 2.0 (TID 13)] INFO  org.apache.spark.executor.Executor [] - Running task 8.0 in stage 2.0 (TID 13)
[task-result-getter-1] INFO  org.apache.spark.scheduler.TaskSetManager [] - Finished task 0.0 in stage 2.0 (TID 5) in 102 ms on 192.168.1.41 (executor driver) (1/13)
[Executor task launch worker for task 4.0 in stage 2.0 (TID 9)] INFO  org.apache.spark.executor.Executor [] - Finished task 4.0 in stage 2.0 (TID 9). 1508 bytes result sent to driver
[dispatcher-event-loop-5] INFO  org.apache.spark.scheduler.TaskSetManager [] - Starting task 9.0 in stage 2.0 (TID 14) (192.168.1.41, executor driver, partition 14, ANY, 9529 bytes) 
[Executor task launch worker for task 9.0 in stage 2.0 (TID 14)] INFO  org.apache.spark.executor.Executor [] - Running task 9.0 in stage 2.0 (TID 14)
[task-result-getter-2] INFO  org.apache.spark.scheduler.TaskSetManager [] - Finished task 4.0 in stage 2.0 (TID 9) in 113 ms on 192.168.1.41 (executor driver) (2/13)
[Executor task launch worker for task 5.0 in stage 2.0 (TID 10)] INFO  org.apache.spark.executor.Executor [] - Finished task 5.0 in stage 2.0 (TID 10). 1566 bytes result sent to driver
[dispatcher-event-loop-1] INFO  org.apache.spark.scheduler.TaskSetManager [] - Starting task 10.0 in stage 2.0 (TID 15) (192.168.1.41, executor driver, partition 15, ANY, 9529 bytes) 
[Executor task launch worker for task 10.0 in stage 2.0 (TID 15)] INFO  org.apache.spark.executor.Executor [] - Running task 10.0 in stage 2.0 (TID 15)
[Executor task launch worker for task 7.0 in stage 2.0 (TID 12)] INFO  org.apache.spark.executor.Executor [] - Finished task 7.0 in stage 2.0 (TID 12). 1566 bytes result sent to driver
[task-result-getter-3] INFO  org.apache.spark.scheduler.TaskSetManager [] - Finished task 5.0 in stage 2.0 (TID 10) in 126 ms on 192.168.1.41 (executor driver) (3/13)
[dispatcher-event-loop-0] INFO  org.apache.spark.scheduler.TaskSetManager [] - Starting task 11.0 in stage 2.0 (TID 16) (192.168.1.41, executor driver, partition 16, ANY, 9525 bytes) 
[task-result-getter-0] INFO  org.apache.spark.scheduler.TaskSetManager [] - Finished task 7.0 in stage 2.0 (TID 12) in 131 ms on 192.168.1.41 (executor driver) (4/13)
[Executor task launch worker for task 11.0 in stage 2.0 (TID 16)] INFO  org.apache.spark.executor.Executor [] - Running task 11.0 in stage 2.0 (TID 16)
[Executor task launch worker for task 2.0 in stage 2.0 (TID 7)] INFO  org.apache.spark.executor.Executor [] - Finished task 2.0 in stage 2.0 (TID 7). 1609 bytes result sent to driver
[dispatcher-event-loop-3] INFO  org.apache.spark.scheduler.TaskSetManager [] - Starting task 12.0 in stage 2.0 (TID 17) (192.168.1.41, executor driver, partition 17, ANY, 9529 bytes) 
[task-result-getter-1] INFO  org.apache.spark.scheduler.TaskSetManager [] - Finished task 2.0 in stage 2.0 (TID 7) in 146 ms on 192.168.1.41 (executor driver) (5/13)
[Executor task launch worker for task 3.0 in stage 2.0 (TID 8)] INFO  org.apache.spark.executor.Executor [] - Finished task 3.0 in stage 2.0 (TID 8). 1609 bytes result sent to driver
[Executor task launch worker for task 12.0 in stage 2.0 (TID 17)] INFO  org.apache.spark.executor.Executor [] - Running task 12.0 in stage 2.0 (TID 17)
[Executor task launch worker for task 1.0 in stage 2.0 (TID 6)] INFO  org.apache.spark.executor.Executor [] - Finished task 1.0 in stage 2.0 (TID 6). 1566 bytes result sent to driver
[task-result-getter-2] INFO  org.apache.spark.scheduler.TaskSetManager [] - Finished task 3.0 in stage 2.0 (TID 8) in 146 ms on 192.168.1.41 (executor driver) (6/13)
[task-result-getter-3] INFO  org.apache.spark.scheduler.TaskSetManager [] - Finished task 1.0 in stage 2.0 (TID 6) in 150 ms on 192.168.1.41 (executor driver) (7/13)
[Executor task launch worker for task 6.0 in stage 2.0 (TID 11)] INFO  org.apache.spark.executor.Executor [] - Finished task 6.0 in stage 2.0 (TID 11). 1566 bytes result sent to driver
[task-result-getter-0] INFO  org.apache.spark.scheduler.TaskSetManager [] - Finished task 6.0 in stage 2.0 (TID 11) in 169 ms on 192.168.1.41 (executor driver) (8/13)
[Executor task launch worker for task 8.0 in stage 2.0 (TID 13)] INFO  org.apache.spark.executor.Executor [] - Finished task 8.0 in stage 2.0 (TID 13). 1508 bytes result sent to driver
[task-result-getter-1] INFO  org.apache.spark.scheduler.TaskSetManager [] - Finished task 8.0 in stage 2.0 (TID 13) in 91 ms on 192.168.1.41 (executor driver) (9/13)
[Executor task launch worker for task 9.0 in stage 2.0 (TID 14)] INFO  org.apache.spark.executor.Executor [] - Finished task 9.0 in stage 2.0 (TID 14). 1566 bytes result sent to driver
[task-result-getter-2] INFO  org.apache.spark.scheduler.TaskSetManager [] - Finished task 9.0 in stage 2.0 (TID 14) in 85 ms on 192.168.1.41 (executor driver) (10/13)
[Executor task launch worker for task 10.0 in stage 2.0 (TID 15)] INFO  org.apache.spark.executor.Executor [] - Finished task 10.0 in stage 2.0 (TID 15). 1652 bytes result sent to driver
[task-result-getter-3] INFO  org.apache.spark.scheduler.TaskSetManager [] - Finished task 10.0 in stage 2.0 (TID 15) in 119 ms on 192.168.1.41 (executor driver) (11/13)
[Executor task launch worker for task 12.0 in stage 2.0 (TID 17)] INFO  org.apache.spark.executor.Executor [] - Finished task 12.0 in stage 2.0 (TID 17). 1652 bytes result sent to driver
[task-result-getter-0] INFO  org.apache.spark.scheduler.TaskSetManager [] - Finished task 12.0 in stage 2.0 (TID 17) in 123 ms on 192.168.1.41 (executor driver) (12/13)
[dispatcher-BlockManagerMaster] INFO  org.apache.spark.storage.BlockManagerInfo [] - Removed broadcast_0_piece0 on 192.168.1.41:38155 in memory (size: 12.8 KiB, free: 2.1 GiB)
[dispatcher-BlockManagerMaster] INFO  org.apache.spark.storage.BlockManagerInfo [] - Removed broadcast_1_piece0 on 192.168.1.41:38155 in memory (size: 12.9 KiB, free: 2.1 GiB)
[Executor task launch worker for task 11.0 in stage 2.0 (TID 16)] INFO  org.apache.spark.executor.Executor [] - Finished task 11.0 in stage 2.0 (TID 16). 1609 bytes result sent to driver
[task-result-getter-1] INFO  org.apache.spark.scheduler.TaskSetManager [] - Finished task 11.0 in stage 2.0 (TID 16) in 193 ms on 192.168.1.41 (executor driver) (13/13)
[task-result-getter-1] INFO  org.apache.spark.scheduler.TaskSchedulerImpl [] - Removed TaskSet 2.0, whose tasks have all completed, from pool 
[dag-scheduler-event-loop] INFO  org.apache.spark.scheduler.DAGScheduler [] - ResultStage 2 (show at DebugAction.java:23) finished in 0.344 s
[dag-scheduler-event-loop] INFO  org.apache.spark.scheduler.DAGScheduler [] - Job 2 is finished. Cancelling potential speculative or zombie tasks for this job
[dag-scheduler-event-loop] INFO  org.apache.spark.scheduler.TaskSchedulerImpl [] - Killing all running tasks in stage 2: Stage finished
[main] INFO  org.apache.spark.scheduler.DAGScheduler [] - Job 2 finished: show at DebugAction.java:23, took 0.350669 s
[main] INFO  org.apache.spark.sql.catalyst.expressions.codegen.CodeGenerator [] - Code generated in 9.187871 ms
[main] INFO  etl.model.transform.task.DebugAction [] - 
+------------------------------------+
|content_uuid                        |
+------------------------------------+
|97873203-6f04-43dd-85a2-aebaa9b8e243|
|75e4e12d-36f5-40ee-a716-d4bdb8d8a505|
|40fb1b73-2f1f-4ed2-8b2d-2cd2d042205d|
|98ecb489-03eb-4266-851d-0aa2b284dc59|
|a0136674-6158-4173-b306-ec8ef251a5ee|
|fb47e609-1160-499d-bd9e-2f0eaa6f7675|
|4260efa5-88f0-41d6-9c9e-58723f48e482|
|a03e7225-a4a7-4b21-b573-69ffd4c03fdb|
|71e82896-8d14-45c6-9127-17615a85c146|
|ebbff1a0-55fb-4500-9f27-d038ca476af2|
|181a86e1-2afc-454c-9fd6-56aa57bdf20f|
|769a1def-2b85-4dac-bd16-e7e885d32719|
|2c600b8d-12da-40e4-b5d6-561c9b6d46f5|
|fdcabf7a-5deb-413b-bd85-6ab0dc57a0b7|
|17d7f8d8-e881-4584-9e7b-87194b8e4247|
|b949beba-b5bc-4c14-91fc-fac0a31c94e8|
|ee1e3a51-9f05-4352-99dd-20855b45b376|
|c836f409-45bd-444f-9f4b-1332fb20647f|
+------------------------------------+


[main] INFO  etl.model.load.Load [] - Loading data
[main] WARN  com.datastax.spark.connector.util.DeprecatedConfigParameter [] - spark.cassandra.connection.timeout_ms is deprecated (DSE 6.0.0) and has been automatically replaced with parameter spark.cassandra.connection.timeoutMS. 
[main] WARN  com.datastax.spark.connector.util.DeprecatedConfigParameter [] - spark.cassandra.read.timeout_ms is deprecated (DSE 6.0.0) and has been automatically replaced with parameter spark.cassandra.read.timeoutMS. 
[main] WARN  com.datastax.spark.connector.util.DeprecatedConfigParameter [] - spark.cassandra.connection.local_dc is deprecated (DSE 6.0.0) and has been automatically replaced with parameter spark.cassandra.connection.localDC. 
[main] INFO  org.apache.spark.sql.execution.datasources.v2.V2ScanRelationPushDown [] - 
Pushing operators to content
Pushed Filters: 
Post-Scan Filters: isnotnull(content_specific_data#4),atleastnnonnulls(1, content_uuid#0, new_state#1, comments#2, content_priority#3, content_specific_data#4, content_type#5, created_date#6L, created_user_id#7, created_user_name#8, digital_content_list#9, expired_date#10L, is_deleted#11, published_by#12, published_date#13, state#14, state_change_note#15, time#16L, title#17, updated_date#18L, updated_user_id#19, updated_user_name#20, user_display_name#21),(instr(content_specific_data#4, usedFor) > 0)
         
[main] INFO  org.apache.spark.sql.execution.datasources.v2.V2ScanRelationPushDown [] - 
Output: content_uuid#0, new_state#1, comments#2, content_priority#3, content_specific_data#4, content_type#5, created_date#6L, created_user_id#7, created_user_name#8, digital_content_list#9, expired_date#10L, is_deleted#11, published_by#12, published_date#13, state#14, state_change_note#15, time#16L, title#17, updated_date#18L, updated_user_id#19, updated_user_name#20, user_display_name#21
         
[main] INFO  etl.provider.impl.YamlProvider [] - Updating job aiPromptQuoteInfoClearAiFields status FAILED
[main] INFO  etl.provider.impl.YamlProvider [] - Updated job aiPromptQuoteInfoClearAiFields status FAILED
[shutdown-hook-0] INFO  org.apache.spark.SparkContext [] - Invoking stop() from shutdown hook
[shutdown-hook-0] INFO  org.apache.spark.SparkContext [] - SparkContext is stopping with exitCode 0.
[shutdown-hook-0] INFO  org.sparkproject.jetty.server.AbstractConnector [] - Stopped Spark@7b66322e{HTTP/1.1, (http/1.1)}{0.0.0.0:4040}
[Serial shutdown hooks thread] INFO  com.datastax.spark.connector.cql.CassandraConnector [] - Disconnected from Cassandra cluster.
[shutdown-hook-0] INFO  org.apache.spark.ui.SparkUI [] - Stopped Spark web UI at http://192.168.1.41:4040
[Serial shutdown hooks thread] INFO  com.datastax.spark.connector.util.SerialShutdownHooks [] - Successfully executed shutdown hook: Clearing session cache for C* connector
[dispatcher-event-loop-7] INFO  org.apache.spark.MapOutputTrackerMasterEndpoint [] - MapOutputTrackerMasterEndpoint stopped!
[shutdown-hook-0] INFO  org.apache.spark.storage.memory.MemoryStore [] - MemoryStore cleared
[shutdown-hook-0] INFO  org.apache.spark.storage.BlockManager [] - BlockManager stopped
[shutdown-hook-0] INFO  org.apache.spark.storage.BlockManagerMaster [] - BlockManagerMaster stopped
[dispatcher-event-loop-2] INFO  org.apache.spark.scheduler.OutputCommitCoordinator$OutputCommitCoordinatorEndpoint [] - OutputCommitCoordinator stopped!
[shutdown-hook-0] INFO  org.apache.spark.SparkContext [] - Successfully stopped SparkContext
[shutdown-hook-0] INFO  org.apache.spark.util.ShutdownHookManager [] - Shutdown hook called
[shutdown-hook-0] INFO  org.apache.spark.util.ShutdownHookManager [] - Deleting directory /tmp/spark-d3407c1d-749c-4d97-b289-e3769102c647
